word,weight
-bye,1
-cides,1
-in-law,1
-ing,3
-ish,3
-ism,1
-isms,2
-ists,2
-six,2
-slo-vak-i-a,1
-ta,1
-two,1
a,193592
a-b,1
a-boogie,1
a-changing,1
a-f-bout,1
a-level,9
a-levels,3
a-munching,1
a-names,1
a-quiver,1
a-raving,1
a-side,1
a-tens,1
a-weighted,1
aa,2
aaaaaaah,1
aaaaaggghhh,1
aaaaagh,1
aaaah,3
aaaeeeyaaa,1
aaagh,7
aaargh,2
aagh,17
aah,86
aahh,1
aahs,3
aann,1
aar,1
aargh,170
aaron,122
ab,51
aba,1
ababa,1
aback,5
abacus,2
abalance,2
aban,1
abandon,30
abandoned,41
abandoning,4
abandonment,6
abandons,1
abasin,1
abate,1
abated,7
abatement,4
abating,3
abattoir,4
abattoirs,3
abba,7
abbel,4
abberton,1
abbey,122
abbeys,1
abbie,7
abbot,9
abbots,8
abbotsbury,3
abbotsonians,1
abbott,11
abbreviate,2
abbreviated,10
abbreviating,1
abbreviation,13
abbreviations,7
abbs,1
abby,8
abdabs,1
abdicate,3
abdicated,11
abdicating,2
abdication,7
abdomen,9
abdominal,3
abduct,3
abducted,5
abducting,3
abduction,10
abdul,10
abdullah,10
abe,2
abel,5
abercanny,1
aberdale,2
aberdeen,72
aberdonian,2
aberech,1
aberfan,2
abergavenny,2
aberrant,1
aberration,4
abers,2
aberystwyth,8
abet,1
abetted,1
abetting,2
abeyance,4
abhor,3
abhorred,4
abhorrent,5
abhors,1
abi,1
abide,13
abides,4
abideth,2
abiding,17
abigail,3
abilitating,1
abilities,55
ability,403
abing,1
abingdon,135
abington,7
abject,2
abjectness,1
abl,2
ablaze,4
able,3520
able-bodied,1
ablebodied,1
ablett,1
ably,2
abmaphd,1
abnegate,1
abnegation,2
abnormal,19
abnormalities,1
abnormality,3
abnormally,2
abo,14
aboard,35
abode,6
abolish,22
abolished,23
abolishes,1
abolishing,6
abolition,35
abominable,3
abominably,2
abomination,1
abora,2
aboriginal,3
aborigine,2
aborigines,18
abort,7
aborted,11
abortion,54
abortionist,1
abortions,20
abortive,5
aborts,1
abou,8
abound,1
abounded,1
abounding,1
about,35911
abouts,4
above,654
above-average,1
above-named,1
abracadabra,2
abraham,29
abrasive,5
abreast,9
abroad,200
abrogating,1
abrupt,18
abruptly,4
abs,12
absailing,2
abscess,6
abscesses,4
abscessing,1
abscissa,1
absconded,2
abseil,1
abseiling,1
absen,1
absence,104
absences,10
absent,43
absent-mindedly,1
absentee,3
absenteeism,6
absentees,1
absinity,1
abso,4
absol,5
absolut,3
absolute,324
absolutely,1901
absolutes,2
absolution,1
absolutive,1
absolved,2
absorb,40
absorbed,34
absorbent,5
absorber,1
absorbing,10
absorbs,5
absorption,7
abstain,9
abstained,4
abstaining,5
abstention,2
abstentions,7
abstinence,1
abstract,54
abstracted,1
abstraction,4
abstractions,12
abstracts,1
abstruse,1
absurd,21
absurdities,1
absurdity,2
absurdly,3
abu,7
abugally,3
abundance,15
abundant,15
abundantly,10
abuse,206
abused,82
abuser,5
abusers,9
abuses,6
abusing,20
abusive,19
abut,3
abutment,5
abutting,3
abysmal,11
abysmally,1
abyss,1
abz,1
ac,74
aca,1
acabus,1
acacia,4
academe,1
academic,86
academical,2
academically,9
academicals,1
academics,16
academies,2
academy,21
acas,6
acaster,1
acc,17
acce,4
accede,1
acceded,2
accelerate,14
accelerated,10
accelerates,6
accelerating,15
acceleration,114
accelerator,24
accelerators,5
accelerometer,1
accen,1
accent,202
accented,2
accents,64
accentuate,3
accentuated,2
accentuates,1
accentuation,1
accept,974
acceptab,1
acceptability,8
acceptable,236
acceptably,1
acceptance,67
accepted,427
accepting,94
acceptive,1
accepts,43
access,576
accessed,9
accesses,5
accessibilities,1
accessibility,13
accessible,38
accessibly,1
accessing,14
accession,1
accessories,10
accessory,4
acci,1
accid,1
accident,466
accidental,20
accidentally,29
accidentals,5
accidently,1
accidents,157
acclaim,5
acclaimed,5
acclimatisation,1
acclimatize,1
acclimatized,2
accolade,4
accolades,3
accommdation,1
accommodate,102
accommodated,37
accommodates,1
accommodating,10
accommodation,229
accommodations,2
accommodative,1
accommol,1
accomo,1
accompanied,18
accompanies,1
accompaniment,4
accompaniments,1
accompanist,2
accompany,15
accompanying,12
accomplice,3
accomplices,1
accomplish,6
accomplished,15
accomplishing,2
accomplishment,2
accomplishments,2
accord,15
accordance,4
accorded,4
according,21
accordingly,57
accordion,5
accordionist,1
accordions,2
accords,2
accost,3
accosted,3
accostic,1
accou,1
account,818
accountabilities,3
accountability,49
accountable,49
accountancy,32
accountant,93
accountants,54
accounted,35
accounting,113
accounts,339
accreditation,6
accredited,3
accredits,1
accrete,1
accrington,7
accrual,1
accrue,20
accrued,19
accrues,2
accruing,4
accu,1
accum,3
accumula,1
accumulate,20
accumulated,18
accumulating,8
accumulation,9
accumulative,4
accumulator,2
accuracy,35
accurate,162
accurately,60
accurist,1
accursed,1
accusation,10
accusations,18
accusatory,1
accuse,19
accused,116
accuser,1
accusers,1
accuses,5
accusing,19
accustomed,16
ace,69
aced,1
acerbic,1
acerous,2
aces,25
acetabulum,2
acetate,9
acetates,2
acetic,5
acetone,1
acetylcholin,1
acetylcholine,10
acetylene,1
ach,12
acha,1
achanical,2
ache,71
ached,2
aches,19
achey,1
achiev,1
achievable,36
achieve,407
achieved,251
achievement,101
achievement-oriented,1
achievements,44
achiever,1
achievers,3
achieves,12
achieving,82
achil,1
achilles,8
aching,21
achoo,4
acht,1
achy,5
acid,342
acid-free,1
acidic,4
acidification,1
acidity,3
acids,38
acidulous,1
acidy,4
ack,6
ack-ack,2
acker,2
ackers,1
ackland,2
ackman,2
acknowledge,73
acknowledged,47
acknowledgement,27
acknowledgements,1
acknowledges,14
acknowledging,15
ackroyd,1
acky,4
acne,15
aco,1
acom,1
acomb,2
aconite,3
acorn,5
acorns,4
acoustic,4
acoustical,4
acoustics,3
acoustiphonics,3
acquaint,3
acquaintance,9
acquaintances,6
acquainted,9
acquiescence,1
acquire,40
acquired,72
acquirement,1
acquires,3
acquiring,7
acquisition,30
acquisitions,29
acquit,1
acquittal,2
acquitted,8
acquitting,1
acr,1
acre,45
acreage,5
acreages,1
acres,59
acrimonious,4
acrington,3
acro,4
acrobat,3
acrobatic,4
acrobatics,2
acrobats,2
acronym,7
acronyms,1
acropolis,1
across,2101
acrylic,5
acrylics,2
acs,1
act,855
acta,1
acted,44
acti,2
actifed,3
acting,199
action,914
action-packed,1
actionable,1
actioned,2
actioning,1
actions,107
activ,2
activate,8
activated,31
activates,3
activating,1
activation,8
activator,1
active,251
actively,54
activi,1
activism,2
activist,27
activists,84
activities,306
activity,358
acto,1
acton,4
actor,62
actorish,1
actors,29
actress,16
actresses,8
acts,130
actu,9
actua,1
actual,1161
actualar,1
actuality,4
actualize,1
actually,12851
actuals,3
actuarial,20
actuaries,15
actuary,7
acumen,7
acute,35
acutely,10
ad,108
ad-hoc,9
ada,12
adage,3
adages,2
adam,159
adamant,17
adamantine,1
adamantly,2
adams,42
adap,1
adapt,36
adaptable,8
adaptation,20
adaptations,9
adapted,29
adapter,2
adapters,13
adapting,8
adaption,1
adaptions,1
adaptive,13
adaptor,8
adaptors,2
adat,1
add,1119
add-on,2
addams,33
adde,1
added,304
addenbrookes,6
addenbrooks,1
addenda,1
addendum,39
addendums,3
adder,3
adderbury,3
adders,5
addi,1
addict,10
addicted,22
addiction,10
addictions,1
addictive,14
addicts,13
adding,166
addington,4
addis,3
addison,25
addit,1
addition,90
additional,422
additionality,1
additionally,11
additionals,1
additions,42
additive,3
additives,12
addlestrop,2
address,716
addressed,145
addressee,1
addresses,77
addressing,78
addressings,1
adds,62
ade,2
adees,1
adel,1
adela,1
adelaide,2
adele,13
adeleine,1
adem,4
aden,7
adeno,1
adenoid,1
adenoidal,1
adenoids,4
adept,2
adequacy,4
adequal,1
adequaly,1
adequate,137
adequately,56
adhere,12
adhered,9
adherence,4
adherent,1
adherents,5
adheres,2
adhering,2
adhesion,4
adhesions,3
adhesive,2
adid,4
adidas,7
adie,2
adine,1
adit,1
adits,3
adj,1
adja,1
adjacent,64
adjective,11
adjectives,18
adjoined,2
adjoining,35
adjoins,3
adjou,1
adjourn,23
adjourned,37
adjourning,2
adjournment,7
adjudged,1
adjudicate,1
adjudicating,2
adjudication,5
adjudicator,3
adjudicators,1
adjunct,1
adjust,75
adjustability,1
adjustable,5
adjusted,33
adjuster,1
adjusters,1
adjustices,1
adjusting,14
adjustment,47
adjustments,28
adjusts,4
adjutant,1
adler,5
admi,2
admin,59
adminis,1
administer,27
administered,14
administering,8
administrating,1
administration,187
administrations,7
administrative,51
administratively,2
administrator,16
administrators,20
admir,1
admirable,12
admirably,7
admiral,14
admirals,3
admiralty,14
admiration,18
admire,36
admired,18
admirer,7
admires,4
admiring,9
admissibility,1
admissible,22
admission,52
admissions,43
admit,397
admits,29
admittance,1
admitted,117
admittedly,53
admitting,23
admixture,1
adnew,1
ado,16
adobe,2
adolescence,6
adolescent,7
adolescents,8
adolf,5
adopt,107
adoptant,1
adopte,1
adopted,183
adopting,23
adoption,37
adoptions,2
adoptive,6
adopts,1
adorable,5
adoration,3
adore,12
adored,2
adores,11
adoring,2
adorned,2
adrelion,1
adrenal,1
adrenalin,14
adrenaline,10
adrian,131
adriatic,3
adrift,9
adroitness,1
ads,29
adu,1
adult,158
adult-looking,1
adulter,1
adulterated,1
adulterer,1
adulteress,1
adulterous,1
adultery,11
adulthood,5
adults,199
adumbrated,1
adv,8
adva,3
advan,3
advanc,1
advance,485
advanced,95
advancement,7
advances,32
advancing,13
advantage,347
advantageous,13
advantageously,1
advantages,118
adve,2
advent,19
adventist,8
adventists,2
adventure,31
adventurer,1
adventures,3
adventuresome,1
adventuress,1
adventurism,2
adventurist,1
adventurous,19
adver,1
adverb,1
advers,1
adversarial,3
adversaries,3
adverse,47
adversely,19
adversiding,1
adversity,4
advert,154
adverti,2
advertis,1
advertise,88
advertised,107
advertisement,49
advertisements,25
advertiser,49
advertisers,33
advertises,4
advertising,436
advertized,2
advertizing,1
adverts,68
advervisement,1
advi,2
advice,665
advices,1
advisable,18
advise,193
advised,110
advisedly,4
adviser,30
advisers,30
advises,6
advising,31
advisor,46
advisors,34
advisory,80
advo,1
advocaat,3
advocacy,33
advocat,1
advocate,43
advocated,13
advocates,15
advocating,28
advocation,1
adwick,2
ady,1
ae,1
aegean,3
aegis,2
aeneid,3
aer,2
aerated,3
aerating,1
aerhart,2
aerial,74
aerials,6
aeriated,1
aeriel,1
aero,6
aerobic,10
aerobics,39
aerodrome,7
aerodromes,2
aerodynamic,2
aerodynamics,1
aerofoil,1
aeroplane,90
aeroplanes,19
aerosol,9
aerosols,3
aerospace,59
aesculus,1
aesop,2
aesthetic,10
aesthetically,1
aestheticism,1
aesthetics,1
aewa,3
af,41
afar,3
afew,2
aff,4
affability,1
affable,1
affair,92
affairs,139
affe,1
affect,408
affected,214
affecting,103
affection,47
affectionate,2
affections,1
affective,4
affects,108
affeed,2
afferty,1
affidavit,13
affidavits,5
affiliate,11
affiliated,13
affiliates,3
affiliating,3
affiliation,20
affiliations,4
affinity,1
affirm,15
affirmation,7
affirmations,1
affirmative,8
affirmatively,1
affirmed,2
affirming,5
affirms,1
afflict,2
afflicted,4
afflicting,1
affliction,3
afflicts,1
affluence,6
affluent,10
afflux,1
affo,1
afford,778
affordability,10
affordable,91
afforded,28
affording,3
affords,5
affray,2
affront,2
afghan,7
afghanistan,6
aficionado,1
afield,16
aflex,2
afloat,15
afoot,7
afore,33
aforementioned,3
aforethought,2
afra,1
afraid,608
afresh,11
afri,1
africa,266
africaan,1
african,83
africans,8
afrikaaner,6
afrikaanerdom,1
afrikaaners,4
afro,7
afro-american,1
afro-caribbean,1
aft,20
afte,1
after,7027
after-care,3
after-lunch,1
aftercare,1
afterlife,5
aftermath,5
afterno,2
afternoon,1539
afternoons,58
afters,7
aftershave,12
afterthought,1
aftertimes,3
afterward,6
afterwards,470
ag,25
aga,14
agai,7
again,8680
against,2668
agar,1
agas,3
agassi,1
agat,1
agatha,4
agaza,1
age,1304
age-well,3
age-wise,1
aged,86
ageing,11
ageism,2
ageist,4
agen,3
agencies,140
agency,256
agend,1
agenda,418
agendas,18
agendle,1
agendum,2
agent,194
agented,1
agents,176
ages,493
agg,1
aggater,2
aggie,1
aggravate,11
aggravated,13
aggravates,2
aggravating,6
aggravation,13
aggregate,18
aggregated,3
aggregates,2
aggregating,2
aggregation,1
aggression,43
aggressive,145
aggressively,5
aggressiveness,2
aggressor,5
aggressors,2
aggrieved,4
aggro,12
agh,1
aghast,3
agile,4
agility,12
agin,1
aging,11
agitated,12
agitates,1
agitating,6
agitation,3
agitations,1
agitator,2
agitators,2
agm,3
agms,1
agnes,17
agnetha,1
agnew,41
agnostic,1
ago,2687
agog,1
agonies,1
agonising,2
agonisings,1
agonist,1
agonists,2
agonized,2
agonizing,3
agony,30
agostinelli,2
agr,2
agrarian,21
agre,1
agree,1494
agreeable,12
agreeably,2
agreed,931
agreeing,62
agreement,438
agreements,100
agrees,57
agri,1
agri-econ,1
agricu,1
agricultural,328
agriculturalist,1
agriculturalists,3
agriculture,147
agricultures,1
agro-chemical,1
agro-chemicals,4
aground,2
aguwa,1
ah,7396
ah-h-h,3
ah-ing,2
aha,2454
ahab,1
ahah,3
ahead,494
ahem,7
ahh,23
ahhed,2
ahhh,52
ahhhh,7
ahing,1
ahm,7
ahmed,1
ahmet,1
ahs,4
ahzelgrove,1
ai,2291
aid,325
aida,8
aidan,2
aide,2
aide-memoire,3
aided,9
aiden,9
aider,10
aiders,1
aides,1
aiding,5
aidrie,1
aids,137
aids-h,1
aiken,1
ail,5
aileen,6
ailing,4
ailment,1
ailments,6
ailsworth,1
aily,1
aim,216
aiman,1
aimed,83
aimer,1
aiming,79
aimlessly,3
aims,82
ainsley,2
aint,2
aintree,10
air,907
air-conditioning,2
air-filtration,1
air-holes,1
air-packed,1
air-to-air,3
air-to-surface,2
air-warden,1
airbase,4
airborne,12
airbrush,1
airbus,7
airc,1
aircr,1
aircraft,242
aircrafters,1
aircrewmen,1
aircrews,1
airdrie,2
airdrionians,3
aire,1
aired,13
airedale,2
airer,2
airfield,41
airfields,5
airfighter,1
airfix,1
airflow,1
airforce,20
airframe,6
airfreight,5
airgun,1
airguns,2
airier,1
airily,1
airing,37
airings,1
airleys,1
airlift,2
airlifted,2
airline,54
airliner,1
airlines,39
airlock,1
airman,3
airmen,2
airplane,6
airplanes,1
airport,204
airports,18
airs,4
airships,1
airspace,1
airstream,1
airstrips,1
airtexed,1
airtight,1
airway,12
airways,47
airworthiness,1
airy,5
airy-fairy,5
aisa,6
aisle,51
aisles,4
aisling,2
aitch,9
aitchison,1
ajaiki,1
ajar,3
ajax,1
aju,1
aka,1
akabasharune,2
akai,1
ake,2
akela,2
akers,2
akhenaten,8
akin,8
akino,1
akohito,1
aksed,9
akubussi,1
al,204
ala,1
alabama,2
alabaster,2
alacio,2
aladdin,18
alaina,3
alamein,1
alamo,1
alan,492
alana,3
alanine,4
alarm,192
alarmed,10
alarming,19
alarmingly,2
alarmist,2
alarms,56
alas,12
alaska,8
alaskan,2
alastair,8
alaysi,2
alb,6
alba,1
alban,2
albania,3
albanians,2
albans,40
albanta,1
albany,4
albe,1
albeit,47
alberford,1
alberney,2
alberston,2
albert,136
alberta,4
albertine,3
albertville,1
albide,1
albie,1
albino,1
albion,26
albridge,2
album,96
albums,19
albusate,4
alca,1
alcan,4
alcester,4
alchemal,1
alchemical,1
alchemist,15
alchemy,3
alcock,2
alcoho,1
alcohol,149
alcohol-free,1
alcoholic,26
alcoholically,1
alcoholics,6
alcoholism,2
alcove,6
alcoves,2
alcuin,10
alcy,1
aldate,32
aldates,1
aldeburgh,4
alder,3
alderbury,1
alderman,12
aldermarston,2
alders,8
aldershot,48
alderton,3
aldi,1
aldo,1
aldos,2
aldrich,1
aldridge,3
aldringham,2
aldy,1
ale,28
alea,1
alec,91
aled,5
alert,41
alerted,12
alerter,1
alerters,1
alerting,8
alertness,2
ales,1
alex,266
alexander,59
alexandra,11
alexandria,6
alexandro,7
alexei,1
alexis,1
alf,33
alfa-romeos,1
alfie,27
alfiera,7
alfons,1
alfonso,2
alfred,13
alfreston,1
alfreton,13
alfy,1
alga,1
algae,4
algarve,1
algate,2
algebra,34
algebraic,7
algebraically,2
alger,1
algeria,4
algiers,2
algigator,1
algol,1
algorithm,6
algorithms,3
algy,1
alhambra,3
ali,16
alia,6
alias,3
aliases,2
alib,1
alibi,6
alibis,2
alice,98
alices,3
alicia,15
alie,1
alien,31
alienate,8
alienated,5
alienates,2
alienating,4
alienation,2
aliens,12
alight,21
align,3
aligned,7
alignment,7
aligns,1
alike,39
alimonies,1
alimony,8
aline,2
alis,1
alison,115
alistair,38
alistaire,19
alistare,10
alive,265
alkal,1
alkali,53
alkaline,9
alkalinity,5
alkalis,10
alkaloid,1
alkane,5
alkanes,1
alkoxy,1
alky,1
alkyl,1
all,40118
all-female,2
all-german,1
all-in,1
all-london,1
all-night,2
all-nighter,1
all-nighters,4
all-out,1
all-party,6
all-purpose,2
all-round,3
all-rounder,6
all-seater,1
all-time,1
all-weather,5
all-white,1
allah,2
allan,17
allanby,2
allard,2
allay,8
allayed,4
allaying,1
allazon,2
allazonia,3
allbright,3
alleg,1
allegation,6
allegations,34
allege,3
alleged,61
allegedly,25
alleges,7
allegiance,11
allegiances,1
alleging,6
allegorical,6
allegory,8
allegro,3
allen,66
allenby,54
allendale,2
allenia,2
allens,1
allenton,8
allentown,2
allergens,2
allergic,51
allergies,3
allergist,1
allergy,17
allerton,7
allett,2
alleviate,16
alleviated,6
alleviating,2
alleviation,2
alley,33
alleycat,3
alleyway,19
alleyways,2
alli,3
alliance,57
alliances,3
allie,2
allied,39
allies,27
alligator,6
alligators,6
allis,1
allison,9
alliteration,3
allitt,2
allo,7
alloa,3
alloc,1
alloca,2
allocate,45
allocated,151
allocating,26
allocation,206
allocations,82
allocators,1
allot,6
allotment,16
allotments,13
allotropes,1
allotted,7
allotting,2
allow,555
allowable,8
allowance,221
allowances,138
allowed,1090
allowing,113
allows,139
alloy,14
alloyed,1
alloys,4
allport,1
allright,1
allsort,2
allsorts,8
allude,1
alluded,11
alludes,1
alluding,2
allusion,2
allusive,1
alluvial,1
alluvium,2
ally,23
allying,1
allyson,2
alma,9
almahan,1
almenial,2
almighty,58
alminio,2
almo,3
almond,7
almonds,20
almondsbury,24
almost,1228
alms,5
alo,3
alocentric,5
alocentrics,3
aloft,1
aloha,1
alone,463
aloneness,1
along,2044
along-side,1
alongi,1
alongs,1
alongside,80
aloof,2
alopecia,4
aloud,16
alpalo,1
alpen,2
alpha,31
alphabet,26
alphabetic,3
alphabetical,13
alphabetically,4
alphabungarotoxin,1
alpina,2
alpine,5
alps,8
alr,5
alre,6
alrea,1
alread,5
already,2765
alri,8
alright,8029
alrighty,1
als,12
alsace-lorraine,1
alsatian,17
also,5771
alston,4
alsvcott,4
alt,36
altar,8
altenhow,2
alter,130
alteration,107
alterations,53
altered,117
alterial,1
altering,25
alternate,16
alternated,2
alternately,8
alternating,3
alternation,2
alternations,1
alternative,329
alternatively,31
alternatives,93
alternator,11
alters,11
altho,1
although,1662
altitude,6
altitudes,1
alto,16
altogether,326
alton,48
altrincham,6
altringham,2
altruism,26
altruist,2
altruistic,11
altruists,1
altum,1
alum,2
aluminium,68
aluminum,1
alun,1
alvar,1
alvario,1
alveolar,2
alveston,3
alvin,4
alvio,2
alvscott,2
alw,6
alwa,2
always,6198
alwight,5
alwin,4
alwyn,10
alyd,2
alzheimer,12
alzheimers,1
am,28829
am-ish,1
ama,1
amadeus,1
amal,1
amalgam,5
amalgama,1
amalgamate,5
amalgamated,25
amalgamating,5
amalgamation,37
amalgamation-friendly,1
amalgamations,8
aman,1
amana,1
amanda,103
amanuensing,2
amanuensis,5
amanuensists,1
amara,1
amaranian,1
amaryllis,2
amass,1
amassed,1
amassing,1
amateur,61
amateurish,3
amateurishly,1
amateurism,1
amateurs,27
amatory,1
amaz,2
amaze,7
amazed,115
amazement,6
amazes,16
amazing,314
amazingly,21
amaznig,3
amazon,11
amazonia,7
amazonian,1
ambarro,1
ambassador,16
ambassadorial,1
ambassadors,7
amber,35
amberola,1
amberry,1
ambers,2
amberston,1
ambesol,1
ambidextrous,5
ambience,3
ambient,1
ambiguities,2
ambiguity,18
ambiguous,20
ambition,28
ambitions,22
ambitious,33
ambivalence,16
ambivalent,7
ambleside,1
amblet,1
ambling,1
ambridge,3
ambrosia,2
ambrosio,1
ambulan,1
ambulance,128
ambulancemen,2
ambulances,17
ambulant,1
ambulatory,3
ambush,5
ambushed,1
amd,2
ame,4
amega,6
amelda,1
amelia,5
ameliorated,1
ameliorating,2
amen,94
amenable,6
amend,49
amended,84
amending,11
amendmen,1
amendment,531
amendments,127
amends,4
amenianarxia,1
amenities,10
amenity,18
amenity-wise,2
amer,3
amera,1
americ,2
america,554
american,586
american-backed,1
american-owned,1
americanified,1
americanism,1
americanisms,3
americanization,1
americanize,4
americanized,2
americans,137
americas,5
amerindian,8
amersham,1
ami,1
amiable,2
amicable,9
amicably,7
amid,5
amidst,7
amie,1
amiga,15
amigamanore,3
amiganamore,1
amigas,2
amin,3
amina,1
amington,2
amino,27
aminohistochemical,1
amipro,5
amir,1
amiss,10
amlow,1
amlwch,4
amm,1
amman,9
ammani,2
ammeter,4
ammi,1
ammo,2
ammoni,1
ammonia,17
ammonite,1
ammonium,10
ammu,1
ammunition,26
amn,1
amnesty,44
amnio,3
amniocentesis,5
amniotic,5
amo,2
among,269
amongst,317
amoral,2
amorality,1
amorites,1
amorous,3
amorphous,1
amortized,1
amos,6
amou,3
amount,1466
amounted,10
amounting,8
amounts,139
amoxil,1
amp,57
ampage,1
amper,1
ampersand,12
ampey,1
amphetamines,1
amphibian,1
amphibians,1
amphibious,1
amphitheatre,1
ampico,2
ample,24
ampleforth,1
amplification,2
amplified,4
amplifier,22
amplifiers,2
amplifies,1
amplify,8
amplifying,1
amplion,1
amplitude,1
amply,2
ampney,1
amport,1
amps,39
amputate,2
amputated,10
amputates,1
amputation,1
amputations,1
amputees,1
amsterdam,32
amstrad,43
amstrads,4
amuck,2
amul,1
amur,1
amus,1
amuse,13
amused,17
amusement,9
amusements,4
amusing,46
amusingly,3
amy,223
an,19860
ana,5
anabolic,1
anachronistic,2
anacreon,1
anadin,8
anae,1
anaeas,5
anaemia,4
anaemic,10
anaero,1
anaerobic,16
anaesth,1
anaesthesia,4
anaesthetic,28
anaesthetics,2
anaesthetist,10
anaesthetized,4
anagly,1
anaglypta,6
anagram,9
anagrams,1
anal,10
analeti,1
analgesic,1
anally,3
analogies,2
analogist,2
analogous,3
analogue,2
analogy,57
analy,1
analyist,1
analyse,31
analysed,5
analyser,3
analysers,1
analyses,13
analysing,12
analysis,267
analysists,2
analyst,18
analysts,22
analytic,10
analytical,13
analyze,53
analyzed,30
analyzer,1
analyzes,2
analyzing,29
ananias,1
anapril,2
anapurna,1
anarchic,1
anarchist,2
anarchy,10
anas,1
anasleen,2
anastasia,2
anasteen,1
anatalia,1
anathema,3
anatomical,3
anatomists,1
anatomy,5
ances,1
ancestor,9
ancestors,15
ancestral,5
ancestry,2
anchor,28
anchored,6
anchors,6
ancient,78
ancientness,1
ancients,1
ancillary,8
and,261572
and-so,4
andante,1
anderson,14
andia,1
andover,9
andovers,1
andr,1
andre,8
andrea,63
andrew,438
andrew-wa,6
andrews,26
andrex,4
andromonetius,1
ands,4
andy,383
anec,1
anecdotal,3
anecdote,3
anecdotes,5
anecdotic,1
aneis,1
anememas,1
anemone,4
aneurin,2
anew,3
anfield,4
ang,9
ange,75
angel,50
angela,172
angeles,13
angelic,2
angeline,2
angeliques,2
angelism,1
angell,3
angelo,4
angels,47
anger,49
anger-provoking,1
angered,9
angering,1
angers,1
angie,42
angina,9
angiogenesis,6
angiogenic,1
angiograms,1
angl,1
angle,292
angled,6
anglepoise,4
angles,81
anglesey,22
anglia,45
anglian,15
anglica,1
anglican,20
anglicized,1
anglicus,1
angling,5
anglo,11
anglo-american,3
anglo-catholic,1
anglo-italian,11
anglo-saxon,5
anglo-saxons,1
anglo-soviet,1
anglo-u,1
anglosaxon,1
angola,9
angoll,1
angora,3
angria,2
angrier,4
angriest,1
angrily,8
angry,145
angst,1
anguish,8
anguished,4
angular,5
angus,22
anhydrous,1
anim,1
animal,271
animals,416
animated,11
animatedly,1
animation,4
animosity,9
animus,2
anions,3
aniseed,3
anisogamy,3
anita,20
ankara,2
ankle,36
ankles,22
ann,545
anna,108
anna-lee,1
anna-marie,5
annabel,34
annabelle,2
annaleigh,1
annalise,6
annalistic,1
annals,1
annan,2
annandale,1
annas,1
anne,213
anne-marie,2
anneka,5
anneke,1
annersley,1
annes,5
annette,31
annex,7
annexation,1
annexe,9
annexed,1
anni,1
annick,2
annie,85
annihilation,2
annika,2
annis,1
anniversaries,13
anniversary,116
anno,1
annotated,1
annotations,1
announ,1
announce,49
announced,138
announcement,98
announcements,32
announcer,4
announcers,1
announces,1
announcing,25
annoy,47
annoyance,11
annoyances,1
annoyed,114
annoying,135
annoys,53
anns,1
annual,325
annualising,1
annually,37
annualt,1
annuation,1
annuities,8
annuity,27
annulled,1
annulment,1
annulus,2
annunciation,1
ano,24
anoint,2
anointed,5
anointing,11
anointment,1
anoints,1
anom,1
anomalies,9
anomalous,1
anomaly,7
anon,3
anona,2
anonimous,1
anonymity,9
anonymous,79
anonymously,7
anorak,14
anoraks,1
anorexia,19
anorexic,16
anorexics,3
anot,4
anoth,5
another,6639
anothers,2
anoxia,1
anoxic,1
ans,12
ansell,4
ansi,12
ansii,3
anson,1
anstey,2
answ,2
answer,1854
answerable,20
answere,1
answered,199
answering,101
answerphone,7
answers,357
ant,28
antabruk,3
antacid,1
antagonising,1
antagonism,9
antagonisms,3
antagonistic,5
antagonists,1
antagonize,5
antagonized,2
antarctic,6
antarctica,3
ante,14
ante-natal,2
anteater,2
antecedence,1
antecedent,2
antecedents,1
anted,1
antelope,3
antenatal,3
anth,7
anthea,9
anthem,52
anthems,22
anther,1
anthill,2
anthology,6
anthony,139
anthorpe,2
anthracite,1
anthropogenic,2
anthropological,5
anthropologist,6
anthropologists,5
anthropology,2
anthurium,1
anthy,18
anti,53
anti-aircraft,1
anti-american,2
anti-apartheid,9
anti-biotics,2
anti-chinese,1
anti-christ,1
anti-clericalism,2
anti-climax,2
anti-clockwise,8
anti-clotting,1
anti-competitive,2
anti-constitutional,1
anti-depressant,4
anti-depressants,5
anti-development,2
anti-diluvian,1
anti-drug,1
anti-einstein,1
anti-establishment,1
anti-europe,3
anti-fascists,2
anti-foam,1
anti-front,1
anti-german,1
anti-gipsy,4
anti-gothic,1
anti-government,1
anti-hair,1
anti-homophobic,1
anti-hostile,1
anti-hunt,2
anti-immigration,1
anti-inflammatory,1
anti-israeli,1
anti-japanese,1
anti-jewish,2
anti-liberalism,1
anti-lock,1
anti-log,1
anti-malaria,1
anti-nationalism,1
anti-nazi,1
anti-pollution,1
anti-poverty,2
anti-rabies,1
anti-racist,2
anti-revolution,1
anti-riot,2
anti-room,1
anti-semetic,1
anti-semitic,4
anti-semitism,9
anti-slavery,1
anti-smoking,2
anti-social,22
anti-splinter,1
anti-tabloid,1
anti-tank,7
anti-terrorist,5
anti-town,1
anti-toxin,2
anti-toxins,1
anti-trade,8
anti-traitor,1
anti-trust,4
anti-union,1
anti-vice,1
anti-vivisection,1
anti-women,1
anti-zionist,1
antibes,1
antibiotic,9
antibiotics,41
antibodies,20
antibody,12
antichrist,17
antichrists,1
anticipat,1
anticipate,54
anticipated,61
anticipates,4
anticipating,22
anticipation,19
anticlimax,1
anticlockwise,5
antics,6
antidepressant,2
antidepressants,3
antidisenstablishmentarialism,1
antidisestablishmentarianism,3
antidote,4
antifreeze,1
antigenic,2
antigua,2
antihistamine,1
antipathy,3
antiperspirant,1
antipology,1
antiquarian,3
antiquated,3
antique,57
antiques,40
antiquities,2
antiquity,1
antirrhinum,2
antise,1
antiseptic,7
antisocial,1
antithesis,2
antitoxin,4
antler,1
antlers,4
antoine,1
anton,9
antonio,6
antony,20
antrim,5
ants,14
anty,1
anus,2
anuses,1
anutrients,1
anva,1
anwick,2
anxieties,18
anxiety,122
anxious,114
anxiously,2
anxiousness,1
any,15947
anybo,2
anybod,2
anyboday,1
anybodies,2
anybody,2581
anybodys,1
anyes,1
anyho,1
anyhow,178
anymore,26
anyo,2
anyone,1219
anyroad,2
anyth,4
anythi,3
anything,6522
anytime,34
anyw,3
anywa,2
anyway,5221
anyways,5
anywhe,2
anywhere,821
anzakias,1
aorta,4
aortic,2
ap,18
apace,2
apache,3
apack,6
apacked,6
apar,2
apart,188
apartheid,24
apartheid-free,1
apartment,35
apartments,19
apath,1
apathetic,4
apathy,9
ape,6
ape-like,1
aperitif,2
apertate,1
apertures,2
apes,3
apeshit,2
apex,63
aph,1
aphorism,1
aphrodisiac,8
aphrodisiacal,2
apiamin,1
apiece,20
apistle,1
apistles,2
aplomb,3
apo,4
apocalypse,6
apocalyptic,1
apolitical,1
apollo,12
apologetic,7
apologi,1
apologies,102
apologise,65
apologised,4
apologises,1
apologising,4
apologize,99
apologized,12
apologizes,1
apologizing,16
apology,37
apos,1
apostle,47
apostles,33
apostolic,1
apostrophe,65
apostrophes,2
apothecary,5
app,7
appalachian,10
appalled,23
appalling,90
appallingly,4
appals,2
appar,4
apparatus,47
apparatuses,3
apparen,1
apparent,76
apparently,754
appeal,303
appealed,11
appealing,37
appeals,54
appear,321
appeara,1
appearance,88
appearances,16
appeared,169
appearing,61
appears,227
appease,1
appen,1
append,16
appendage,1
appended,3
appendices,19
appendicitis,2
appendix,160
appends,1
appertain,4
appertained,5
appertaining,7
appertains,3
appetite,17
appetites,5
appetizing,3
appl,2
applaud,18
applauded,6
applauding,1
applause,19
apple,224
appleby,3
apples,109
appletise,4
appleton,6
appley,1
appli,3
appliance,22
appliances,30
applicability,1
applicable,34
applican,1
applicant,18
applicants,28
applicat,1
application,613
applications,285
applied,229
applies,138
applobish,1
apply,478
applying,100
appoi,1
appoint,69
appointable,3
appointed,166
appointee,1
appointees,12
appointers,2
appointing,20
appointme,1
appointment,395
appointments,147
appoints,6
apportion,5
apportioned,2
apportioning,1
apportionment,5
apposed,1
apposite,4
appr,2
appraisal,108
appraisals,21
appraise,8
appraised,10
appraisee,3
appraiser,2
appraising,6
appre,1
apprec,2
appreciable,6
appreciably,1
appreciate,307
appreciated,58
appreciates,6
appreciating,4
appreciation,41
appreciative,7
apprehend,5
apprehended,4
apprehension,7
apprehensive,15
apprent,1
apprentice,73
apprenticed,5
apprentices,51
apprenticeship,44
apprenticeships,17
appro,7
approach,638
approached,123
approaches,71
approaching,92
appropria,1
appropriate,673
appropriately,28
appropriateness,4
approv,1
approval,176
approvals,27
approve,95
approved,274
approves,8
approving,12
approx,1
approximate,22
approximated,1
approximately,150
approximating,1
approximation,11
apr,1
apres-ski,1
apricot,20
apricots,3
april,461
aproditus,3
apron,38
aprons,5
apsey,1
apsley,4
apt,11
aptitude,4
aptly,1
apton,3
aq,1
aqaba,1
aqua,5
aquacade,1
aqualunging,1
aquaplaning,2
aquari,1
aquaria,1
aquarist,6
aquarium,5
aquariums,1
aquarius,8
aquatade,1
aquatic,7
aquatics,1
aquatint,1
aquavit,1
aqueduct,2
aqueducts,2
aqueous,3
aquifer,1
aquiline,3
aquino,4
ar,131
arab,24
arabia,29
arabian,8
arabians,1
arabic,6
arable,4
arabs,32
arachnophobia,4
arafat,3
arak,1
araldite,3
aramians,1
aramis,1
aramites,1
aran,9
aran-type,1
ararat,9
aravalley,2
arb,2
arbiter,1
arbiters,2
arbitr,1
arbitrarily,9
arbitrary,42
arbitrate,2
arbitration,3
arbitrator,2
arboretum,9
arborough,6
arbour,1
arbroath,6
arc,11
arcade,12
arcades,3
arcal,1
arcane,3
arch,60
arch-conservative,2
arch-introspective,1
archadian,1
archadians,1
archaeological,20
archaeologist,6
archaeologists,19
archaeology,30
archaic,6
archaisms,1
archbishop,28
archbishops,1
arched,4
archer,7
archers,2
arches,11
archetypal,1
archetypes,1
archetypical,1
archi,1
archie,11
archimedes,1
archipelago,2
architect,47
architecting,2
architects,43
architectural,16
architecturally,3
architecture,122
architectures,1
architrave,4
archival,1
archive,19
archived,5
archives,25
archiving,5
archivist,11
archivists,1
archlin,1
archol,1
archway,24
archways,3
arcs,2
arctic,7
ardent,2
ardently,1
ardilles,3
ardley,7
ardmore,2
arduous,6
are,92529
area,3697
areas,1475
aren,2
arena,38
arenas,2
areopagitica,1
ares,1
arf,20
arford,3
arg,2
argen,1
argentina,9
argentine,6
argentinean,1
argentinian,3
argh,5
arghh,2
arghhh,1
argins,1
argo,1
argon,1
argonauts,1
argons,1
argos,55
argosy,1
argu,2
arguable,6
arguably,17
argue,271
argued,119
arguello,1
argues,33
arguing,167
argument,562
argumentative,10
arguments,195
argus,2
argy,3
argy-bargies,1
argyle,9
argyll,9
argyllshire,2
ari,4
arid,2
ariel,4
aries,18
aright,3
arimathea,5
ariosto,1
arise,100
arised,1
arisen,28
arises,50
arising,133
aristide,1
aristocracy,5
aristocratic,3
aristocrats,2
ariston,2
arith,1
arithm,1
arithmetic,54
arithmetical,7
arithmetically,2
arizona,2
ark,20
arkansas,3
arken,1
arkensaw,3
arket,1
arkle,3
arkley,1
arkworth,1
arli,1
arlston,1
arm,377
arm-setter,1
armada,5
armageddon,7
armagh,15
armament,3
armaments,14
armand,1
armature,3
armband,4
armbands,10
armchair,12
armchairs,4
armed,170
armenia,8
armenian,8
armful,3
armies,17
arming,4
armistice,9
armitage,4
armless,1
armor,1
armour,24
armoured,10
armourer,1
armoury,8
armpit,4
armpits,9
armrest,1
arms,300
armstrong,14
armstrongs,1
army,479
arncott,5
arndale,4
arnie,6
arnold,36
aro,2
aroma,9
aromatherapy,14
arose,50
arou,2
arougeaye,1
around,3454
arousal,28
arouse,3
aroused,16
arouses,3
arpeggios,1
arquala,1
arr,4
arra,2
arran,14
arrange,177
arranged,150
arrangement,133
arrangements,256
arranger,2
arranges,1
arranging,45
arrans,1
arrant,1
array,14
arrear,2
arrears,80
arrest,58
arrested,100
arresting,9
arrests,12
arrinson,1
arrival,35
arrivals,8
arrive,151
arrived,248
arrivederci,3
arrives,30
arriving,65
arrogance,16
arrogant,22
arrogantly,2
arronale,1
arrondissement,1
arrorat,1
arrow,61
arrowhead,2
arrows,36
arrr,1
arse,172
arse-hole,1
arsed,9
arsehole,29
arseholed,1
arseholes,6
arsenal,60
arsenic,5
arses,4
arsewipe,1
arsey,1
arsier,1
arson,16
arsonist,2
arsonists,2
arsons,1
art,397
artcan,1
artefact,1
artefacts,1
arterial,1
arteries,36
arteriosclerosis,5
artery,27
artex,10
artexed,2
artexing,2
artfully,1
arth,3
arthie,1
arthri,1
arthritic,2
arthritis,55
arthur,282
arthuriad,1
arthy,1
arti,2
artic,3
article,305
articles,73
artics,1
articular,1
articulate,27
articulatecy,1
articulated,12
articulates,1
articulation,3
articulations,1
artifacts,1
artifice,1
artificer,2
artificial,86
artificiality,2
artificially,23
artillery,27
artisan,2
artisans,1
artist,101
artistic,28
artistically,1
artists,59
artois,1
arts,257
artwork,12
arty,1
arundel,2
as,28192
asa,4
asansiki,1
asbestos,5
ascend,3
ascendant,2
ascended,4
ascenders,1
ascending,1
ascends,1
ascension,12
ascent,5
ascer,1
ascertain,22
ascertained,6
ascertaining,3
ascertains,1
ascii,14
ascot,14
ascott,3
ascribe,1
ascribed,3
ascribes,1
asda,66
asdas,2
asdir,2
ase,2
asexual,2
asexually,1
asfa,3
ash,68
ashamed,61
ashbourne,2
ashburton,2
ashcroft,1
ashdon,2
ashdown,25
ashe,1
ashenhill,1
asher,2
ashes,12
ashet,3
ashfield,21
ashford,6
ashforth,1
ashington,25
ashleworth,2
ashley,69
ashlyn,1
ashmore,1
ashore,35
ashpoles,3
ashtead,1
ashton,11
ashtray,45
ashtrays,6
ashwall,2
asia,23
asian,63
asians,7
asiatic,1
aside,130
asides,4
asil,1
asinine,1
ask,4148
asked,2259
askett,3
askew,2
askews,1
askham,3
askians,1
asking,1164
asks,148
asleep,279
asley,1
aspe,1
aspect,250
aspects,305
aspel,4
aspell,1
asphalt,3
asphyxia,4
asphyxiated,1
aspic,1
aspidistra,1
aspiration,6
aspirational,1
aspirations,40
aspire,4
aspired,1
aspires,1
aspirin,32
aspiring,5
aspirins,3
aspley,3
aspro,1
ass,21
assa,2
assab,2
assad,1
assailants,1
assam,2
assan,1
assassin,2
assassinate,4
assassinated,5
assassinating,1
assassination,10
assassinations,1
assassinizing,1
assault,54
assaulted,30
assaulting,3
assaults,14
assay,1
asse,2
assem,1
assemb,1
assemble,11
assembled,19
assembler,1
assembles,1
assemblies,14
assembling,5
assembly,262
assent,5
assert,7
asserted,4
asserting,2
assertion,24
assertions,1
assertive,75
assertiveness,19
asserts,1
asses,2
assess,112
assessed,77
assessing,49
assessment,276
assessments,41
assessor,16
assessors,5
asset,57
assets,127
asshole,1
assholes,1
assid,1
assiduous,1
assiduously,2
assif,5
assign,15
assignation,1
assigned,22
assigning,1
assignment,154
assignments,57
assigns,2
assimilate,12
assimilated,9
assimilating,4
assimilation,5
assin,3
assis,2
assisi,1
assist,108
assistance,138
assistant,136
assistants,31
assisted,29
assisting,13
assists,6
assizes,3
asso,2
assoc,1
associa,1
associate,54
associated,221
associates,46
associating,2
association,404
associations,103
associative,1
assorted,4
assortment,4
assu,3
assum,1
assumably,1
assume,333
assumed,107
assumes,42
assuming,123
assump,1
assumption,105
assumptions,69
assumptive,2
assur,1
assurance,175
assurances,16
assure,113
assured,85
assures,8
assuring,1
assynt,1
asta,1
astaire,1
asterisk,8
asterisks,3
asterix,2
astern,2
asteroid,2
asteroids,1
asth,1
asthana,5
asthma,75
asthmat,1
asthmatic,8
asthmatics,7
asti,4
astills,1
aston,52
astonish,1
astonished,24
astonishing,41
astonishingly,8
astonishment,8
astor,4
astound,1
astounded,3
astounding,3
astounds,2
astra,18
astral,2
astray,13
astribut,1
astricles,2
astrid,2
astride,4
astro-turf,1
astrologer,1
astrologers,1
astrologists,1
astrology,4
astronauts,2
astronomer,5
astronomers,10
astronomic,1
astronomical,17
astronomically,1
astronomy,16
astroturf,1
astute,3
aswan,2
asylum,28
asylums,3
asymmetric,2
asymmetrical,6
asymmetry,1
asymptomatic,2
asymptomatically,1
asymptote,2
asymptotes,2
asymptotic,1
asyrian,1
at,42603
atamont,1
atari,6
ataris,1
atavan,1
atch,3
atchee,1
atchoo,5
ate,155
ath,1
atheist,2
atheists,1
athel,1
athema,1
athena,2
athens,19
atherston,2
atherstone,2
atherton,1
athesians,1
athey,2
athlete,10
athletes,10
athletic,57
athletically,1
athletico,1
athletics,6
athorpe,1
ation,1
ations,1
atkins,15
atkinson,16
atlanta,19
atlantic,44
atlantis,3
atlas,7
atlases,1
atmosphere,181
atmospheres,2
atmospheric,6
atmospherics,2
atom,33
atomic,21
atomistical,1
atoms,42
atone,1
atonement,7
atr,1
atrium,1
atrocious,13
atrocities,7
atrocity,2
atrophied,1
atropine,1
ats,2
att,4
attach,29
attache,6
attached,192
attaches,7
attaching,11
attachment,7
attachments,4
attack,365
attacked,70
attacker,5
attackers,1
attacking,62
attacks,106
attain,6
attainable,2
attainance,1
attained,8
attainers,2
attaining,2
attainment,18
attainments,2
attains,1
attavan,3
attempt,250
attempted,63
attempting,58
attempts,76
atten,3
attenborough,8
attenbrough,2
attenburg,1
attend,190
attendance,119
attendances,18
attendant,23
attendants,4
attende,1
attended,117
attendees,1
attender,2
attenders,1
attending,82
attends,12
attention,526
attentions,2
attentive,6
attentively,2
attenuated,1
attenuating,1
attest,1
attested,1
attesting,1
attic,30
attics,2
attila,1
attire,3
attitude,414
attitudes,113
attitudinal,3
attlee,2
attlington,1
attorney,10
attrac,1
attract,96
attracted,73
attracting,27
attraction,31
attractions,24
attractive,213
attractively,1
attractiveness,5
attractor,1
attractors,1
attracts,30
attranto,1
attributable,4
attribute,17
attributed,8
attributes,22
attributing,3
attribution,4
attrition,1
attuned,2
attwater,2
atween,1
atyp,1
atypical,2
au,16
au-vents,1
auberge,2
aubergine,4
aubergines,2
aubern,5
aubretia,1
aubrey,1
auburn,3
auc,1
auchen,1
auchenree,2
auchentipple,1
auck,1
auckland,8
auckley,4
auction,47
auctioned,1
auctioneer,2
auctioneers,1
auctioning,4
auctions,4
aud,2
audacious,2
audacity,11
audane,1
audbury,1
audessus,1
audi,13
audi-volkswagen,1
audible,6
audibly,1
audience,248
audiences,24
audienceship,1
audin,1
audio,68
audiovisual,1
audiponde,1
audis,1
audit,160
auditable,1
audited,41
auditing,40
audition,20
auditioning,4
auditor,95
auditoria,1
auditorial,1
auditorium,5
auditors,121
auditory,6
audits,16
audley,10
audrey,44
audyponch,1
auf,1
aug,5
auge,2
augers,2
aught,14
augment,5
augmented,18
august,314
auguste,1
augustine,4
augustinian,1
aun,2
aunt,112
auntie,99
aunties,4
aunts,16
aunty,212
auper,7
aura,8
aural,2
auro,1
aurora,1
aus,2
auspices,9
auspicious,2
aussie,5
aussies,4
aust,1
austell,1
austells,1
austen,10
austere,4
austerity,2
austin,23
austins,5
austra,1
austrailian,3
australasia,3
australia,202
australian,80
australians,11
austria,55
austrian,10
austrians,3
austro,1
austro-prussian,1
aut,2
autarchy,1
autee,4
auth,8
authentic,8
authenticate,1
authenticity,1
author,57
authored,2
authoress,2
authori,1
authoris,1
authorisation,19
authorisations,3
authorise,11
authorised,37
authorises,4
authorising,8
authoritarian,17
authoritarianism,3
authoritative,6
authorities,747
authority,1225
authority-based,1
authorization,15
authorizations,3
authorize,15
authorized,25
authorizes,1
authorizing,5
authors,26
autistic,2
auto,37
auto-antibodies,1
auto-canon,1
auto-immune,7
auto-off,1
auto-offs,4
auto-samplers,1
autobahns,1
autobiographical,1
autobiographies,2
autobiography,22
autobus,1
autocad,2
autocracy,1
autocratic,2
autocratically,1
autoexec,12
autograph,4
automate,1
automated,3
automatic,135
automatically,165
automatics,3
automation,3
automaton,1
automobiles,3
automotive,4
autonomous,5
autonomy,5
autopsy,1
autoroute,1
autoserve,1
autostradas,1
autovent,1
autumn,106
auxil,1
auxiliaries,4
auxiliary,8
av,4
ava,4
avail,14
availa,2
availabil,1
availabilities,1
availability,64
available,1078
avails,1
avalanche,4
avaline,1
avant-garde,3
avarag,4
avcs,3
ave,2
aveline,1
aven,1
avenger,3
avengers,2
avenue,116
avenues,20
aver,2
average,607
averaged,12
averagely,1
averages,16
averaging,12
averse,5
aversion,3
avert,2
averting,1
aviaries,2
aviary,2
aviation,11
avid,5
avidly,2
aviemore,1
avila,2
avionex,2
avionics,1
aviv,7
avo,3
avocado,9
avocados,4
avogadro,1
avoi,1
avoid,314
avoidable,2
avoidance,7
avoided,29
avoiding,38
avoids,5
avokea,2
avon,34
avonmouth,1
avovi,1
avowed,1
avriel,2
avril,7
avuncular,1
aw,22
awa,4
await,15
awaited,3
awaiting,23
awaits,2
awake,159
awaken,4
awakening,8
awar,1
award,155
awardance,1
awarded,49
awarding,8
awards,79
aware,888
awareness,88
awares,1
away,4866
aways,9
awe,3
awed,1
awesome,4
awestruck,2
awf,1
awfu,1
awful,931
awfully,102
awfulness,1
awhile,1
awkward,240
awkward-looking,1
awkward-shaped,1
awkwardly,2
awkwardness,2
awl,38
awning,1
awnings,1
awoke,4
axe,27
axed,4
axel,1
axes,19
axiom,2
axiomatic,3
axis,38
axle,7
axles,4
axminster,9
axminsters,1
axon,2
axons,2
axton,1
ay,149
ayatollah,5
ayatollahs,1
aycliffe,1
aye,4300
ayer,6
ayes,9
aylesbury,32
aylesbury-bound,1
aylesmore,1
ayleston,4
ayletts,5
ayloch,23
aylot,1
ayr,12
ayre,2
ayres,3
ayrshire,3
ayrton,1
aysh,1
aysha,3
azalea,7
azaleas,9
azerbaijan,2
azil,2
azimov,1
aziz,3
aztec,1
aztecs,2
b,3908
b-seventeen,7
b-sky-b,8
b-tec,1
b-tech,1
ba,241
baa,43
baaaaaa,1
baah,1
bab,4
bab-bab,1
baba,4
baba-ba,1
babana,1
babbies,2
babble,2
babbling,2
babby,5
babe,68
babel,1
babes,8
babies,198
babkins,2
baboon,2
baboons,3
baby,965
baby-faced,1
baby-gro,2
baby-sit,8
baby-sitter,7
baby-sitting,3
babycham,13
babyfood,1
babyfoods,1
babygro,3
babyish,1
babylon,3
babys,1
babysit,17
babysitter,3
babysitters,2
babysitting,31
babywipe,1
bac,2
bacardi,8
bacca,1
bacchus,6
baccy,4
bach,12
bachelor,7
bachelors,5
bachs,1
bacilli,2
back,15909
back-benchers,1
back-calculate,1
back-date,1
back-dated,1
back-dive,1
back-drop,1
back-handers,1
back-interest,1
back-pedal,1
back-slash,10
back-stage,1
back-street,1
back-to-back,3
back-to-nature,1
back-tracked,1
back-tracking,1
back-up,19
back-ups,1
backache,2
backaches,1
backbench,3
backbencher,2
backbenchers,5
backbone,13
backcloth,4
backcrosses,1
backdate,4
backdated,4
backdating,1
backdoor,3
backdrop,8
backdrops,2
backed,83
backer,4
backfire,4
backfired,7
backfiring,1
backgardens,1
background,402
backgrounds,19
backhanded,1
backhanders,1
backhouse,1
backing,98
backlash,16
backlog,23
backlogs,2
backroom,2
backs,83
backscratch,1
backseat,1
backsi,1
backside,37
backsides,9
backslash,20
backslide,1
backslidings,1
backspace,22
backstage,5
backstop,1
backstreet,3
backstroke,1
backtrack,3
backtracking,4
backup,53
backups,5
backward,33
backward-type,1
backwardness,3
backwards,211
backwater,1
backyard,8
bacon,178
bacons,1
bacteria,41
bacterial,8
bacteriological,1
bacteriologically,1
bacteriology,1
bacterium,5
bacup,6
bad,3091
bad-hats,1
badance,1
badd,1
baddel,1
badden,1
baddening,1
baddens,1
baddie,4
baddies,11
baddy,7
bade,1
baden,2
badenoch,1
badge,62
badger,18
badgered,1
badgering,4
badgers,3
badges,30
badgett,1
badl,1
badly,265
badminton,31
badness,1
badon,1
baffle,1
baffled,20
baffles,1
baffling,3
bafta,1
bag,1009
bagelle,1
bagfuls,1
baggage,10
baggages,1
bagged,8
bagger,1
baggers,1
bagging,4
baggings,1
baggis,1
baggy,27
baggyish,1
baghdad,36
bagpipes,5
bagpuss,1
bags,377
bagshall,1
baguettes,1
bah,5
baha,1
bahamas,7
bahia,2
bahrain,5
bail,44
bailed,4
bailer,1
bailey,39
baileys,10
bailiff,7
bailiffs,4
bailing,5
baily,2
bain,1
bainey,4
bair,1
bairds,1
bairn,11
bairns,15
bait,14
baited,1
baiting,6
baits,1
baize,5
bak,1
bake,36
baked,79
bakehouse,9
bakelite,2
baker,75
bakeries,7
bakers,35
bakery,42
bakes,3
bakewell,16
bakewells,1
baking,62
bal,3
bala,2
balaclava,4
balakrishnan,2
balan,1
balanc,1
balance,472
balanced,120
balances,41
balancing,37
balasinya,1
balconies,5
balcony,43
bald,67
bald-headed,1
balderdash,2
balderton,1
baldies,1
balding,2
baldness,8
baldock,2
baldrey,1
baldry,1
baldwin,6
baldy,9
bale,5
baled,1
baler,4
balers,5
bales,16
balfa,1
bali,1
baling,1
balk,1
balkan,4
balkans,1
balked,1
ball,949
ball-game,1
ball-park,2
ball-point,1
ballad,8
ballads,4
ballard,1
ballasarly,3
ballast,10
ballbag,1
ballbearings,2
ballcock,1
balled,1
baller,1
ballerina,7
ballesteros,1
ballet,45
ballinamore,1
balling,2
ballistic,11
balloo,3
balloon,45
ballooned,1
balloonists,2
balloons,45
ballot,65
balloted,5
balloting,3
ballots,3
ballpark,1
ballpoint,2
ballroom,17
balls,165
balls-up,1
balls-ups,1
ballwood,1
bally,13
ballykelly,1
ballymena,2
balm,4
balmoral,2
balmy,1
balnamenoch,1
baloch,1
baloney,2
baloo,5
balsa,1
balsas,1
balthasar,4
balthazar,1
baltic,14
baltimore,6
baluster,1
bam,18
bama,5
bamber,10
bambers,1
bambi,3
bamboo,7
bamboozle,2
bamburgh,1
bambury,3
bammy,1
bampton,5
ban,95
ban-the-bezier,1
bana,6
banal,3
banana,105
bananarama,1
bananas,91
banbridge,1
banbury,216
band,286
band-aid,2
band-wagon,2
banda,1
bandage,78
bandaged,12
bandages,21
bandaging,8
banded,7
bander,1
bandi,1
bandied,4
banding,7
bandit,4
banditry,1
bandits,5
bandolier,1
bands,83
bandsaw,2
bandstand,7
bandwagon,12
bandy,4
bandying,1
bane,3
banford,1
bang,240
banged,23
banger,16
bangers,7
banging,70
bangkok,6
bangladesh,16
bangladeshi,1
bangladeshis,2
bangle,6
bangles,1
bangor,34
bangs,9
bangshoot,1
bangy,1
banish,2
banished,4
banishing,1
banishment,1
banister,1
banisters,2
banjo,2
bank,930
banked,5
banker,58
bankers,15
bankhead,1
banking,69
bankment,2
banknotes,6
bankroll,1
bankrolled,1
bankrolling,1
bankrupt,31
bankruptcies,3
bankruptcy,7
banks,201
bankside,1
banksides,2
banned,65
banner,25
banners,18
banning,14
bannister,11
bannisters,3
bannocks,1
banns,9
banquet,27
banqueting,5
bans,5
banshees,1
banson,4
banston,1
bantams,3
banted,1
banw,3
baow,1
bap,3
baps,7
bapti,1
baptise,4
baptised,14
baptism,68
baptismal,4
baptist,19
baptiste,1
baptists,4
baptize,3
baptized,42
baptizing,2
bar,766
barabbas,3
barb,4
barba,1
barbadian-born,1
barbados,5
barbara,166
barbarian,1
barbarians,2
barbaric,10
barbarism,2
barbarous,1
barbecue,24
barbecues,1
barbecuing,1
barbed,16
barber,13
barbers,3
barbershop,1
barbican,11
barbie,14
barbiturates,3
barbon,3
barbra,4
barcelona,10
barcelonian,1
barclay,15
barclaycard,11
barclays,22
bard,5
barder,2
bardolatry,1
bardolotry,1
bardolph,1
bardwell,5
bare,76
bare-faced,1
bareala,1
bareback,1
bared,2
barefaced,1
barefeet,1
barefoot,2
barefooted,1
barely,35
barent,1
barest,1
barf,1
barford,3
bargain,78
bargained,1
bargaining,27
bargains,24
bargate,1
barge,21
barge-boarding,4
barge-boards,1
barged,3
barges,8
bargger,1
barging,1
bargy,2
bari,1
barisna,1
baritone,1
barium,4
bark,38
barked,8
barkening,1
barker,9
barkers,4
barkett,1
barking,39
barkingside,1
barks,6
barky,1
barlby,4
barlen,3
barley,39
barleythorpe,3
barlop,1
barlow,5
barm,13
barmaid,4
barman,7
barmen,2
barmow,1
barmy,9
barn,95
barnabas,1
barnaby,1
barnacles,2
barnado,1
barnados,1
barnard,2
barnardo,2
barnardos,10
barnes,28
barnet,12
barnetby,2
barney,24
barnham,2
barnitts,1
barns,11
barnside,1
barnsley,24
barnslow,1
barnstaple,1
barny,1
barometer,4
barometers,2
baron,10
baroness,12
baronet,2
baronetcy,1
barons,2
baroque,2
barqu,2
barr,1
barrabas,1
barrack,2
barracks,27
barraclough,2
barrage,8
barragh,1
barratt,4
barratts,1
barred,20
barrel,87
barrelage,6
barrell,1
barrelled,11
barrels,68
barren,6
barrenness,2
barret,1
barrett,2
barricade,2
barricades,3
barrier,61
barriers,61
barring,10
barris,1
barrister,22
barristers,3
barron,2
barrow,20
barrows,2
barrs,1
barry,169
barryman,1
barrymore,5
bars,146
barslow,1
bart,11
bartas,1
bartell,1
bartender,2
barter,5
bartered,1
bartering,2
barth,1
bartholomew,2
bartiamaus,3
bartimaeus,1
bartington,1
bartlett,1
bartley,3
bartman,1
bartolomeus,1
barton,52
barton-on-humber,1
bartons,1
barts,1
barway,1
barwell,3
bas,6
base,480
base-load,1
baseball,25
based,822
baseford,4
baseline,10
basement,48
bases,47
basey,2
basgarat,1
bash,59
bashed,21
basher,2
bashers,2
bashes,2
bashful,6
bashing,24
bashy,1
basi,1
basic,534
basical,1
basically,1389
basics,80
basil,11
basildon,10
basilica,1
basin,31
basing,14
basinger,4
basingfield,2
basingstoke,17
basins,7
basis,975
bask,1
basket,132
basketball,19
basketful,3
baskets,39
basque,3
basrah,1
bass,63
bassa,2
basset,1
bassett,9
bassetts,2
bassey,3
bassinets,1
bassinger,1
bassist,4
bassoon,3
bassoonist,3
bastard,202
bastardo,4
bastards,55
baste,4
basten,1
bastiano,1
bastille,1
bastinal,1
bastion,3
bastions,4
baston,5
bat,70
batch,37
batchelor,1
batchelors,6
batches,3
bate,3
bately,1
bateman,1
bates,10
bath,529
batham,1
bathe,1
bathed,11
bathes,1
bathing,38
bathr,1
bathroom,343
bathrooms,22
baths,80
bathtub,1
bathyclyn,1
batman,10
batol,2
baton,6
batons,2
bats,11
batsman,14
batsmen,6
batt,1
battalion,12
battalions,2
batted,1
batten,1
battenberkaburg,1
battened,1
batter,16
battered,27
batteries,191
battering,4
batters,2
battersea,16
battery,200
batting,10
battista,1
battle,180
battleaxe,4
battled,7
battledore,1
battledress,5
battlefield,3
battlefields,1
battleground,1
battlegrounds,1
battlement,1
battlements,2
battles,30
battleship,4
battleships,1
battlestar,2
battling,14
batty,8
battyman,1
baudelaire,1
baulked,1
baus,1
bauxite,1
bavaria,2
bavarian,2
bawdry,2
bawl,1
bawled,1
bawling,4
bawls,1
baxter,3
baxters,1
bay,109
baying,1
bayleaf,2
baynard,1
baynards,1
bayonet,4
bayonets,2
bays,6
baysford,10
bayswater,1
baytree,1
bayview,1
baywatch,3
bazaar,4
bazaars,2
bazookas,1
bbc,4
bbont,1
be,60265
be-dam,1
bea,3
beach,166
beached,1
beaches,16
beachfield,1
beachy,2
beacon,6
beacons,1
beaconsfield,2
bead,7
beaded,1
beader,1
beading,4
beadle,14
beads,35
beady,2
beafra,2
beager,2
beak,7
beaker,11
beakers,1
beaks,4
beaky,1
bealings,1
beam,45
beamed,2
beamer,8
beaming,10
beamish,3
beams,20
beamy,1
bean,48
beana,5
beanbag,3
beanbags,1
beano,5
beanpole,2
beans,175
beanstalk,3
beany,3
bear,538
bearable,3
beard,60
bearded,9
bearden,1
beards,10
beardsmoor,1
bearer,11
bearers,3
beareth,8
bearhug,2
bearing,362
bearings,119
bears,54
beartrix,1
beaser,1
beasley,2
beast,23
beasties,2
beastling,1
beastlings,5
beastly,4
beasts,20
beat,426
beaten,102
beater,5
beaters,3
beath,3
beating,69
beatings,4
beatles,23
beatmore,1
beatons,1
beatrice,10
beatrix,3
beats,65
beattie,2
beatty,3
beau,6
beaucoup,1
beaufort,2
beaujo,1
beaujolais,6
beaumann,5
beaumarais,1
beaumont,4
beaut,7
beauteous,1
beauti,1
beautician,2
beauties,5
beautif,1
beautiful,723
beautifulest,1
beautifully,64
beautify,3
beautings,1
beauty,178
beaver,5
beavers,1
beavis,4
beazley,3
bec,16
beca,16
became,462
becasue,1
becau,12
becaus,2
because,21151
becca,6
beccles,2
bech,1
becher,3
beck,14
beckenham,8
becker,2
beckett,11
becketts,2
beckford,2
becki,6
beckie,2
beckindale,3
beckingham,2
beckley,7
beckoned,1
beckonsfield,4
beckowing,1
becksley,1
beckton,1
becky,66
becky-boops,1
beco,5
become,1131
becomes,378
becoming,253
bed,1851
bed-and-breakfast,3
bed-chambers,1
bed-sacks,1
bed-set,1
bed-settee,1
bed-sit,2
bed-sits,1
bed-sitting,2
bed-time,1
bedale,4
bedbound,1
bedclothes,2
bedded,8
bedder,2
bedding,24
beddy,10
bede,5
bedevere,1
bedeviled,1
bedevilled,1
bedfield,2
bedford,33
bedfordshire,5
bedge,25
bedgey,1
bedgeys,1
bedhead,3
bedknobs,1
bedlam,6
bedlington,7
bedpan,2
bedr,1
bedridden,5
bedrock,4
bedroom,677
bedroomed,44
bedrooms,156
beds,179
bedside,9
bedsit,5
bedsitter,4
bedspread,3
bedstead,1
bedtime,24
bee,36
bee-bee-bee-bee-beep,1
beech,26
beecham,2
beechams,3
beecher,2
beechers,5
beeches,1
beechey,2
beeching,1
beeeee,1
beef,190
beefburger,8
beefburgers,6
beefeater,3
beefeaters,3
beefing,1
beefs,1
beefy,4
beehive,3
beeko,2
beeline,4
been,21592
beep,80
beep-beep-beep-beep-beep,1
beeper,2
beeping,2
beeps,3
beer,204
beers,18
bees,14
beesmarket,4
beeson,5
beest,1
beeston,16
beestons,1
beeswax,10
beet,21
beethov,1
beethoven,31
beeting,1
beetle,5
beetlejuice,9
beetlejuicee,1
beetles,2
beetroot,5
beety,1
beezer,20
bef,20
befall,2
befell,1
befind,1
befit,1
befits,2
befo,3
befor,1
before,7949
before-hand,2
beforehand,85
befriend,1
befriended,2
befuddled,1
beg,205
began,259
begans,1
beget,2
begets,1
beggar,13
beggars,9
begged,7
begger,4
begging,45
begi,1
begin,349
beginner,16
beginners,14
beginni,1
beginning,1027
beginnings,18
begins,109
begonias,5
begotten,4
begradged,1
begrudge,3
begrudged,1
begrudges,3
begrudgingly,2
begs,6
beguiled,2
beguiling,1
begun,55
beh,2
behalf,107
behalfs,1
behalves,1
behave,124
behaved,27
behaves,8
behaving,41
behavioral,1
behaviour,354
behavioural,17
behaviourally,1
behaviourism,8
behaviourist,3
behaviourography,1
behaviours,12
behead,1
beheaded,1
behest,2
behilosophy,1
behind,1448
behold,19
beholden,3
beholder,2
beholds,2
behove,3
behoved,1
behoves,6
bei,1
beige,19
beiges,1
beigey,3
beijing,3
being,6779
beings,118
beirut,16
bejam,1
bel,5
belabouring,1
belaggered,1
belated,2
belatedly,2
belch,3
belched,2
belcher,4
belching,1
beleaguered,1
belfast,84
belfry,4
belgian,18
belgians,3
belgium,53
belgrano,1
belgrave,1
belgraves,1
beli,3
beliaire,3
belie,1
belief,111
beliefs,34
believable,3
believe,2667
believed,181
believer,21
believers,8
believes,113
believeth,3
believing,49
believism,1
belighted,1
belinda,16
belittle,4
belittles,1
belize,3
bell,210
bell-ringer,4
bell-scotch,1
bella,9
bellac,1
belladonna,2
bellamy,8
bellany,2
belle,5
bellevue,4
bellicose,1
bellies,4
belligerent,2
belligerents,2
belling,1
bellingham,1
bellise,3
bellow,3
bellowed,1
bellowing,1
bellows,3
bells,94
bellvale,1
belly,45
belmont,7
belo,3
belong,181
belonged,59
belonging,46
belongings,10
belongs,92
beloved,6
below,440
belper,2
belsen,3
belt,190
beltane,6
belted,2
belter,2
belthook,2
belting,8
beltona,1
beltravers,1
belts,35
belvedere,6
belver,1
belvin,5
bembo,1
bemoaning,1
bemused,4
ben,343
benazir,9
benbolio,3
bench,130
bencher,2
benchers,8
benches,51
benchmark,2
benchmarked,1
bend,145
bended,2
bender,10
benders,1
bendigo,1
bending,26
bends,37
bendy,12
beneath,35
benedictine,1
benediction,1
benef,1
benefactor,1
benefactors,2
beneficial,61
beneficiaries,25
beneficiary,19
benefit,890
benefited,34
benefiting,17
benefits,508
benefitted,2
benefitting,5
benegal,1
benetton,9
benevolence,3
benevolent,10
benevolently,1
bengalis,1
bengi,1
benguiat,12
benidorm,3
benign,5
beningborough,1
benita,2
benj,4
benjamin,13
benji,12
benjies,1
benjy,37
benn,1
bennet,6
benneton,1
bennett,12
bennetton,2
bennettons,1
bennetts,2
bennies,1
benny,19
benoit,1
benolin,6
benson,18
bensons,5
bent,69
bentall,2
bentalls,1
benthalls,1
bentley,22
benton,1
bentwaters,1
benz,3
benzaminia,1
benzene,5
bequest,1
ber,12
berate,1
berated,4
berating,1
berazi,11
berberis,2
bereaved,7
bereavement,12
bereft,1
beresford,1
beret,9
berets,1
berg,1
bergahoff,1
bergen,5
berger,1
bergotte,5
bergson,6
beria,2
berinsfield,2
berk,7
berkeley,1
berkenhead,1
berkentex,1
berkhamstead,1
berkhamsted,1
berks,10
berkshire,42
berlei,3
berlick,2
berlin,45
berliner,2
berliners,4
berlow,2
bermondsey,3
bermuda,6
bern,8
bernadette,6
bernard,142
berne,3
bernhardt,3
bernhope,1
bernie,36
berno,1
bernstein,6
berries,23
berrison,1
berry,17
berryfields,1
berserk,23
bert,43
berth,4
bertha,16
berthing,1
berthold,3
berths,1
bertie,12
bertol,1
bertolt,1
bertram,1
bertrand,6
berty,11
beruncial,1
berwick,14
berwickshire,4
beryl,26
bes,16
beset,6
besi,1
beside,155
besides,76
besieged,2
beskett,5
besmirched,1
besotted,1
bess,9
bessacarr,3
bessie,5
bessle,1
best,2641
best-seller,1
best-selling,1
bestest,5
bestial,2
bestow,3
bestowed,5
bestway,1
bestwood,2
besty,1
bet,1163
beta,35
betaadrenergic,1
betacom,1
betamax,3
betas,1
beth,14
bethan,2
bethel,2
bethlehem,28
bethnal,6
bethsiedum,4
betide,3
betjeman,1
betnovate,11
betnovates,3
betrasey,1
betray,3
betrayal,11
betrayed,13
betraying,1
bets,16
betsy,4
betsy-coed,1
bett,3
bettaware,3
better,5262
bettered,1
betterment,4
betters,2
bettie,2
betting,34
betts,1
betty,126
betw,1
betwe,5
between,3533
betwixt,2
beugmot,1
beuve,2
bev,68
bevan,17
bevedere,1
bevel,1
beven,2
beverage,1
beverely,1
beveridge,7
beverley,30
beverly,4
bevies,1
bevven,1
bevvy,1
beware,28
bewildered,6
bewildering,3
bewilderingly,1
bewilderment,2
bewise,8
bewitched,3
bewitching,1
bewley,2
beworking,1
bexford,1
bexington,1
bexley,1
beyond,395
bezique,4
bhutto,9
bi,76
bi-annual,3
bi-centenary,1
bi-colour,1
bi-coloured,1
bi-dialectal,2
bi-focal,1
bi-focals,2
bi-lateral,1
bi-law,6
bi-laws,6
bi-medical,1
bi-monthly,1
bi-product,1
biado,1
biafran,1
biannual,2
bias,45
biasco,1
biased,41
biases,1
biasing,2
bib,46
bibbing,1
bibby,1
bible,195
bibles,8
biblical,16
biblically,1
bibliographies,1
bibliography,2
bibs,3
bibury,1
bic,6
bicarb,1
bicarbonate,15
biccies,1
biceps,1
bicester,115
bicker,2
bickering,4
bickie,2
bickies,1
bickley,1
bicknoller,1
bicksons,1
bicktons,9
bicycle,67
bicycles,30
bicycling,1
bid,420
bidder,22
bidders,6
bidding,54
biddistone,1
biddle,6
biddlecombe,2
biddock,3
biddolph,1
biddy,5
bide,1
bidet,6
biding,1
bids,65
bier,1
biff,2
biffa,8
biffen,1
biffy,1
bifida,2
bifocals,2
big,5706
big-headed,1
big-heads,1
big-uns,1
bigamy,3
bigerry,1
bigger,786
biggest,355
biggie,7
biggies,3
biggin,1
biggins,3
biggish,19
biggs,2
bigham,1
bighead,2
bigheaded,2
biglifs,1
bigoted,1
bigotry,7
bigots,3
bigwig,1
bigwigs,3
bike,377
bike-y,1
biker,3
bikers,3
bikes,80
biking,12
bikini,3
bikinis,1
bikkie,1
bikky,1
bil,2
bilateral,7
bilayer,9
bilayers,1
bilbany,1
bilbao,5
bilborough,6
bile,2
bilge,4
bilingual,19
bilinguals,1
bilious,1
bilities,1
bility,1
bilke,1
bilko,1
bill,1214
bill-board,1
billboard,3
billboards,6
billed,10
billet,1
billeted,5
billeting,4
billets,3
billi,1
billiard,6
billiards,8
billiere,1
billing,8
billingham,1
billington,1
billion,137
billionaire,1
billions,17
billowing,1
bills,202
billy,233
bilsthorpe,14
bilston,3
bilton,2
biltons,1
bim,1
bimbling,1
bimbo,6
bimbos,2
bin,220
binary,24
bind,39
binded,1
binder,72
binders,5
binding,25
bindings,1
binds,10
binfield,1
bing,14
binge,13
binges,1
bingham,23
binging,3
bingley,7
bingo,93
binliners,1
binned,3
binnenhoff,1
binning,1
binns,1
binoculars,12
binomial,1
bins,45
bio-chemist,1
bio-chemistry,7
bio-intermediate,2
bio-limiting,2
bio-plan,2
bio-unlimited,1
bio-unlimiting,2
biochemical,1
biochemically,2
biochemist,1
biochemistry,6
biodegradable,3
biogenical,1
biographer,1
biographers,2
biographical,11
biographies,1
biography,30
biolo,1
biologi,1
biological,71
biologically,14
biologies,1
biologist,10
biologists,15
biology,93
biomedical,1
bionic,2
biop,1
biophysics,1
bioprinting,1
biopsies,3
biopsy,17
biorontes,1
bios,2
bioscience,1
biotic,1
bip,1
bipolar,1
bir,2
birani,4
birch,5
birchanger,2
birchwood,7
bird,249
bird-table,1
bird-watcher,1
bird-watchers,2
bird-watching,1
birdie,12
birdies,6
birdmen,1
birds,280
birds-eye,1
birdwatchers,1
birkdale,1
birkenhead,8
birkwood,2
birmin,1
birmingham,358
biro,11
biros,3
birsay,6
birth,195
birthday,794
birthdays,32
birthplace,5
birthrate,5
birthrates,2
birthright,2
births,19
birtwhistle,3
birtwhistles,1
bis,7
biscay,1
biscuit,207
biscuits,296
bisect,1
bisected,1
bisecting,1
bisects,1
bishop,101
bishopgate,1
bishops,37
bishopsfield,1
bishopsgate,2
bismarck,1
bismarckian,1
bismark,1
bison,8
bisphosphate,1
biss,1
bisses,2
bisto,3
bistro,1
bit,5838
bit-width,1
bitch,141
bitches,9
bitchiness,4
bitching,9
bitchy,14
bite,129
biter,1
bites,29
bithesis,1
biting,30
bits,1161
bitsy,3
bitte,1
bitted,1
bitten,17
bitter,91
bitterest,1
bitterly,21
bitterness,11
bitters,1
bitties,1
bitting,1
bitty,7
bitumen,2
bity,1
biz,2
bizarre,26
bizet,1
bizz,1
bizzy-type,1
bj,2
bjorn,2
bl,14
bla,15
blaa,3
blabbed,1
blabbing,1
blaby,1
black,1689
black-backed,1
black-currant,1
black-headed,1
black-out,2
black-sheet,1
black-slash,1
black-un,1
blackball,1
blackberries,1
blackberry,6
blackbird,20
blackbirds,17
blackboard,13
blackboards,2
blackburn,81
blackbush,2
blackbushe,2
blackcurrant,36
blackcurrants,2
blacked,4
blacked-out,1
blacken,1
blackened,6
blacker,7
blackest,3
blackford,1
blackheads,2
blackheath,4
blackhole,2
blackie,14
blackies,2
blacking,1
blackleg,6
blacklegs,10
blacklist,7
blacklisted,2
blacklists,1
blackmail,19
blackmailed,2
blackmailing,1
blackman,3
blackmoor,1
blackmore,2
blackness,2
blackout,9
blackouts,4
blackpool,102
blacks,36
blackshots,1
blacksmith,44
blacksmiths,30
blackspots,1
blackstone,4
blackstones,2
blackthorn,3
blackwall,1
blackwater,3
blackwell,4
blackwells,1
blackwood,2
bladder,49
bladdered,2
blade,36
blades,36
bladon,2
blaenau,12
blagden,12
blagger,1
blagget,1
blaggets,1
blah,302
blah-de-blah-de-blah,1
blair,15
blairs,1
blake,15
blakely,1
blakes,1
blame,300
blamed,49
blameless,2
blames,15
blameworthy,5
blaming,42
blanc,1
blanca,1
blanch,3
blanche,5
blanched,1
blanchflower,15
blancmange,2
blanco,1
bland,6
blander,4
blandford,4
blandly,1
blandness,2
blands,1
blanes,2
blank,256
blanked,3
blanket,73
blankets,58
blanketweed,3
blankley,5
blankly,1
blanks,23
blar,1
blare,2
blarey,1
blaring,3
blase,1
blasgo,4
blashie,3
blaspheme,1
blasphemous,2
blasphemy,3
blast,79
blastbuster,1
blasted,30
blaster,2
blasting,16
blasts,5
blatant,17
blatantly,15
blathering,1
blavey,1
blaydon,7
blayton,2
blaze,12
blazed,1
blazer,16
blazes,3
blazing,12
ble,1
bleach,38
bleached,4
bleacher,1
bleaches,4
bleaching,6
bleagh,1
bleak,27
bleasby,1
bleasdale,6
bleating,2
bleatings,1
bleats,1
bleb,1
bled,4
bleed,21
bleeder,3
bleeders,2
bleeding,215
bleeds,5
bleep,17
bleeped,1
bleeper,5
bleeping,1
bleeps,1
blem,1
blemish,2
blend,17
blended,3
blender,5
blending,3
blends,4
blenheim,10
blenkinsop,10
blenning,1
bless,130
blessed,50
blesses,4
blessing,81
blessings,16
blest,1
bletchingdon,6
bletchingly,5
bletchley,1
bleugh,1
blew,77
blewberry,1
blewbury,1
bli,2
blick,3
blidworth,4
blight,3
blighted,3
blighter,3
blighters,1
blighty,2
blik,2
blimey,147
blimming,8
blin-stoyle,1
blind,327
blinded,21
blindfold,3
blindfolded,1
blinding,8
blindly,4
blindness,4
blinds,53
blink,13
blinked,4
blinkers,3
blinking,60
blinks,1
blinky,1
blip,14
blips,3
blisham,1
bliss,12
blisset,1
blissful,1
blister,2
blistered,1
blistering,5
blisters,7
blithering,1
blitz,13
blitzed,2
blitzkrieg,2
blizzard,1
blizzards,1
blo,10
bloated,12
blob,13
blobby,5
blobigurina,1
blobs,11
bloc,4
block,320
blockade,6
blockaded,4
blockades,1
blockading,1
blockage,13
blockbuster,2
blockbusters,2
blocked,111
blockers,1
blocking,44
blocks,130
blockwell,1
blodges,1
bloggins,1
bloggs,16
bloke,698
blokes,144
blon,1
blond,25
blonde,74
blonde-haired,1
blonder,2
blondes,1
blondie,2
blondies,1
blondish,1
blonk,2
bloo,2
blood,530
blood-red,1
blood-stained,1
blooded,7
bloodied,1
bloodiest,3
bloodless,2
bloodletting,1
bloods,1
bloodshed,5
bloodshot,2
bloodstain,1
bloodstained,1
bloodstream,12
bloodthirsty,1
bloody,3526
bloody-gether,1
bloom,35
bloomed,1
bloomer,1
bloomers,1
blooming,222
blooms,5
bloomsbury,2
blop,4
bloque,1
blossom,9
blossomed,2
blossoms,2
blot,6
blotches,5
blotter,7
blotters,1
blotting,3
blotto,2
blouse,26
blouses,12
blousey,1
bloverks,1
blow,346
blow-out,2
blow-up,1
blow-ups,1
blowed,11
blower,9
blowers,8
blowing,119
blowlamp,2
blown,108
blown-out,1
blows,44
blox,1
bloxford,2
bloxham,9
bloxwich,29
blu,6
blu-tac,1
blu-tack,5
blu-tak,2
blub,9
blubber,2
blubbering,1
bludgeoned,2
blue,1011
blue-black,2
blue-green,1
blue-tack,1
bluebell,6
bluebells,2
blueberry,1
bluebird,4
bluebottles,1
bluecoat,4
blueish,2
blueprint,3
blueprints,2
bluer,2
blues,76
bluesberry,1
bluestry,2
bluey,9
bluey-green,2
blueyer,1
bluff,12
bluffing,4
bluffs,1
blunder,1
blunderbuss,3
blunders,1
blunkett,2
blunt,21
blunted,1
bluntly,11
bluntness,2
blur,6
blurb,9
blurgh,13
blurred,9
blurring,1
blurry,3
blurt,1
blurted,1
blurting,1
blush,5
blushed,3
blusher,1
blushes,1
blushing,1
blustery,1
blythe,4
blyton,2
blytons,1
bm,1
bmw,1
bmws,1
bo,127
bo-bos,4
boa,1
boar,19
board,1059
boarded,14
boarders,2
boarding,33
boardman,1
boardroom,3
boards,122
boardwalk,3
boardy,1
boarman,1
boars,2
boast,13
boasted,3
boastful,3
boasting,9
boasts,6
boat,628
boat-load,1
boater,2
boating,6
boatloads,1
boatman,2
boatmen,19
boats,162
boaz,39
bob,484
bobbed,1
bobbie,4
bobbies,5
bobbin,6
bobbins,2
bobble,9
bobbles,2
bobblin,7
bobbling,1
bobbly,4
bobby,158
bobs,32
bobsleigh,5
bobsleigher,2
bobsleighing,1
bobsmill,1
bocals,1
boch,1
bock,2
bocock,4
bocodon,1
bocodonism,1
bod,8
bodacious,1
boddington,3
boddingtons,6
boddy,1
boddys,4
bode,1
bodge,6
bodge-up,1
bodged,3
bodger,2
bodging,4
bodice,7
bodices,1
bodicote,6
bodied,6
bodies,230
bodily,31
bodin,3
bodleian,1
bods,2
body,1125
body-snatchers,1
bodyguard,5
bodyguards,5
bodyweight,1
bodywork,10
boeing,2
boer,9
boffin,3
boffins,4
bog,22
bogarde,1
bogdaner,1
bogey,13
bogeyman,2
bogeys,5
bogged,16
boggin,2
boggins,1
boggle,1
boggled,1
boggles,6
boggling,5
boggy,4
bogie,11
bogies,7
bognor,6
bogs,10
bogus,15
bogying,2
bohemian,6
boil,103
boiled,97
boileds,1
boiler,118
boilermaker,4
boilermakers,7
boilers,23
boiling,109
boils,27
boing,20
boings,1
bois,1
boisterous,8
bokes,1
bol,3
bolas,1
bolcek,2
bold,58
bolder,17
boldly,5
boldness,1
boleyn,1
bolger,8
bolham,1
bolier,1
bolivia,2
bollard,7
bollards,13
bollo,1
bollock,8
bollock-less,1
bollocked,1
bollocking,9
bollockings,1
bollocks,146
bollocksed,5
bolly,2
bollyeld,1
bolognaise,10
bolognese,5
bolshevik,1
bolsheviks,2
bolshevism,2
bolshie,2
bolshiness,1
bolshoi,3
bolshy,1
bolster,11
bolstered,2
bolsters,2
bolt,50
bolt-on,1
bolted,28
bolterol,2
bolters,1
bolting,9
bolton,60
boltonian,1
boltonians,1
bolts,41
bolus,4
bom,141
bomb,199
bombard,3
bombarded,5
bombardier,6
bombarding,3
bombardment,11
bombardments,1
bombastic,2
bombay,16
bombed,32
bomber,15
bombers,23
bombing,48
bombings,8
bombproof,1
bombs,70
bombshells,1
bomby,2
bomp,2
bomped,1
bon,26
bonanza,4
bonaparte,4
bonbons,2
bonce,1
bond,70
bondage,11
bonded,10
bonding,9
bonds,33
bone,165
bone-graft,1
boned,4
boneless,2
bones,128
boneshakers,1
boney,1
boneyard,3
bonfire,50
bonfires,21
bong,9
bongo,9
boning,3
bonio,9
bonitta,1
bonjela,1
bonjella,4
bonjour,5
bonjourdino,1
bonk,8
bonked,1
bonkers,7
bonking,10
bonks,3
bonn,6
bonner,10
bonnet,41
bonnets,2
bonnie,36
bonny,38
bono,3
bonosa,1
bons,6
bonsai,6
bonsoir,2
bonus,172
bonus-wise,1
bonuses,65
bony,13
bonzo,2
boo,110
boo-boo-boo-boom,1
boob,6
boobs,24
booby,1
booby-trapped,1
booed,9
boof,5
boogey,4
boogie,16
boogieing,5
boogy,1
boogying,1
booing,2
boojoo,2
book,2410
book-keeping,2
book-on,1
book-rack,1
book-shop,1
bookable,1
bookbinder,2
bookbinding,1
bookcase,18
booked,204
booker,1
bookers,2
bookie,11
bookies,18
booking,98
bookings,59
bookkeeper,1
bookkeeping,4
booklet,119
booklets,55
bookline,1
bookmaker,3
bookmakers,3
bookmarks,1
books,901
bookshelf,4
bookshoe,1
bookshop,14
bookshops,5
bookstall,1
bookwork,1
boom,184
boomeranged,1
booming,12
boomlet,1
boomph,1
booms,2
boomsha,2
boon,9
boondatoon,1
boone,3
boooo,1
booooooooooo,1
boop,9
boos,7
boosh,4
boost,58
boosted,7
booster,4
boosters,1
boosting,3
boosts,3
boot,237
booted,3
booth,10
bootham,2
boothroyd,1
booths,2
boothstown,2
bootiful,2
bootlace,2
bootle,2
bootleg,8
bootlegging,10
booton,1
boots,279
bootsen,1
bootson,1
booty,3
booze,43
boozer,2
boozers,1
boozing,9
boozler,1
bop,22
boppers,1
bopping,1
boppy,1
bops,3
bor,4
borax,1
bordan,1
bordeaux,1
border,138
border-lines,1
bordered,1
bordering,4
borderline,6
borders,56
bordes,1
bordier,1
bordl,1
bore,53
bore-hole,3
bore-holes,2
bored,187
boredom,8
boreham,2
borehamwood,3
borehole,4
bores,4
borey,1
borford,1
borg,7
borgi,1
borgus,1
boring,400
boringest,1
boris,15
bork,1
borker,2
born,641
born-again,1
borne,42
borneo,1
boron,2
borough,173
boroughbridge,5
boroughs,15
borr,1
borrow,334
borrowed,101
borrower,3
borrowers,1
borrowing,83
borrowings,8
borrows,6
borry,1
borstal,4
borthalogically,1
bory,2
borz,1
bosch,5
boscoe,1
bosh,1
bosnia,51
bosnian,6
bosnich,13
boson,1
boss,265
bossed,3
bosses,60
bossing,4
bossy,16
bossy-boots,1
boston,29
bostons,4
bosuns,1
boswell,4
bosworth,1
bosworths,1
bot,16
bot-bot,1
botanical,1
botany,2
botch,1
botched,2
botching,1
bote,1
both,3109
botham,28
bother,723
bothered,545
bothering,48
bothers,25
bothies,2
bothy,4
botley,7
bots,2
botswana,11
bott,1
botterman,3
bottl,1
bottle,537
bottle-neck,3
bottled,33
bottleneck,7
bottlenecks,2
bottles,203
bottley,1
bottling,4
bottom,1558
bottom-up,1
bottoman,3
bottomed,7
bottoming,1
bottomley,16
bottomleys,1
bottomly,1
bottoms,56
botton,2
botty,3
bou,9
boudoir,1
bouffant,1
bough,7
bought,2015
bouillabaisse,1
boulder,2
boulders,2
boulevard,12
boulez,1
boulogne,7
bouloigne,3
boulter,3
bounce,49
bounced,26
bouncer,19
bouncers,1
bounces,7
bouncing,33
bouncy,8
bound,317
boundar,1
boundaries,174
boundary,230
bounded,5
bounders,1
bounding,4
boundless,2
bounds,19
boung,4
bounties,1
bountiful,2
bounty,10
bouquet,10
bouquets,4
bourbon,4
bourgeois,4
bourgeoisie,1
bourn,1
bourne,3
bournemouth,58
bourneville,1
bourns,1
boursin,2
bourton-on-the-water,1
bout,8
boutiques,1
bouton,1
bouts,2
bovey,2
bovine,1
bovingdon,2
bovington,1
bovril,9
bovrils,1
bow,82
bow-tie,3
bow-ties,1
bowater,8
bowed,3
bowel,16
bowels,21
bowen,7
bowes,7
bowgreen,1
bowie,3
bowing,2
bowl,217
bowl-room,1
bowled,27
bowler,28
bowlers,13
bowles,2
bowlful,3
bowlfuls,1
bowling,64
bowls,90
bowness,2
bows,20
bowsey,6
bowvale,1
box,1366
boxed,14
boxer,40
boxers,15
boxes,371
boxful,2
boxfuls,1
boxing,109
boxroom,2
boxwell,1
boy,1655
boycott,12
boycotting,4
boyd,5
boyd-carpenter,3
boyds,4
boyf,1
boyfriend,113
boyfriends,9
boyhood,1
boyish,2
boyle,2
boyne,2
boyo,1
boyos,2
boys,808
boysie,1
boystones,1
bozo,2
bozos,1
bozz,2
bppppprrrrrr,1
br,38
bra,37
brac,1
brace,18
braced,1
bracelet,45
bracelets,8
braces,22
bracing,1
brack,1
bracken,2
bracket,67
bracketed,5
bracketing,2
brackets,185
brackley,15
bracknell,20
bracksy,4
brackwell,1
brad,10
bradbury,8
braddock,2
bradford,85
bradgate,1
bradley,15
bradleyscope,2
bradmore,3
bradshaw,3
bradshaws,1
bradstone,1
bradstreet,1
bradwell,1
brady,4
brae,3
braemar,3
braer,1
brag,8
braga,1
bragg,1
braggart,1
bragging,5
brahms,1
braid,10
braided,1
braids,1
braigh,1
braille,12
brailled,3
brain,268
brain-storm,2
brain-storming,2
brainchild,5
brained,2
brainiest,2
braining,1
brains,65
brainstorm,7
brainstormers,1
brainstorming,6
braintree,1
brainwash,2
brainwashed,5
brainwashing,1
brainwave,3
brainwaves,1
brainy,17
braised,1
braising,4
brake,81
braked,4
brakes,69
braking,19
bramall,2
bramble,2
brambles,4
brambling,4
brambury,2
bramcote,1
bramford,3
bramham,1
bramley,8
bramleys,1
bramont,3
brampt,1
brampton,9
bramson,1
bran,12
branagan,7
branagh,1
branch,449
branched,8
branches,189
branching,10
branchship,1
brand,37
branded,7
brandeston,2
branding,1
brandish,1
brandished,1
brandishing,1
brandon,32
brands,22
brandt,2
brandy,55
brannigan,2
brans,1
branson,30
branston,4
branwell,19
branxton,1
brare,1
bras,4
brasenose,1
brasher,1
brass,94
brassed,4
brasses,4
brassiere,1
brassieres,1
brassman,1
brassnick,2
brasso,7
brassware,1
brassy,4
brat,4
bratislava,1
brats,1
brattleboro,1
braty,1
braughing,1
braun,1
bravado,2
bravance,1
brave,80
bravely,7
braver,5
bravery,5
bravest,3
bravo,5
braw,1
brawith,1
brawl,2
brawls,2
brawn,2
bray,4
braydon,1
brayed,2
brayles,3
brayman,2
brays,1
brayton,2
brazen,4
brazenall,1
brazenly,1
brazier,1
braziers,1
brazil,43
brazilia,1
brazilian,7
brazilians,1
brazils,1
brdubudubum,1
bre,7
brea,4
breach,79
breached,6
breaches,10
breaching,4
breacon,2
bread,628
bread-and-butter,1
breadcrumbs,8
breaded,2
breadfield,1
breadline,3
breads,2
breadth,16
breadwinner,11
breadwinners,1
bready,1
break,1045
break-in,3
break-ins,12
break-through,1
break-time,1
breakable,1
breakage,6
breakages,3
breakaway,5
breakaways,1
breakdown,87
breakdowns,5
breaker,10
breakers,11
breakfast,390
breakfasts,5
breakheart,1
breaking,236
breaking-in,1
breakout,1
breaks,139
breakthrough,19
breakthroughs,1
breakup,1
breakwater,6
breakwaters,3
bream,1
breast,100
breasted,4
breasts,21
breaststroke,1
breath,158
breathalyse,1
breathalysed,3
breathalyser,1
breathalysers,1
breathalysing,1
breathe,69
breathed,5
breather,11
breathes,4
breathing,119
breathless,5
breaths,16
breathtaking,3
brechin,1
brecht,1
breckfield,3
breckin,2
breckland,9
breckon,1
brecon,3
brecons,1
bred,31
breech,5
breeches,2
breed,54
breeder,2
breeders,7
breeding,39
breeds,15
breeze,20
breezed,3
breezes,2
breezy,4
brekanil,2
breken,2
brekkypoos,1
bremen,3
bremner,3
bremness,1
bren,16
brend,1
brenda,132
brendan,10
brent,3
brentcross,2
brentford,6
brentham,1
brentwood,10
brescia,14
brest,3
bret,1
bretchill,1
bretford,1
bretfords,2
brethren,2
brett,37
brettan,2
brettsy,1
breville,1
brevity,7
brew,34
brewed,3
brewer,4
breweries,10
brewers,17
brewery,55
brewing,14
brews,6
bri,25
brian,515
brian-type,2
brians,1
briar,1
briars,1
bribe,9
bribed,4
bribery,7
bribes,3
bribing,4
bric-a-brac,2
brick,145
brick-b,1
brick-bint,1
brick-built,2
brick-layer,2
bricked,11
brickhill,4
brickie,3
bricking,2
bricklayer,4
bricklaying,2
bricks,154
brickwall,3
brickwork,25
brickworks,1
briconil,1
brid,3
bridal,20
bride,29
bride-to-be,1
bridegroo,1
bridegroom,1
brides,14
brideshead,2
bridesmaid,20
bridesmaids,10
bridge,400
bridged,4
bridgeford,2
bridgemere,2
bridgenorse,1
bridgenorth,14
bridges,61
bridget,13
bridgett,2
bridgewater,1
bridgford,7
bridging,6
bridgit,3
bridie,1
bridle,9
bridles,2
bridleway,2
bridleways,8
bridley,1
bridlington,13
brie,5
brief,302
briefcase,23
briefcases,1
briefed,30
briefer,2
briefing,111
briefings,10
briefly,275
briefs,4
brielly,1
brierley,2
briers,1
brig,4
brigade,110
brigades,7
brigadier,22
brigg,1
briggs,21
bright,259
brighten,10
brightened,1
brightening,5
brighter,40
brightest,12
brightly,8
brightman,1
brightness,10
brighton,169
brighton-hove,1
brightons,1
brigitte,1
brigs,1
brill,13
brillian,1
brilliant,756
brilliantly,30
brillo,3
brim,4
brimming,2
brims,1
brimsea,1
brimstone,4
brin,1
brine,3
bring,2246
bringer,1
bringing,472
brings,256
brink,9
brinkley,17
brinkmanship,1
brinley,2
briony,1
briot,1
briquettes,11
brisk,7
brisker,1
brisket,4
briskly,2
brislington,1
bristle,2
bristles,6
bristling,1
bristly,1
bristol,116
bristolian,1
bristow,4
brit,4
britain,800
britains,1
britannia,18
britannic,1
britches,1
briti,1
british,1461
british-brazilian,1
britisher,1
briton,5
britons,15
brits,5
brittain,1
brittan,1
brittanica,1
brittannia,1
brittany,15
brittas,2
britten,4
brittle,16
brittleness,1
britton,1
britvic,1
brixham,2
brixton,31
brize,9
bro,18
broa,1
broach,7
broached,1
broaching,1
broad,201
broad-based,1
broad-minded,1
broad-sheet,2
broadcast,32
broadcaster,4
broadcasters,7
broadcasting,26
broadcasts,8
broadegg,1
broaden,10
broadened,5
broadening,4
broader,51
broadest,3
broadfield,3
broadham,1
broadhurst,1
broadloom,1
broadly,65
broadmarsh,9
broadmoor,11
broads,2
broadsheet,12
broadsheets,4
broadstone,13
broadway,18
broccoli,29
brochure,177
brochures,80
brock,5
brocked,1
brocklebury,1
brocklehurst,6
brocklesby,2
brockly,1
brockway,2
brody,7
brogue,2
broguey,1
broiler,1
broke,372
broked,2
broken,430
brokenhearted,1
broker,18
brokerage,1
brokers,15
broking,2
brollies,1
brolly,9
brom,23
bromate,3
bromfield,1
bromide,3
bromides,1
bromine,7
bromley,46
brompton,4
bromsground,1
bromsgrove,4
bromswell,2
bromwich,20
bronchi,2
bronchial,2
bronchitis,14
bronoslaw,1
bronson,1
bronte,21
brontes,1
brontosaurus,1
bronwen,1
bronwyn,1
bronze,27
brooch,25
brooches,2
brood,1
brooding,3
broody,2
brook,49
brooke,8
brooked,1
brooker,1
brookes,4
brookfield,1
brookie,1
brookmans,1
brooks,11
brookside,7
brookstick,1
broom,30
broomfield,2
broomfleet,1
brooms,2
broomsticks,3
broomwade,1
brortigan,1
bros,2
brosman,1
broth,4
brothel,11
brothels,6
brother,762
brother-in-law,19
brother-in-laws,1
brotherhood,3
brotherly,2
brothers,303
brotherton,1
brou,1
broughs,1
brought,1483
broughton,16
brouhaha,1
broulands,1
broule,2
brouster,1
brow,14
browbeat,1
browbeaten,1
brown,439
browndown,1
browned,5
browner,2
browney,2
brownhills,1
brownie,17
brownies,25
brownills,1
browning,9
brownings,1
brownish,5
brownley,1
browns,9
brownstein,2
browny,5
brows,1
browse,11
browsing,4
browsley,1
broxstowe,1
brr,11
brring,4
brrp,1
brrr,8
brrrm,2
brrrr,3
brrrrrrr,1
brrrrrrrrrr,1
brrubububub,1
bru,4
bruback,1
brubaker,3
bruce,110
bruern,1
bruerne,1
brufen,2
bruges,6
bruguier,3
brugus,1
bruin-ridges,1
bruise,14
bruised,17
bruiser,2
bruises,11
bruising,8
brum,4
brummie,9
brummies,1
brumrose,1
brun,1
brunch,3
brunches,1
brundish,2
brunel,2
brunette,1
brung,5
brunhead,2
bruno,11
brunt,6
brunwick,1
brurgh,16
brurghhh,1
brusdeximit,1
brush,203
brushed,30
brushes,22
brushing,21
brushwood,2
brussel,10
brussels,111
brut,1
bruta,1
brutal,12
brutality,7
brutally,4
brute,10
brutes,1
brutish,1
bruv,2
bry,3
bryan,12
bryant,13
bryce,1
brydie,1
brylcreem,6
bryn,10
bryner,3
brynner,1
bryony,148
bryson,1
bs,31
bsi,1
bt,2
bu,204
bub,8
bubber,4
bubbl,1
bubble,62
bubble-gum,1
bubble-jet,2
bubbled,2
bubbles,61
bubbling,13
bubbly,15
bubbs,1
bubby,6
bubonic,1
bububububub,1
bubye,21
buchanan,8
bucharest,2
buck,38
buckby,1
bucked,2
buckerown,3
bucket,151
bucket-shaped,1
bucketful,3
buckets,45
bucketshop,2
buckeye,4
buckeyes,1
buckfastely,1
buckfastleigh,1
buckinary,1
bucking,3
buckingham,43
buckinghamshire,41
buckland,4
buckle,6
buckled,1
buckles,1
buckley,22
buckling,2
bucks,32
buckshee,1
bucky,1
bud,33
budapest,2
budd,1
buddha,10
buddhism,2
buddhist,4
buddhists,2
buddies,3
budding,4
buddleia,2
buddy,11
buddy-buddy,1
budge,10
budged,1
budgen,2
budgens,12
budget,1158
budgetary,19
budgeted,27
budgetholder,1
budgetholders,1
budgeting,24
budgets,130
budgie,21
budgies,8
budging,2
budgy,1
buds,22
budweiser,4
buff,10
buffalo,8
buffed,3
buffer,14
buffers,8
buffet,27
buffets,3
buffing,4
buffon,1
buffoons,1
buffs,2
bug,46
bugatti,1
bugbear,1
bugged,8
bugger,273
buggeration,1
buggered,36
buggering,4
buggers,64
buggery,6
buggies,3
bugging,9
bugginses,1
buggy,76
bugler,7
bugles,2
bugs,34
bugsy,4
bui,4
buil,7
build,682
build-up,9
builder,60
builders,109
buildi,1
buildin,1
building,1467
buildings,229
builds,51
buildup,11
built,858
built-in,9
built-up,23
bul,2
bulawayo,1
bulb,71
bulbs,60
bulcan,1
bule,1
bulgaria,21
bulgarian,3
bulge,18
bulger,9
bulges,3
bulging,10
bulgy,2
bulimia,15
bulimic,9
bulimics,2
bulk,96
bulker,2
bulkhead,2
bulkier,1
bulky,5
bull,104
bull-shit,1
bulldock,1
bulldog,7
bulldogs,1
bulldoze,2
bulldozed,6
bulldozer,4
bulldozered,1
bulldozers,13
bulldozing,2
buller,3
bullet,46
bulletin,19
bulletins,6
bulletproof,4
bullets,27
bullett,24
bullfrogs,2
bullhorn,1
bullied,22
bullies,11
bulling,1
bullion,3
bullish,5
bullitt,14
bullmaster,2
bullock,7
bullocks,27
bulls,11
bullshit,21
bullshitter,1
bully,28
bullying,41
bulrushes,1
bulwarks,2
bulwell,10
bum,175
bumble,6
bumblebee,7
bumbling,3
bumf,15
bumhead,1
bummer,5
bummers,1
bumming,1
bump,75
bumped,34
bumper,34
bumpers,3
bumph,8
bumping,9
bumpkin,1
bumps,20
bumptious,1
bumpy,9
bums,18
bun,51
bunch,85
bunched,2
bunches,15
bundes,1
bundesbank,3
bundi,1
bundle,91
bundled,6
bundles,11
bundling,2
bung,48
bungalow,177
bungalows,40
bungay,23
bungdidin,2
bunged,13
bunger,1
bunging,7
bungle,6
bungled,1
bungs,2
bungy,1
bunjee,1
bunjy,1
bunk,21
bunked,5
bunker,24
bunkers,9
bunking,4
bunks,4
bunkum,3
bunnie,2
bunnies,2
bunny,52
bunnymen,1
buns,77
bunsen,7
bunter,2
bunters,2
buoy,3
buoyancy,5
buoyant,8
buoyed,2
buoys,6
bup,1
bupa,32
bur,11
burberry,1
burbidge,1
burbridge,4
burchells,2
burcher,4
burcott,1
burden,111
burdened,1
burdening,1
burdens,13
burdensome,2
bureau,42
bureaucracies,1
bureaucracy,46
bureaucrat,1
bureaucratic,24
bureaucrats,7
bureaus,3
bureaux,5
burford,11
burg,1
burgage,3
burge,2
burgeoning,6
burger,21
burgers,24
burgh,2
burghers,1
burghley,1
burglar,44
burglaries,26
burglars,19
burglary,26
burgle,2
burgled,16
burgling,2
burgundian,1
burgundians,1
burgundy,9
burial,6
burials,1
burians,1
buried,78
burk,5
burke,2
burkina,1
burks,1
burleigh,1
burlesques,1
burlington,9
burlison,2
burly,2
burma,6
burmese,2
burmingford,1
burmps,3
burn,159
burnaston,1
burnden,1
burne,1
burned,42
burner,16
burners,1
burness,1
burnett,1
burnham,2
burnhams,1
burning,196
burnley,13
burns,65
burnsall,7
burnside,4
burnstall,1
burnt,195
burnwood,1
burp,18
burped,5
burpers,1
burping,3
burps,5
burro,1
burrou,2
burrough,2
burrow,5
burrowed,2
burrowing,2
burrows,2
bursa,2
bursar,2
bursaries,1
bursars,1
bursary,4
burst,81
burst-proof,1
bursted,2
burstill,1
bursting,15
burston,1
burstow,4
bursts,10
burt,3
burton,13
burton-on-trent,1
burtons,6
bury,69
burying,13
burzoi,5
bus,989
busby,1
buses,292
bush,116
bushed,2
bushel,7
bushels,2
bushes,46
bushey,4
bushmen,1
bushwackers,1
bushy,6
busi,1
busier,16
busiest,18
busily,8
busine,1
business,2338
business-like,6
business-related,1
business-wise,3
businesse,1
businesses,231
businesslike,2
businessman,28
businessmen,26
busk,1
busker,2
busload,2
busman,1
busmen,1
bussed,1
bust,63
bust-up,1
busted,15
buster,3
busters,5
busting,17
bustle,7
bustled,1
bustling,2
busty,1
busy,662
busybodies,1
busybody,1
busyness,2
but,65952
butane,22
butanole,1
butch,10
butcher,93
butchered,3
butchering,8
butchers,67
butchery,4
butching,1
butchwana,2
bute,5
buthal,1
butile,3
butler,19
butlers,2
butlery,1
butlin,2
butlins,10
butoxi-ethanol,1
buts,7
butt,27
butted,2
butter,264
butter-cream,1
buttercream,1
buttercup,4
buttered,7
butterfield,2
butterfingers,2
butterflies,15
butterfly,28
buttering,3
buttermilk,6
buttery,9
butthead,4
butties,17
butting,3
buttleberry,1
buttock,2
buttocks,2
button,347
buttoned,2
buttonhole,5
buttonholed,1
buttons,109
buttress,2
buttresses,1
buttressing,1
butts,7
butty,12
butyric,1
buxom,1
buxton,9
buy,2724
buy-out,2
buy-outs,3
buyed,3
buyer,102
buyers,46
buying,640
buyout,2
buys,98
buzz,35
buzzard,2
buzzed,2
buzzer,9
buzzes,1
buzzing,12
buzzzz,1
bw,1
bwana,1
bwangdirola,2
by,17267
by-election,9
by-elections,2
by-line,1
by-lines,1
by-out,1
by-pass,22
by-passes,3
by-product,3
by-products,1
by-rules,1
by-standers,1
by-word,1
bye,1556
bye-bye,41
bye-election,1
bye-law,2
bye-laws,3
bye-names,1
byelaw,12
byelaws,17
byes,1
byfleet,7
bygone,1
bygones,2
bygraves,2
bylaws,2
byline,2
bypass,183
bypassable,6
bypassed,4
bypasses,6
bypassing,3
byproduct,1
byre,11
byrite,2
byrne,1
byron,5
byronic,2
bystander,1
bystanders,7
byte,9
bytery,1
bytes,40
bytham,1
bythorpe,1
byu,1
bywater,1
byways,1
bzz,4
bzzzzzzzzzzz,1
bzzzzzzzzzzzzzzz,2
c,5141
c-shield,1
ca,13333
cab,35
cabana,1
cabanas,1
cabaret,15
cabbage,58
cabbage-looking,1
cabbages,14
cabbies,1
cabe,3
caber,1
cabi,1
cabin,32
cabinet,189
cabinets,24
cabins,4
cable,71
cable-laying,2
cables,19
cabling,10
caborange,1
cabours,1
cabowin,1
cabriolet,3
cabs,5
cacerta,3
cache,9
cachinnation,1
cack,5
cacked,1
cackest,1
cackhanded,1
cacking,2
cackle,7
cackulations,1
cackup,2
cacky,1
cacs,1
cacti,1
cactus,2
cad,13
cadbury,34
cadburys,7
cadcam,1
caddies,1
caddy,3
caddyshack,2
cadences,1
cadenet,3
cadet,3
cadets,8
cadillac,1
cadre,9
cadres,43
cads,1
caelia,8
caernarfen,2
caernarfon,14
caernarvon,21
caerphilly,4
caesar,36
caesarean,2
caesareans,3
caesarian,11
caesars,1
caf,3
cafe,64
cafes,3
cafeteria,7
cafeterias,1
cafetiere,3
caff,1
caffeine,2
caffer,2
caffitino,1
cafod,5
cafs,1
cage,77
caged,3
cages,12
cagey,5
cagney,3
cagoule,4
cagy,2
cah,5
cahoots,1
cain,3
caine,20
cairan,2
cairn,4
cairns,3
cairo,8
caister,1
caithes,1
caithness,6
cajole,1
cajoled,1
cajoles,1
cajun,6
cake,545
caked,1
cakes,152
cakey,9
cal,12
calais,12
calamities,4
calamitous,2
calamitously,1
calamity,2
calc,3
calcite,2
calcium,156
calcium-activated,2
calcu,2
calcul,3
calculable,1
calculat,1
calculate,98
calculated,75
calculates,1
calculating,32
calculation,95
calculations,76
calculator,143
calculators,13
calculus,3
calcutta,4
cald,1
calder,5
caldmore,30
caldon,1
caleb,1
caledonia,2
caledonian,3
calendar,81
calendared,1
calendars,18
calender,1
calf,28
calgary,2
cali,1
caliari,1
calibrate,2
calibrations,1
calibre,15
calibres,1
calico,7
california,59
californian,11
calkin,2
call,3646
call-in,2
call-out,3
call-up,2
callaghan,10
callam,1
callan,1
callanan,1
callanetics,1
callaveros,1
called,3184
caller,36
callers,19
callie,3
calligrapher,3
calligraphic,1
calligraphy,2
calling,341
calliper,5
callipers,2
callisthenics,1
callous,7
callouses,2
callousness,1
callow,8
calls,535
callum,4
calluses,1
calm,131
calmed,18
calmer,6
calmers,1
calming,86
calmly,8
calmness,1
calms,3
calor,9
calorie,4
calories,31
calorific,1
calper,1
calpers,4
calpol,13
calpurnia,2
calum,1
calumnies,1
calvary,6
calved,2
calverton,37
calves,18
calvin,4
calving,2
calvinist,2
calvinistic,2
calyx,5
cam,31
camaraderie,1
camarvon,1
camb,1
camber,3
camberaberaux,1
camberley,4
camberwell,2
cambodia,18
cambodian,3
cambodians,1
cambri,1
cambridge,181
cambridgeshire,25
camby,1
camco,25
camcord,1
camcorder,14
camden,11
came,4912
camel,39
camelia,3
cameling,1
camellias,1
camelot,1
camels,11
cameo,1
camera,258
cameraman,8
cameramen,2
cameras,72
cameron,19
camerons,1
cameroon,2
cameroons,1
cames,1
cami,2
camilla,2
camisole,1
camisoles,1
camomile,20
camon,1
camouflage,7
camouflaged,2
camouflaging,1
camp,179
camp-bed,1
campa,1
campaign,391
campaigned,16
campaigner,6
campaigners,16
campaigning,37
campaigns,41
campari,1
campbell,25
campbell-savers,1
camped,10
camper,6
campers,6
campervan,1
camping,63
campion,1
campri,1
camps,51
campsite,6
campus,49
campuses,3
cams,2
camus,1
can,37270
can-can,1
cana,1
cana-indian,2
canada,78
canadian,41
canadians,6
canal,42
canalize,1
canals,10
canape,1
canapes,3
canaries,9
canarvons,1
canary,11
canasta,1
canberra,18
canbord,1
canborough,2
cance,1
cancel,136
cancellation,14
cancellations,5
cancelled,110
cancelling,28
cancels,9
cancer,193
cancerians,2
cancerous,2
cancers,10
cand,2
candelabra,1
candelabras,2
canderbill,2
candi,1
candice,5
candid,18
candidacy,4
candidat,1
candidate,125
candidates,96
candidature,1
candidatures,1
candide,1
candidly,5
candies,1
candle,29
candle-lit,2
candleford,1
candlelight,1
candlelit,1
candles,34
candlestick,6
candlesticks,2
candy,13
candyman,1
cane,37
caned,4
canes,2
canine,17
canines,5
caning,4
canister,7
canisters,5
canna,7
cannabis,20
cannae,66
canne,1
canned,4
cannelloni,1
cannibal,1
cannibalism,3
cannibalized,4
canning,8
canno,1
cannock,10
cannon,11
cannonball,2
cannoned,3
cannons,4
canny,8
canoe,30
canoeing,3
canoes,5
canol,1
canon,8
canonbury,1
canons,5
canoodling,1
canooed,1
canopies,1
canopy,9
canot,1
cans,68
cant,3
cantabrica,1
cantankerous,4
canteen,72
canteens,6
canter,3
canterbury,40
cantered,1
cantering,2
canting,1
canton,8
cantona,3
cantonese,2
cantos,1
canvas,27
canvases,2
canvass,20
canvassed,12
canvassers,1
canvasses,1
canvassing,25
canvey,1
cany,1
canyon,4
cap,112
capa,2
capabilities,31
capability,73
capable,192
capac,2
capacious,1
capacitance,4
capacities,15
capacitor,5
capacitors,1
capacity,249
capco,2
cape,17
capelat,1
capenhurst,1
caper,3
capers,2
capes,2
capetown,1
capewell,9
capful,1
capi,1
capillaries,9
capillary,9
capit,1
capita,3
capital,620
capital-l,1
capitali,1
capitalis,1
capitalise,5
capitalism,38
capitalist,32
capitalistic,1
capitalists,7
capitalization,2
capitalizations,1
capitalize,3
capitalized,1
capitalizing,1
capitals,20
capitation,1
capitol,1
capitulate,2
capitulated,3
capodimonte,5
capodoceans,1
capon,6
capone,1
capped,15
cappello,1
capping,37
cappuccino,7
cappuccinos,2
capri,21
capricorn,2
caps,36
capsize,3
capsizes,1
capsizing,1
capstan,2
capsular,1
capsule,16
capsules,11
capt,2
captain,144
captaining,1
captains,3
caption,5
captions,3
captivate,1
captivated,1
captivating,3
captive,10
captivity,8
captors,2
capture,20
captured,26
captures,4
capturing,7
capulet,6
car,3959
cara,7
caracole,1
carafe,1
caragium,1
caramel,22
caramelly,1
caramels,3
carat,72
caravan,279
caravanette,1
caravanning,5
caravans,59
carb,1
carbi,1
carbide,1
carbine,3
carbohydrate,4
carbohydrates,8
carbolic,2
carbon,244
carbonara,2
carbonate,120
carbonated,3
carbonates,18
carbonic,1
carbons,14
carbonyl,1
carborundum,2
carboys,1
carbuncle,1
carburettor,6
carcass,4
carcasses,10
carcinogenic,1
carcinoma,7
carcinomas,2
card,984
cardboard,68
carded,1
cardfile,1
cardi,2
cardiac,4
cardie,1
cardies,1
cardiff,46
cardigan,50
cardigans,6
cardiganshire,1
cardinal,17
carding,5
cardio,1
cardio-funk,1
cardiograph,1
cardiologist,1
cardiology,1
cardiovascular,1
cardoma,1
cards,540
cardy,9
care,1572
care-giver,3
care-givers,1
care-line,1
cared,39
caree,1
career,170
careering,1
careers,151
carefree,2
careful,675
carefully,328
carefulness,1
careless,19
carelessly,2
carelessness,7
careline,8
carer,41
carers,134
cares,43
caressing,3
caretake,1
caretaker,30
caretakers,7
caretaking,2
careto,1
carey,12
carfax,5
carfour,1
carfours,1
cargill,2
cargo,28
cargoes,9
caribbean,22
caribbeans,1
caricature,4
caricatured,1
caricatures,3
caricaturing,2
carina,3
caring,105
carinthian,1
carinthians,2
carisamol,1
carjacking,2
carl,148
carla,103
carlfa,1
carling,2
carlinor,1
carlisle,53
carlo,2
carloads,1
carlos,6
carlosa,1
carlsb,1
carlsberg,7
carlson,1
carlton,37
carltons,1
carly,25
carlyle,2
carman,2
carmarthenshire,1
carmel,17
carmella,1
carmen,6
carn,3
carnage,3
carnally,3
carnarvon,1
carnation,4
carnations,6
carne,5
carnegie,3
carnel,6
carnfield,3
carniki,8
carnival,8
carnthruft,1
caro,2
carol,160
carole,84
caroles,1
carolina,37
caroline,132
carolines,4
carolla,1
carolling,1
carols,19
carolyn,28
carotene,1
carotid,1
carousel,9
carousels,1
carp,18
carpal,4
carped,1
carpenter,29
carpenters,9
carpenting,2
carpentring,1
carpentry,2
carpet,321
carpeted,7
carpeting,10
carpetland,1
carpets,109
carport,7
carps,2
carr,3
carradock,1
carreau,1
carreras,2
carri,1
carriage,108
carriages,15
carriageway,78
carriageways,4
carrick,1
carrickfergus,1
carrie,31
carried,722
carrier,89
carriers,31
carries,89
carrigan,3
carrion,3
carris,5
carroll,1
carrot,78
carrots,137
carrott,4
carrow,1
carrus,2
carruthers,2
carry,1203
carry-on,2
carrycot,6
carrying,357
cars,813
carsa,2
carseat,1
carseckie,4
carseckies,1
carshalton,6
carshes,1
carson,3
carssier,7
carstairs,3
carston,1
cart,94
carted,4
cartel,1
cartels,4
carter,22
carters,6
carterton,20
carthage,3
carthy,1
cartilage,6
cartilages,1
carting,7
cartland,2
carton,28
cartons,14
cartoon,33
cartoonist,2
cartoonists,1
cartoons,34
cartridge,14
cartridges,9
cartright,1
carts,25
cartwheels,2
cartwright,1
cartwrights,3
caruso,3
carve,18
carved,16
carver,3
carvers,5
carvery,2
carving,37
carvings,4
cary,2
carzy,1
cas,7
casablanca,1
casanova,2
cascade,13
cascades,1
cascading,5
case,2534
case-by-case,1
casement,5
cases,732
casey,4
cash,530
cash-cutter,1
cashed,11
cashes,2
cashew,5
cashews,2
cashier,12
cashiered,1
cashiering,1
cashiers,8
cashing,4
cashmere,1
casing,13
casings,3
casino,14
casinos,2
casio,1
casket,2
casks,1
caslon,5
casper,2
cass,8
cassata,6
casserole,37
casseroles,5
cassette,64
cassettes,12
cassidy,1
cassie,45
cassier,2
cassington,4
cassock,4
cassoulet,1
cast,178
cast-offs,1
castalus,1
caste,6
caster,5
casteratie,2
casters,11
castes,3
castigate,1
castigated,2
castilian,1
casting,39
castings,15
castle,113
castlegate,4
castlereagh,1
castles,8
castletown,1
castlevania,3
caston,1
castor,1
castors,5
castrated,6
castratie,2
castrating,1
castration,1
castro,8
castronery,2
casts,6
casu,1
casual,77
casually,10
casualness,1
casuals,4
casualties,34
casualty,81
cat,586
cat-calls,1
cataclysmic,2
catalase,4
catalogue,131
catalogued,1
catalogues,25
cataloguing,2
catalonia,1
catalyse,1
catalysed,1
catalysis,1
catalyst,8
catalysts,1
catalytic,3
catamarans,1
catapult,12
catapulted,2
catapults,3
cataract,3
cataracts,3
cataramie,2
cataratie,1
catarrh,17
catarrhed,1
catastrophe,7
catastrophes,4
catastrophic,10
catcalls,1
catch,530
catch-all,1
catchable,1
catched,5
catcher,8
catches,41
catching,102
catchment,31
catchphrase,1
catchword,6
cate,1
catechism,1
catechist,3
catechists,2
catecholamine,1
catecholamines,1
categ,1
categor,3
categoric,1
categorical,2
categorically,12
categoried,1
categories,107
categorise,4
categorised,2
categorization,3
categorize,9
categorized,3
categorizes,1
categorizing,1
category,93
cater,45
catered,19
caterer,7
caterers,9
caterham,3
catering,77
caterpillar,11
caterpillars,3
caters,2
caterwauling,1
catford,1
cath,98
catharine,1
catharsis,2
cathay,3
cathedral,61
cathedrals,2
cather,1
catherine,147
catheter,7
cathi,1
catholic,98
catholicism,1
catholics,20
catholism,1
cathy,115
cation,2
cations,1
catkins,2
cato,4
catonica,2
catori,1
catriona,13
cats,172
catterick,11
cattle,122
cattleman,1
cattoes,2
catty,6
catwalk,2
catworth,1
cau,3
caucasus,1
caught,488
caulder,3
cauldewood,1
cauldron,5
cauldrons,1
caulfield,1
cauli,4
cauli-head,1
caulies,1
cauliflow,1
cauliflower,22
cauliflowers,4
caulking,1
caus,1
causal,4
causally,1
causation,3
cause,528
caused,304
causers,1
causes,172
causeway,23
causeways,1
causing,187
caustic,3
cautery,1
cauti,1
caution,54
cautionary,4
cautioned,16
cautioning,32
cautions,14
cautious,50
cautiously,8
cav,1
cavalier,17
cavaliers,5
cavally,1
cavalry,9
cave,24
caveat,4
caveats,1
caved,5
caveman,5
cavemen,2
cavern,2
cavernous,1
caverns,5
caves,8
cavey,2
cavia,2
caviar,3
caving,2
cavities,2
cavity,7
cavor,3
cavvy,1
caw,5
cawing,1
cawley,3
cawson,1
cayleyed,2
cayman,1
caymans,1
caythorpe,2
cbi,1
cc,6
cccckkk,1
ccchhhrrr,1
ccs,1
cd,3
cds,4
ce,27
cease,49
cease-fire,1
ceased,28
ceasefire,2
ceaseless,2
ceaselessly,1
ceases,10
ceasing,3
cecil,15
cecille,2
cecily,1
cedar,15
cedarwood,1
cede,1
ceded,3
ceder,3
cedgs,1
ceding,1
ceefax,10
ceila,1
ceilidh,5
ceilidhing,1
ceilidhs,1
ceiling,148
ceilings,15
cel,1
celadon,3
celebrate,61
celebrated,25
celebrates,3
celebrating,57
celebration,57
celebrations,18
celebrities,6
celebrity,8
celerity,1
celery,19
celeste,1
celestial,2
celestian,1
celestina,1
celia,23
celica,1
cell,196
cella,1
cellar,67
cellars,10
celled,1
cellist,1
cellnet,2
cello,11
cellophane,5
cells,137
cellu,1
cellular,5
cellulite,1
celluloid,2
cellulose,5
cellulum,1
celsius,66
celtic,20
celts,2
cement,34
cemented,6
cementing,3
cements,1
cemeteries,5
cemetery,42
cen,8
censer,2
censor,4
censor-operated,1
censored,3
censors,10
censorship,7
censure,1
censured,1
census,56
censuses,2
cent,14
centage,8
centages,3
centaur,4
centenaries,3
centenary,74
centennial,3
center,1
centered,3
centering,3
centigrade,13
centimetre,39
centimetres,69
centipede,1
centipedes,2
central,736
centralisation,2
centralised,2
centralising,6
centrality,1
centralization,3
centralize,6
centralized,15
centralizing,1
centrally,30
centre,1387
centred,22
centredness,2
centrepiece,2
centres,190
centring,1
cents,16
centu,1
centurian,1
centuries,41
century,434
cer,34
cera,7
cerainly,1
ceramic,16
ceramics,1
cereal,55
cereals,31
cereblis,1
cerebral,10
ceremonial,22
ceremonies,5
ceremony,34
cerise,9
cert,13
certain,1752
certainly,3105
certains,1
certainties,1
certainty,55
certificate,128
certificated,6
certificates,42
certification,18
certified,16
certify,2
certifying,1
certs,3
cervical,7
cervix,1
cerys,3
cesar,1
cesarovitch,1
cessation,8
cestodes,1
ceylon,2
cfc,1
ch,109
cha,83
chablis,1
chad,9
chadam,1
chadlington,5
chadwick,2
chaff,17
chaffer,2
chaffinch,9
chaffinches,1
chaffing,4
chagrin,1
chain,224
chained,17
chaining,1
chains,65
chainsaw,10
chainsaws,1
chainstitch,1
chair,1025
chaired,16
chairer,16
chairing,11
chairm,1
chairman,1939
chairmanship,11
chairmen,10
chairpeople,1
chairperson,8
chairpersons,1
chairs,225
chaise,3
chal,1
chalet,9
chalets,2
chalice,2
chalk,50
chalked,1
chalker,6
chalking,1
chalky,1
challener,4
challenge,246
challenged,57
challenger,3
challenges,70
challenging,46
challow,2
chalmers,4
cham,2
chamber,111
chamberlain,10
chambermaiding,1
chambers,29
chambourcy,1
chameleon,1
chamfered,1
chamois,5
chamorro,10
champ,9
champa,1
champagne,54
champers,3
champion,79
championed,1
champions,29
championship,38
championships,20
chamus,2
chan,2
chanc,1
chance,1142
chancel,1
chancellor,145
chancellors,1
chancery,3
chances,216
chancing,4
chancy,1
chand,1
chandelier,3
chanderel,1
chandler,8
chandlery,1
chanel,4
chang,2
changchun,2
change,2803
change-over,2
changeable,4
changed,1285
changeling,1
changeover,11
changes,805
changey,1
changing,550
changings,1
changshun,1
chanine,1
channel,298
channelled,8
channelling,3
channels,177
channer,2
channing,3
channon,1
chant,4
chantal,2
chanted,2
chantel,12
chantilly,1
chanting,15
chantry,9
chants,3
chanty,1
chaos,53
chaotic,10
chap,570
chapatti,1
chapel,122
chapels,12
chaperon,2
chaperoned,1
chapess,1
chaplain,5
chaplaincy,3
chaplin,8
chapman,9
chappens,2
chappie,24
chappies,5
chapping,4
chappy,6
chaps,101
chapter,309
chapters,19
char,17
chara,1
charabanc,1
charabancs,8
character,438
characterisation,1
characterise,8
characterised,9
characterises,6
characteristic,36
characteristically,3
characteristics,92
characteritured,2
characterization,2
characterize,5
characterized,7
characterizes,2
characters,126
charcoal,10
chardonne,1
charg,1
charge,840
charge-capped,1
charge-capping,1
charge-hand,6
charge-hands,1
chargeable,4
charged,212
chargee,1
chargehand,5
chargehands,3
chargepay,1
charger,2
charges,306
charging,112
charing,6
chariot,7
charisma,4
charismatic,2
charitable,38
charities,78
charity,196
charl,1
charlatan,1
charlatans,2
charlbury,11
charlene,5
charles,135
charleston,3
charley,2
charlie,198
charlies,2
charlotta,1
charlotte,382
charlton,63
charm,20
charmaine,4
charmed,1
charmer,4
charmers,3
charming,38
charmless,1
charms,10
charmwood,7
charnd,1
charnford,1
charolais,1
charollais,2
charred,5
charring,3
chars,2
chart,102
charter,82
chartered,42
charters,3
chartreuse,1
charts,61
chartsey,1
chary,1
charz,1
chas,8
chase,120
chase-ups,1
chased,38
chaser,2
chasers,1
chases,6
chasifness,1
chasing,107
chasm,2
chasseur,2
chassie,3
chassis,25
chaste,1
chastened,1
chastening,1
chastise,5
chastity,3
chat,240
chateau,6
chateaux,2
chatfield,7
chatham,5
chatlereau,1
chats,5
chatswold,1
chatsworth,1
chattaway,1
chatted,16
chattels,2
chatter,6
chatterbox,3
chatterboxes,1
chattering,8
chatting,89
chatty,8
chau,1
chauce,1
chaucer,17
chauffeur,35
chauffeured,2
chauffeuring,1
chauffeurs,2
chautier,1
chauvinism,4
chauvinist,2
chauvinistic,1
chauvinists,1
che,14
chea,2
cheam,6
cheams,2
cheap,624
cheapened,1
cheapening,1
cheaper,461
cheapest,108
cheapies,1
cheaply,38
cheapness,2
cheapo,3
cheapos,1
cheapskate,2
cheapskates,3
cheapskating,1
cheapy,5
chearell,1
cheat,61
cheated,14
cheater,2
cheatering,1
cheaters,1
cheating,57
cheats,4
cheavely,1
cheavley,2
check,987
check-off,12
check-out,1
check-weigh,1
checked,228
checker,4
checkers,3
checking,187
checklist,14
checklists,2
checkoff,2
checkout,18
checkouts,5
checkpoint,2
checks,93
checksum,2
cheddar,9
cheddars,1
chedderton,1
chee,11
cheee,1
cheek,108
cheekbones,2
cheeked,3
cheekies,1
cheekiest,2
cheekily,1
cheeks,21
cheeky,126
cheen,1
cheep,1
cheer,28
cheered,18
cheerful,29
cheerfully,3
cheerfulness,1
cheerie-bye,1
cheerily,1
cheering,12
cheerio,190
cheerleading,1
cheers,162
cheery,4
cheese,421
cheeseboard,2
cheeseburger,2
cheesecake,21
cheesecakes,1
cheesed,21
cheeses,14
cheesies,1
cheesy,3
cheet,1
cheetah,8
cheetahs,14
cheetas,1
cheety,2
chef,52
chefette,1
chefs,5
chekhov,1
chell,2
chelle,3
chelmer,1
chelms,1
chelmsford,38
chelsea,69
chelstons,2
cheltam,1
cheltenh,1
cheltenham,95
chemi,2
chemical,123
chemically,4
chemicals,91
chemist,99
chemistry,201
chemists,30
chemotherapy,17
cheney,7
chenille,3
chepstow,2
cheque,322
chequebook,4
chequebooks,1
chequers,2
cheques,57
cher,14
cherani,2
cherbourg,2
cherbourne,1
cherish,5
cherished,6
cherk,1
chernenko,1
chernobyl,19
cherokee,1
cherries,35
cherry,90
chersby,1
cherub,25
cherubs,3
cherwell,17
chery,2
cheryl,23
chesapeake,4
chesham,8
cheshire,33
cheskevod,2
chess,27
chessington,10
chest,266
chested,6
chesteny,1
chester,52
chester-le-street,1
chesterfield,19
chesterly,1
chesterton,5
chestnut,18
chestnuts,6
chests,12
chesty,10
chettle,24
chevalier,1
chevette,6
chevrolet,1
chevron,2
chevrons,1
chevvy,1
chew,61
chewchocks,2
chewed,15
chewiest,1
chewing,74
chewits,1
chewitts,1
chews,8
chewy,11
chez,1
chezeris,1
chi,48
chiang,5
chic,4
chicago,7
chichester,17
chichi,1
chichido,1
chick,17
chicken,480
chickened,3
chickenfeed,3
chickening,3
chickenpox,2
chickens,55
chickita,1
chicks,15
chickweed,2
chicky,3
chicory,1
chiddyfort,1
chiding,1
chie,1
chief,514
chiefly,7
chiefs,14
chien,1
chievely,3
chiffon,3
chigwell,1
chigworth,1
chihuahua,8
chihuahuas,1
chil,3
chilblains,1
child,1352
child-care,5
child-like,1
child-minder,2
child-proof,2
childbearing,5
childbirth,12
childcare,4
childed,1
childhood,90
childhoods,1
childish,13
childishness,1
childless,3
childlike,2
childline,6
childminder,6
childminders,2
childminding,7
childre,1
children,3802
childrens,18
childs,2
childury,1
childwatch,1
chile,10
chili,15
chilies,1
chilion,1
chill,23
chilled,6
chiller,28
chillers,2
chilli,14
chillies,2
chilling,3
chillingworth,1
chills,2
chilly,46
chilmark,1
chiltern,5
chilterns,10
chilton,3
chiltonian,2
chilveston,1
chilwell,6
chim,1
chime,4
chimera,1
chimes,1
chiming,1
chimleys,2
chimney,68
chimneypiece,1
chimneys,20
chimp,1
chimpanzee,3
chimpanzees,2
chin,50
china,229
chinchilla,2
chine,2
chinese,230
chinesey,1
ching,11
chingford,4
chink,9
chinking,1
chinkum,1
chinky,7
chinnor,5
chins,2
chintz,1
chintzy,1
chinwag,2
chip,208
chip-pan,3
chipboa,1
chipboard,5
chipmunk,1
chipped,15
chippendales,22
chippenham,3
chipper,1
chippie,15
chipping,51
chippingfield,3
chippings,11
chippy,9
chips,400
chipsticks,7
chirac,1
chiropodist,6
chiropodists,1
chiropody,1
chiropractors,1
chiros,3
chirp,1
chirping,2
chirpy,2
chisel,11
chiselled,1
chiselling,2
chisels,2
chislehurst,4
chisler,1
chiswick,10
chit,3
chit-chat,4
chits,1
chitted,1
chitter-chattering,1
chittering,2
chitty,9
chitwa,1
chivalrous,3
chives,9
chivvy,2
chl,1
chloe,25
chlor,2
chlorapropane,1
chloraseptic,1
chlorate,6
chlori,1
chloric,3
chloride,75
chlorides,4
chlorinated,2
chlorine,77
chlorinity,2
chlorophyll,1
chloroquin,1
chlorotic,1
cho,11
chobbing,1
choc,4
choc-a-bloc,2
choc-a-block,4
choc-ice,1
choccies,2
choccy,1
chock,1
chock-a-block,11
chockablock,1
chocked,1
chocker,2
chockered,1
chocking,2
chocky,1
chocolate,454
chocolates,93
chocolaty,1
chogram,2
choi,4
choice,748
choices,73
choir,128
choirboy,3
choirs,9
choiss,2
choke,32
choked,14
choker,2
chokes,1
choking,13
choleacs,5
choleitis,1
cholera,7
choleri,3
cholesterol,23
cholsey,6
chomp,10
chompedy,1
chompers,1
chomping,4
choo,38
choos,1
choose,517
choosed,1
chooser,4
choosers,3
chooses,30
choosing,85
choosy,6
chop,122
chope,3
chopin,2
chopped,66
chopper,6
chopping,25
choppy,9
chops,58
chopsticks,2
choral,6
chord,10
chords,3
chore,10
choreography,3
chores,10
choristers,1
chorley,8
chorleywood,3
chorlis,1
chorlton,6
chororists,1
chortling,1
chorus,21
chorused,1
choruses,5
chory,2
chose,138
chosen,186
chow,36
chr,7
chri,7
chriostat,1
chriostats,1
chris,747
chrism,2
chrissie,12
chrissy,63
christ,683
christabel,1
christatus,1
christchurch,21
christen,2
christendom,4
christened,10
christening,16
christenings,1
christian,284
christianity,28
christianize,1
christianized,1
christians,84
christie,13
christies,10
christina,3
christine,156
christm,1
christma,1
christmas,2009
christmas-time,1
christmases,13
christmassy,15
christmasy,1
christo,6
christological,1
christology,1
christopher,336
christophers,1
christy,3
chro,1
chrom,1
chromatic,1
chromatograph,2
chromatography,2
chrome,10
chromea,1
chromium,2
chromosomal,1
chromosome,7
chromosomes,8
chronic,26
chronically,1
chronicle,9
chroniclers,8
chronicles,10
chronological,8
chronologically,3
chronology,1
chronometer,1
chronos,3
chryptosporidia,1
chryptosporidium,2
chrysanthemum,1
chrysanthemums,1
chrysanths,6
chu,8
chualar,1
chub,3
chubb,3
chubbiness,1
chubby,20
chuchet,7
chuck,180
chucked,90
chucker,3
chuckery,2
chucking,36
chuckle,1
chuckled,2
chuckling,1
chucks,8
chuddley,2
chudleigh,4
chuff,23
chuff-bag,1
chuffa,1
chuffed,20
chuffing,23
chuffs,1
chug,10
chugga,5
chugging,3
chum,9
chummed,2
chummy,4
chump,4
chums,4
chung,5
chunk,37
chunkety,2
chunks,17
chunky,23
chunnel,3
chuntering,4
chunters,1
chur,4
church,1150
church-comer,1
church-goers,2
churched,1
churches,200
churchgate,2
churchgoer,1
churchill,45
churchills,2
churchley,1
churchy,1
churchy-type,1
churchyard,30
churchyards,1
churk,1
churlish,2
churlishness,1
churn,9
churned,8
churning,20
churns,6
chute,11
chutes,14
chutney,3
chutneys,2
ci,13
ciao,5
cicero,1
cider,46
cig,10
cigar,21
cigarette,124
cigarette-filled,1
cigarettes,143
cigarillos,1
cigars,27
ciggies,1
cigs,20
cil,1
cila,1
cilla,18
cimetidine,1
cincinnati,3
cinderella,21
cinderford,1
cinders,1
cindy,26
cine,2
cinefilm,2
cinema,135
cinemas,7
cinematographic,1
cinnamin,1
cinnamon,6
cinzano,2
cir,5
circ,3
circa,1
circking,2
circle,205
circled,4
circles,61
circling,4
circly,1
circs,1
circu,1
circuit,92
circuitry,2
circuits,27
circular,60
circularised,1
circularising,1
circulars,4
circulate,43
circulated,72
circulates,2
circulating,26
circulation,83
circulations,1
circulatory,7
circulized,1
circum,1
circumcised,8
circumcision,5
circumfe,1
circumference,11
circumscribe,1
circumscribed,1
circumspect,1
circumstance,33
circumstances,507
circumstantial,7
circumvent,5
circus,81
circuses,20
cirencester,12
cis,5
cising,1
cissy,5
cistern,2
cisterns,1
cistine,1
cit,2
citable,1
citadel,2
citation,6
citations,2
cite,11
cited,8
citello,1
cites,4
cities,133
citing,3
citizen,53
citizenry,1
citizens,188
citizenship,11
citra,1
citrate,1
citreon,2
citric,3
citroen,7
citron,1
citrus,2
city,1491
city-based,1
city-owned,1
city-wide,2
civi,1
civic,40
civil,286
civili,1
civilian,38
civilianisation,6
civilianise,3
civilianised,2
civilianising,3
civilians,23
civilisation,1
civilised,4
civility,1
civilization,28
civilizations,3
civilize,2
civilized,30
civilizing,4
civils,6
civvies,4
civvy,3
ckkk,1
cl,31
cla,15
clachan,2
clachnagowan,2
clackmannan,2
clacton,8
clad,2
claddagh,1
cladding,1
clag,2
claggy,1
clai,1
claim,556
claimable,3
claimant,6
claimants,7
claimed,137
claiming,92
claims,209
clair,2
claire,232
claires,1
clairify,1
clairvoyant,2
clairvoyants,2
clam,3
clamber,3
clambering,2
clammer,1
clamming,1
clammy,12
clamour,4
clamouring,1
clamp,40
clamped,9
clampers,2
clamping,1
clamps,4
clams,1
clan,14
clandestine,1
clandon,1
clanfield,3
clang,2
clanger,4
clangers,2
clanging,3
clangs,1
clank,2
clanking,2
clanne,1
clap,29
clapgut,1
clapham,23
clapped,14
clapped-out,1
clappers,2
clapping,11
claps,6
clapton,10
claptrap,3
clara,9
clarabel,2
clare,246
claredon,1
claremont,11
clarence,4
clarendon,18
claret,9
clari,1
clarice,2
clarides,2
clarif,1
clarification,72
clarifications,2
clarified,29
clarifies,4
clarify,130
clarifying,5
clarinet,39
clarinets,2
clarion,2
clarity,23
clark,31
clarke,96
clarkes,3
clarkeston,2
clarkie,1
clarks,1
clarty,1
clash,33
clashed,7
clashes,28
clashing,3
clasp,2
clasping,1
clasps,1
class,1131
class-distinct,1
class-ridden,1
classed,41
classes,310
classic,106
classical,40
classicallly,1
classically,4
classicism,3
classics,16
classiest,1
classifi,1
classific,1
classificated,2
classification,18
classifications,5
classificator,1
classified,37
classifieds,1
classifier,1
classify,13
classifying,5
classing,1
classless,28
classlessness,5
classmates,2
classroom,135
classrooms,38
classy,7
clatt,1
clatter,5
clatterbrick,1
clattered,2
clattering,4
clatters,1
clatting,3
claude,10
claudette,4
claus,4
clause,94
clauses,31
claustrophobic,12
clavitis,2
claw,32
claw-back,1
clawback,1
clawing,3
claws,16
claxton,1
clay,87
clayderman,1
clayed,1
claypole,1
claypots,1
clays,6
clayton,31
cle,19
clea,2
cleak,1
cleaks,4
clean,784
clean-shaven,1
clean-up,1
cleaneasy,1
cleaned,155
cleaner,142
cleaners,60
cleanest,6
cleani,1
cleaning,258
cleanliness,14
cleanly,8
cleans,24
cleanse,19
cleansed,8
cleanser,19
cleanses,4
cleansiness,1
cleansing,20
cleanup,2
clear,1743
clear-cut,2
clear-out,2
clearance,40
clearances,2
clearasil,1
cleared,204
clearer,53
clearest,6
cleari,1
clearing,102
clearinghouse,1
clearings,4
clearly,1113
clearness,1
clears,18
clearwater,5
cleat,2
cleavage,1
cleaver,5
cleaving,1
cledwyn,1
cleese,2
cleethorpes,12
cleeve,1
clef,23
clefs,5
cleft,6
clematis,6
clemency,1
clement,5
clementine,2
clementines,1
clements,15
clench,3
clenched,4
clenches,1
cleneth,1
cleo,3
cleopatra,2
clergy,7
clergyman,2
clerical,61
clerics,1
clerk,189
clerk-cum-what-have-you,1
clerking,1
clerks,41
clev,1
cleve,12
clevedon,2
cleveland,41
cleveleys,3
clever,376
cleverer,6
cleverest,5
cleverly,10
cleverness,4
clews,1
cli,5
cliche,10
cliched,1
cliches,6
click,98
clicked,20
clickers,1
clicking,7
clicks,15
clicky,3
clien,1
client,688
clientele,9
clients,301
cliff,92
cliff-hangers,2
cliffhanger,4
clifford,29
cliffs,23
clifftop,2
clifton,24
climate,102
climates,3
climatic,10
climax,7
climaxing,1
climb,105
climb-down,1
climb-downs,1
climbed,43
climber,2
climbers,1
climbing,82
climbs,6
climes,3
clinch,1
clinched,4
cline,1
cling,22
cling-ons,1
clingfilm,3
clinging,4
clings,3
clingy,3
clinic,66
clinical,41
clinically,2
clinicians,2
clinics,18
clinique,2
clink,2
clinking,1
clint,6
clinton,48
clip,105
clip-art,2
clip-on,1
clipboard,4
clipboards,2
clipped,27
clipper,2
clippers,9
clippety,1
clipping,14
clippings,2
clippy,1
clips,42
clipston,1
clipstone,1
clique,3
cliss,2
clit,2
clitheroe,6
clitoris,9
clitorises,1
clive,51
clk,1
clo,14
cloak,10
cloakroom,18
cloakrooms,2
cloaks,2
clobber,4
clobbered,12
clobbering,5
clochered,1
clock,278
clocked,15
clocking,12
clocks,36
clockwise,53
clockwork,3
clods,2
clog,15
clogged,9
clogging,3
clogs,17
cloisonne,3
cloister,2
cloisters,2
clomp,1
clon,1
clone,4
cloned,2
clones,1
clongoes,1
cloning,1
clonk,6
clonking,1
cloothes,1
clop,3
close,1268
close-down,1
close-up,3
closed,574
closely,163
closely-related,1
closeness,8
closer,191
closers,1
closes,45
closest,31
closet,3
closeup,1
closing,191
clossies,1
closure,114
closures,59
clot,17
clotes,1
cloth,142
clothe,7
clothed,4
clothes,603
clotheswise,1
clothies,1
clothing,108
clothings,1
cloths,16
clots,2
clotted,1
clotting,5
cloud,114
clouded,3
clouding,2
cloudless,2
clouds,47
cloudy,45
clough,6
cloughie,1
clout,21
clouted,6
clouting,2
clove,1
clover,14
cloverfield,2
clovers,1
cloves,1
clow,1
clown,45
clowning,1
clowns,11
clu,3
club,930
clubbable,1
clubbed,2
clubbing,1
clubfoot,1
clubhouse,4
clubman,4
clubs,210
clucking,1
clude,1
clue,217
clued,3
clued-up,1
cluedo,11
clueless,1
clues,58
clumber,4
clump,9
clumpering,1
clumps,3
clumsily,2
clumsiness,1
clumsy,19
clung,1
cluster,64
clustered,2
clustering,2
clusters,19
clutch,47
clutches,4
clutching,8
clutter,6
clutterbuck,2
cluttered,3
clutters,2
cluttery,1
clwyd,14
clyde,17
clydebank,4
clydesdale,5
clydesdales,1
clydeside,1
clygarthy,2
clyne,1
clywd,1
cnd,1
co,416
co-accused,1
co-architects,1
co-chair,3
co-ed,1
co-eds,1
co-educational,2
co-efficient,4
co-efficients,1
co-ential,1
co-evolution,1
co-exist,3
co-existence,1
co-guardian,1
co-habitating,1
co-habitations,1
co-habiting,1
co-hearse,1
co-incidental,1
co-incidentally,1
co-inside,1
co-joined,1
co-labourer,1
co-linearity,1
co-op,165
co-operate,13
co-operated,1
co-operating,2
co-operation,45
co-operative,19
co-operatives,1
co-ops,7
co-opt,2
co-opted,7
co-opting,3
co-option,17
co-options,1
co-optive,2
co-ordinate,8
co-ordinated,7
co-ordinates,5
co-ordinating,5
co-ordination,18
co-ordinator,13
co-ordinators,6
co-organiser,1
co-owners,1
co-partner,1
co-pilot,8
co-pilots,2
co-proctor,2
co-productions,1
co-promoter,4
co-relationship,1
co-work,1
co-written,1
coa,1
coach,160
coached,5
coaches,57
coaching,21
coachloads,1
coachmaker,1
coachman,1
coactive,1
coadjutor,1
coagulate,1
coagulates,1
coal,621
coal-fired,4
coal-house,3
coalesce,1
coalescence,34
coalescing,1
coalface,1
coalfield,11
coalfields,1
coalfired,4
coalforth,1
coalhouse,1
coaling,3
coalite,3
coalition,22
coalitions,9
coalman,12
coals,12
coarse,24
coarseness,1
coarser,2
coast,226
coastal,19
coasted,1
coastguard,7
coastguards,2
coasting,4
coastline,10
coat,535
coated,11
coaties,1
coating,11
coats,79
coax,2
coaxed,2
coaxing,1
cob,14
coba,1
cobalt,1
cobb,1
cobber,2
cobble,3
cobbled,5
cobbler,33
cobblers,5
cobbles,9
coble,6
coblentz,1
cobol,4
cobra,6
cobras,1
coburn,1
cobweb,3
cobwebs,12
coca,25
coca-cola,6
cocaine,16
cocci,1
cochilicus,1
cochin,4
cochineal,3
cochlea,1
cochrane,12
cock,73
cock-a-doodle-do,1
cock-eyed,4
cock-sucking,1
cock-up,6
cock-ups,1
cockatoo,2
cockbrave,2
cocked,10
cocker,4
cockerel,9
cockerels,3
cockerill,1
cockfighting,3
cockier,1
cockiest,1
cockiness,1
cocking,1
cockle,2
cockle-doodle-doo,1
cockles,4
cocklin,1
cockney,27
cockneys,2
cockpit,6
cockpits,1
cockroach,1
cockroaches,4
cockroft,3
cocks,10
cockshall,1
cocksure,1
cocktail,42
cocktails,7
cockup,4
cocky,27
coco,3
cocoa,51
cocoapops,2
cocod,1
cocodamol,5
coconut,22
coconuts,12
cocooned,1
cocoons,1
cod,40
codafiene,1
coddington,1
coddle,1
code,213
coded,17
coder,1
codes,39
codford,2
codge,1
codger,4
codicil,1
codie,16
coding,21
codmans,1
codswallop,2
cody,4
coe,1
coeffic,1
coefficiency,1
coefficient,45
coefficients,15
coefficional,2
coenzyme,1
coerce,1
coerced,2
coerces,1
coercing,4
coercion,7
coercive,2
coeternal,1
coexist,4
cof,2
coff,1
coffee,939
coffeemate,1
coffees,11
coffers,3
coffi,1
coffin,79
coffin-style,1
coffins,14
cofield,1
cog,2
cogent,2
coggeshall,1
cogit,1
cogitation,1
cognac,1
cognition,3
cognitions,2
cognitist,2
cognitive,21
cognizance,5
cogs,2
cogwheel,1
cogwheels,1
cohabiting,1
cohe,1
cohen,2
coherence,4
coherent,27
coherently,2
cohesion,3
cohesive,5
cohesively,1
cohort,4
cohse,12
coil,20
coiled,1
coils,2
coin,84
coinage,3
coincide,12
coincided,4
coincidence,42
coincidences,2
coincident,2
coincidental,6
coincidentally,4
coincides,12
coinciding,1
coined,12
coining,2
coins,49
cointreau,7
coir,3
coke,192
cokes,10
cokey,4
cokin,2
coking,1
col,10
cola,27
colander,3
colchester,58
cold,1437
cold-blooded,2
colder,40
coldershaw,1
coldest,3
coldfield,4
coldly,1
coldness,2
colds,11
coldsores,1
coldwell,1
cole,21
cole-king,4
coleen,2
coleford,1
coleman,11
coleridge,5
coleridgean,1
coles,26
colesfield,6
coleslaw,18
colest,1
colestrial,2
colette,3
coleville,1
coley,4
colgan,5
colgate,3
colic,3
colimore,3
colin,342
coline,1
coliupe,1
colkirk,1
coll,6
collaborate,8
collaborated,1
collaborating,3
collaboration,21
collaborative,16
collaboratively,1
collaborators,9
collage,18
collan,1
collapse,49
collapsed,46
collapses,7
collapsing,14
collar,105
collarbone,3
collared,8
collars,21
collate,10
collated,2
collateral,5
collating,9
collation,1
collator,2
collators,6
colle,1
colleague,149
colleagues,742
collec,2
collect,384
collectable,4
collected,140
collectibles,1
collecting,171
collection,188
collections,26
collective,54
collectively,24
collectives,6
collectivism,1
collectivist,2
collectivity,1
collectivization,24
collectivize,4
collectivized,1
collector,28
collectors,18
collects,27
college,752
colleges,97
collessie,2
collett,1
colleymore,1
collide,5
collided,17
collides,1
colliding,2
collie,9
collier,17
collieries,12
colliers,4
colliery,56
collies,1
collimore,87
collin,1
collindale,2
colline,2
collingdale,1
collings,1
collingsborough,2
collington,2
collingwood,1
collins,28
collinswood,5
collision,12
collisions,2
collium,2
collocation,1
colloidal,1
colloids,1
colloquial,8
colloquialism,3
colloquially,2
colluded,1
collymore,2
colman,5
colmris,1
colnbridge,1
colo,2
cologne,3
colombo,2
colon,23
colonaise,5
colonel,56
colonels,1
colonial,10
colonialism,2
colonies,13
colonised,1
colonized,2
colons,1
colony,13
colorado,8
coloration,4
colossal,13
colossians,3
colostomy,2
colostrum,2
colou,1
colour,1036
colourblind,1
coloured,188
coloureds,5
colourer,1
colourful,17
colouring,72
colourists,2
colourless,9
colours,353
colourwashed,1
colt,6
colts,6
coltsfoot,1
columbia,16
columbian,3
columbo,2
columbus,3
column,123
columnist,2
columnists,2
columns,66
colvern,1
colvill,1
colville,3
colwell,2
colwick,2
colwyn,5
com,100
coma,13
comas,1
comb,37
combat,55
combatant,1
combating,2
combative,2
combats,2
combatted,1
combed,8
combes,1
combination,117
combinations,21
combine,96
combined,78
combines,8
combing,8
combining,23
combray,1
combs,2
combust,1
combustible,1
combustion,6
come,18020
come-uppance,3
comeback,18
comebacks,1
comed,1
comedian,20
comedians,9
comedienne,2
comedies,4
comedy,84
comely,1
comers,5
comes,3407
comet,28
cometh,3
comets,1
comeuppance,1
comfort,69
comfortable,259
comfortably,26
comforted,4
comforter,1
comforting,8
comforts,6
comfy,23
comi,3
comic,43
comical,12
comics,19
coming,5548
comings,4
comm,5
comma,103
command,103
commandant,2
commanded,12
commandeer,3
commandeered,1
commander,62
commander-in-chief,1
commanders,9
commanding,16
commandist,1
commandment,4
commandments,6
commando,5
commands,22
commas,70
comme,5
commemorate,3
commemorates,2
commemorating,4
commemoration,3
commemorative,4
commen,1
commence,21
commenced,20
commencement,16
commences,4
commencing,14
commend,44
commendable,8
commendation,4
commendations,1
commended,53
commending,5
commends,3
commensurability,1
commensurable,1
commensurate,5
comment,818
commentaries,2
commentary,44
commentating,3
commentator,5
commentators,10
commented,38
commenting,28
comments,647
commerce,48
commercial,252
commercialism,4
commercialization,13
commercialized,5
commercially,20
commercials,10
commerical,1
commi,3
commis,1
commiserate,2
commiserations,2
commissar,2
commissars,2
commission,428
commissionaires,2
commissioned,28
commissioner,24
commissioners,35
commissioning,20
commissions,51
commit,107
commitment,296
commitments,130
commits,7
committal,14
committed,325
committee,1937
committees,215
committing,43
commode,3
commodities,27
commodity,17
commodore,9
commodores,9
common,706
commoner,1
commonest,7
commonly,39
commonplace,11
commons,137
commonsense,22
commonwave,1
commonwealth,32
commotion,5
commu,7
commun,2
communal,17
communally,1
commune,5
communes,2
communi,3
communicado,8
communicant,10
communicate,79
communicated,14
communicates,4
communicating,41
communication,224
communication-wise,1
communications,98
communicative,3
communicator,7
communicators,8
communion,90
communism,66
communist,227
communists,53
communitarian,3
communitarianism,3
communities,143
community,1300
commutator,1
commutators,7
commute,10
commuted,2
commuter,13
commuters,10
commutes,1
commuti,1
commuting,27
como,2
comp,29
compa,3
compact,50
compacted,2
compacting,1
compactors,1
compacts,1
compan,3
companies,763
companion,21
companions,3
companionship,10
company,1641
company-wide,1
companying,1
compaq,1
compar,2
comparable,42
comparably,1
comparative,33
comparatively,22
compare,187
compared,324
compares,23
comparing,48
comparison,96
comparisons,21
compartment,17
compartmentalised,2
compartmentalization,1
compartmentalized,2
compartments,8
compass,15
compassed,1
compasses,1
compassion,34
compassionate,6
compassionately,1
compassions,2
compatibility,5
compatible,31
compatriot,1
compatriots,2
compel,4
compelled,12
compelling,11
compels,1
compen,1
compendium,1
compensa,1
compensate,33
compensated,19
compensates,3
compensating,6
compensation,156
compensations,2
compere,2
compered,1
compesso,1
compete,80
competed,3
competence,21
competencies,17
competency,14
competent,54
competently,3
competes,2
competing,76
competit,1
competition,457
competition-winning,2
competitions,37
competitive,162
competitively,12
competitiveness,12
competitives,1
competitor,24
competitors,48
compil,1
compilation,13
compile,27
compiled,39
compiler,9
compilers,2
compiles,2
compiling,14
compilio,1
compl,2
compla,1
complacement,1
complacency,11
complacent,17
complain,145
complainant,2
complainants,1
complained,71
complainers,2
complaining,110
complains,13
complaint,123
complaints,198
comple,2
complement,21
complementary,10
complemented,2
complementing,1
complements,2
complet,3
complete,616
completed,179
completely,827
completeness,5
completer,6
completers,1
completes,4
completing,21
completion,66
completions,9
complex,270
complexes,5
complexion,9
complexities,8
complexity,25
compliance,25
compliant,13
complica,1
complicate,8
complicated,274
complicates,3
complicating,4
complication,14
complicational,1
complications,22
complicit,1
complicity,2
complied,10
complies,6
compliment,41
complimentary,21
complimented,2
complimenting,2
compliments,12
comply,63
complying,9
compo,9
component,51
componentry,1
components,78
compos,1
compose,6
composed,33
composer,23
composers,6
composes,1
composing,4
composite,179
composited,1
composites,2
composition,57
compositional,3
compositions,3
composium,1
compost,32
compostable,1
composted,1
composting,5
composure,3
compou,2
compound,93
compounded,13
compounding,6
compounds,27
comprehend,7
comprehended,1
comprehendible,1
comprehensible,1
comprehensibly,1
comprehension,2
comprehensive,104
comprehensively,3
comprehensives,4
comprends,1
compress,7
compressed,22
compressing,3
compression,21
compressor,2
compressors,7
compris,1
comprise,10
comprised,3
comprises,18
comprising,11
compromise,81
compromised,6
compromises,4
compromising,13
compserve,1
compton,8
compu,3
compulsion,9
compulsive,8
compulsively,2
compulsorily,2
compulsory,81
compunction,1
compunctions,1
compus,2
comput,3
computation,3
computational,6
computations,1
compute,8
computed,1
computer,877
computer-aided,1
computer-based,4
computer-generated,1
computer-wise,1
computered,1
computering,1
computerisation,2
computerise,1
computerised,5
computerization,1
computerize,1
computerized,18
computerizing,2
computers,269
computes,1
computing,61
comrade,9
comradely,2
comrades,46
comradeship,7
comunic,1
con,196
conan,1
conasquay,4
conc,15
concatenate,4
concatenated,1
concatenates,1
concatenation,2
conceal,4
concealed,37
concealing,1
conceals,2
concede,24
conceded,18
concedes,4
conceding,1
conceit,3
conceited,6
conceivable,11
conceivably,13
conceive,20
conceived,16
concen,2
concensus,1
concent,1
concentr,1
concentrat,1
concentrate,235
concentrated,74
concentratedly,1
concentrates,12
concentrating,106
concentration,108
concentrational,1
concentrations,25
concep,2
concept,224
conception,40
conceptions,4
concepts,46
conceptual,5
conceptualise,2
conceptualised,5
conceptualization,1
conceptualize,2
conceptually,1
concer,3
concern,520
concerned,1399
concerning,91
concerns,227
concert,146
concerted,9
concertina,2
concertinaed,1
concertinas,1
concertino,3
concerto,11
concertos,1
concerts,43
concession,16
concessionary,8
concessions,38
conciliation,10
conciliators,1
conciliatory,3
concise,20
concisely,4
conciseness,1
conclude,69
concluded,36
concludes,31
concluding,16
conclusion,243
conclusions,85
conclusive,6
conclusively,3
concoct,3
concocted,2
concoction,2
concomitant,1
concorde,10
concourse,5
concrete,167
concreted,2
concreting,2
concubine,7
concur,16
concurred,2
concurrence,1
concurrent,7
concurrently,8
concurs,1
concussed,4
concussion,13
condam,10
condemn,38
condemnation,15
condemned,40
condemners,1
condemning,17
condemns,6
conden,2
condens,1
condensa,1
condensation,21
condense,10
condensed,19
condensing,3
condescending,3
condicote,2
condiment,1
condiments,1
condit,1
condition,236
conditional,16
conditioned,6
conditioner,21
conditioners,3
conditioning,26
conditions,578
condoled,1
condolence,1
condolences,3
condom,29
condominium,2
condominiums,1
condoms,27
condone,9
condoned,2
condones,4
condoning,8
condra,1
condu,1
conducive,9
conduct,94
conductance,36
conductances,4
conducted,72
conducting,25
conductivity,15
conductor,52
conductors,25
conductresses,2
conducts,10
conduit,1
cone,11
cones,16
coney,6
coneygate,1
conf,4
confa,1
confab,1
confectioner,3
confectioners,7
confectionery,13
confed,3
confederacy,3
confederate,1
confederation,7
confederations,3
confen,1
confer,5
confere,1
conference,712
conferences,148
conferred,3
conferring,2
confers,2
confess,55
confessed,10
confesses,1
confessing,4
confession,53
confessional,3
confessions,3
confessor,1
confetti,2
confi,1
confidant,1
confide,3
confided,1
confidence,299
confidences,2
confident,227
confidential,57
confidentiality,16
confidently,10
config,7
configuration,9
configurator,5
configure,2
confine,12
confined,60
confinement,5
confinements,1
confines,10
confir,1
confirm,159
confirmation,87
confirmations,1
confirmative,1
confirmed,102
confirming,13
confirms,14
confiscate,7
confiscated,5
confiscation,9
conflab,1
conflate,1
conflict,217
conflicted,4
conflicting,22
conflicts,38
confluence,1
conform,28
conformalities,1
conformance,7
conformances,2
conformant,2
conformation,8
conformations,1
conformed,3
conforming,5
conformist,1
conformity,21
conformo,1
conforms,8
confron,1
confront,12
confrontation,22
confrontational,12
confrontations,2
confronted,32
confronting,3
confronts,2
confu,2
confucian,1
confucians,1
confucius,2
confuse,42
confused,204
confuses,11
confuseurs,1
confusing,118
confusingly,1
confusion,110
confusions,5
conga,6
congas,2
congeal,1
congealed,3
congeals,1
congenital,6
congenitally,1
congested,17
congestion,40
congle,1
conglomerate,4
conglomerates,1
conglomeration,3
congo,3
congolese,1
congr,1
congratulate,51
congratulated,15
congratulates,1
congratulating,8
congratulation,1
congratulations,56
congregate,6
congregated,2
congregating,2
congregation,59
congregational,3
congregationalist,1
congregations,10
congress,647
congressed,1
congresses,9
congressional,4
congruously,1
conical,5
conifer,7
coniferous,2
conifers,8
conisbrough,1
conium,1
conjecture,2
conjuctiv,1
conjuctivitus,1
conjugal,1
conjugals,1
conjugate,2
conjugators,1
conjunction,11
conjunctions,1
conjure,4
conjured,2
conjurer,1
conjures,4
conjuring,6
conk,1
conked,10
conker,5
conkers,7
conking,2
conks,1
conley,2
conmey,2
conne,1
connect,53
connectable,1
connected,145
connecti,2
connecticut,1
connecting,9
connection,108
connections,37
connective,2
connectives,1
connector,3
connectors,3
connects,8
conned,17
connell,3
connells,1
connelly,6
conner,1
connery,2
connie,38
conning,12
connivance,1
conniving,2
connoisseurs,2
connolly,13
connor,5
connotation,4
connotations,7
conolly,2
conomy,2
conort,1
conortoxin,1
conquer,14
conquered,4
conquering,2
conqueror,6
conquest,3
conrad,1
conrod,5
conrods,2
conroy,1
cons,35
consa,1
consaquay,3
consc,1
conscience,72
consciences,7
conscientious,20
conscientiously,1
conscio,1
conscious,232
consciously,26
consciousness,39
conscrip,1
conscript,1
conscripted,3
conscription,8
conscripts,2
conse,1
consecrated,1
consecration,4
consecutive,12
consensual,3
consensus,54
consent,96
consentants,1
consented,4
consenting,3
consents,6
consequence,101
consequences,148
consequent,13
consequential,5
consequently,79
conser,1
conserv,1
conservation,127
conservational,1
conservationists,5
conservatism,6
conservative,455
conservatives,194
conservatories,11
conservatory,44
conserve,11
conserved,2
conserves,1
conserving,1
consett,7
consi,1
consid,3
consider,679
considera,1
considerable,254
considerably,114
considerate,17
consideration,346
considerations,101
considered,415
considering,233
considers,45
consigned,3
consignment,47
consignments,9
consis,1
consist,26
consisted,21
consistency,44
consistent,128
consistently,64
consisting,7
consists,45
consolation,20
console,15
consoled,2
consolers,1
consolid,1
consolidate,14
consolidated,13
consolidating,3
consolidation,5
consonant,5
consonants,1
consort,1
consortia,3
consortium,47
consortiums,1
conspicuous,5
conspiracy,13
conspiratual,1
conspire,2
conspired,4
conspiring,4
const,1
constable,122
constables,32
constabularies,1
constabulary,8
constance,9
constancy,12
constant,231
constantine,2
constantly,135
constants,5
constellation,1
consternation,1
constipated,6
constipatied,2
constipation,5
constit,1
constituencies,51
constituency,104
constituent,29
constituents,40
constitut,2
constitutary,1
constitute,15
constituted,14
constitutes,14
constitution,125
constitutional,55
constitutionalist,2
constitutionalists,1
constitutionally,1
constitutions,6
constr,1
constrain,16
constrained,36
constraining,7
constraint,41
constraints,101
constri,1
constricted,5
constricting,3
constriction,2
constrictions,1
construct,33
constructed,29
constructing,7
construction,131
construction-related,1
constructional,1
constructions,11
constructive,57
constructively,5
constructivist,3
constructors,1
constructs,2
constructural,1
construe,2
construed,4
consul,7
consular,1
consulate,3
consulates,1
consuls,1
consult,60
consulta,2
consultancies,3
consultancy,26
consultant,104
consultants,129
consultat,1
consultate,1
consultation,330
consultations,35
consultative,22
consulted,67
consultees,1
consulting,26
consultive,1
consults,1
consume,33
consumed,14
consumer,120
consumerism,5
consumers,64
consuming,33
consumism,1
consummated,2
consummately,1
consumption,72
cont,10
conta,2
contact,668
contactable,6
contacted,70
contacting,31
contacts,136
contagious,4
contain,82
containable,1
contained,108
container,36
containers,52
containing,40
containment,23
contains,87
contaminants,1
contaminate,2
contaminated,24
contaminating,2
contamination,13
contax,2
conte,1
contemplate,14
contemplated,15
contemplates,1
contemplating,14
contemplation,10
contemplative,1
contemporaries,6
contemporary,46
contempt,16
contemptible,2
contemptuous,2
contemptuously,1
contend,13
contended,5
contender,3
contenders,1
contending,4
contends,1
content,189
contented,9
contention,19
contentious,26
contentment,2
contents,69
contest,34
contestant,4
contestants,7
contested,4
contesting,3
context,365
contexts,13
contextual,5
contiguous,3
contin,3
contined,1
continent,61
continental,45
continentals,10
continents,7
contingence,1
contingencies,11
contingency,81
contingent,16
contingents,3
continual,24
continually,57
continuance,3
continuant,1
continuation,34
continue,689
continued,155
continues,98
continuing,196
continuity,35
continuous,170
continuously,37
continuum,9
contortionism,1
contortionist,2
contr,7
contra,7
contra-distinction,1
contra-flow,1
contraception,25
contraceptions,1
contraceptive,6
contraceptives,3
contract,687
contracted,23
contracting,35
contraction,12
contractions,6
contractive,1
contractor,46
contractorization,1
contractors,78
contracts,215
contractual,13
contractualising,1
contracture,1
contradicente,1
contradict,16
contradicted,9
contradicter,1
contradicting,3
contradiction,19
contradictions,8
contradictory,15
contradicts,7
contraflow,25
contraption,11
contrary,44
contrast,87
contrasted,1
contrasting,12
contrasts,6
contravene,3
contravention,3
contri,1
contribut,1
contribute,115
contributed,55
contributes,15
contributi,1
contributing,36
contribution,302
contributional,1
contributions,142
contributor,9
contributors,8
contributory,3
contrive,1
contrived,2
contro,1
control,1151
controllability,7
controllable,8
controlled,166
controller,36
controllers,1
controlling,77
controls,95
controlwise,1
controversial,77
controversiality,1
controversially,4
controversies,3
controversy,40
conundrums,1
conurbation,16
conurbations,2
conv,2
convalesce,3
convalescence,1
convalescent,2
convalescing,2
convected,1
convection,2
convector,2
conven,2
convena,1
convene,3
convened,6
convener,5
conveners,2
convenience,50
conveniences,10
convenient,101
conveniently,13
convening,2
convenor,64
convenors,4
convenorship,2
convent,14
convention,50
conventional,67
conventionally,5
conventions,15
convents,2
conver,3
converge,5
converged,3
convergence,20
convergency,1
convergent,5
converging,3
convers,2
conversa,3
conversant,2
conversat,2
conversate,2
conversation,632
conversation-wise,1
conversational,13
conversationally,2
conversations,181
conversative,1
conversatives,1
converse,18
conversely,14
conversing,3
conversion,67
conversions,45
convert,57
converted,66
converter,2
converters,5
convertible,7
converting,7
convertor,2
converts,9
convex,1
convey,36
conveyance,6
conveyancing,19
conveyed,7
conveyer,3
conveyers,1
conveying,4
conveyor,10
conveys,5
convic,1
convict,4
convicted,30
conviction,36
convictions,36
convince,61
convinced,151
convinces,1
convincing,44
convincingly,3
convoluted,9
convoy,23
convoys,5
convulsed,1
conway,21
conways,3
coo,24
coobie,1
coochy,3
cooee,4
cooeee,2
cook,351
cookbook,1
cooke,1
cooked,174
cooker,155
cookers,12
cookery,30
cookie,13
cookies,6
cooking,276
cooks,27
cooksdown,1
cookshop,1
cookson,2
cookstown,1
cool,183
coolant,1
cooled,13
cooler,22
coolers,7
coolest,2
cooling,23
coolly,4
cools,4
coombes,4
coop,10
cooped,3
cooper,76
cooperage,2
cooperages,1
cooperate,20
cooperated,6
cooperating,4
cooperation,75
cooperations,2
cooperative,55
cooperatives,12
coopers,18
coopland,1
coops,2
coopt,1
coopted,1
coor,1
coordin,1
coordinate,25
coordinated,9
coordinates,4
coordinating,23
coordination,30
coordinative,1
coordinator,57
coordinators,8
coot,2
cop,34
cop-out,1
copable,1
copacabana,4
cope,399
coped,22
copenhagen,4
copernicus,1
copes,11
cophill,1
copi,1
copied,79
copier,4
copies,203
copilot,1
coping,76
copings,1
copious,1
copiously,1
coplands,2
copley,3
copmanthorpe,1
copped,4
coppell,1
copper,145
copper-wound,1
copperfield,3
copperplate,3
coppers,15
copperwork,1
copping,1
coproxamols,1
cops,11
copse,16
copter,1
coptock,2
copulate,1
copulating,2
copulations,2
copy,701
copyable,6
copycat,1
copycats,1
copydex,5
copying,41
copyright,22
cor,531
cora,1
coracle,1
coral,21
corals,4
corbett,5
corbusier,1
corby,12
corcus,3
cord,40
corder,2
cordingly,1
cordless,6
cordon,3
cordons,3
cords,21
corduroy,1
cordwina,1
core,112
cored,1
coreldraw,13
cores,6
corey,1
corfe,3
corfu,1
corgi,6
corgis,2
corinder,2
corinia,1
corinne,3
corinthia,1
corinthian,2
corinthians,13
corizon,1
cork,46
corker,3
corkscrew,2
corky,2
corm,1
corma,1
cormack,1
corn,135
cornea,5
corned,41
corner,886
cornered,7
cornerl,1
corners,73
cornerstone,13
cornet,4
cornets,1
cornfields,2
cornflake,1
cornflakes,30
cornflour,13
cornhill,1
cornice,2
cornish,17
cornmarket,3
corns,5
cornwa,1
cornwall,90
corny,4
corolla,1
corollary,7
corollas,5
coroma,3
corona,3
coronaries,1
coronary,11
coronation,57
coronations,5
coroner,5
coronet,4
corp,8
corporal,18
corporate,133
corporate-wide,1
corporated,1
corporately,2
corporates,7
corporation,116
corporational,1
corporations,4
corporatism,1
corporatist,1
corps,5
corpse,6
corpses,3
corpus,60
corpusized,2
corr,1
corral,1
corre,2
correan,1
correc,1
correct,743
corrected,40
correcting,15
correction,33
corrections,8
corrective,7
correctively,1
correctly,120
correctness,7
corrector,1
correlate,8
correlated,23
correlates,1
correlating,1
correlation,108
correlations,6
corres,3
correspond,13
corresponded,5
correspondence,96
correspondent,26
correspondents,5
corresponder,1
corresponding,30
correspondingly,2
corresponds,9
corridor,142
corridors,32
corrinne,28
corroborating,1
corroboration,2
corroborative,3
corroborees,1
corrode,2
corroded,2
corrosive,6
corrugated,10
corrupt,15
corrupted,7
corruptible,3
corrupting,4
corruption,31
corrupts,3
corsa,1
corsair,1
corsalius,1
corsation,1
corset,4
corseted,2
corseting,2
corsetry,1
corsets,11
corsetted,1
corsham,1
corsican,1
cortezone,1
cortille,1
cortilles,1
cortin,1
cortina,9
cortisone,2
corty,1
cory,1
cos,15926
cosatu,6
cosby,2
coses,7
cosh,10
coshe,6
coshh,2
cosi,2
cosier,1
cosine,10
coslow,5
cosmetic,18
cosmetics,10
cosmic,5
cosmo,9
cosmologist,1
cosmology,3
cosmopolitan,7
cosmos,4
cosner,2
cossacks,1
cosset,1
cosseted,1
cossor,1
cossors,4
cost,2067
cost-cutting,2
cost-effective,14
cost-efficiency,1
costa,1
costas,2
costco,6
costcutters,1
costed,11
costello,3
costing,146
costings,14
costlier,1
costliest,1
costly,40
costs,936
costume,49
costume-wise,1
costumes,22
costumier,1
cosy,36
cot,48
cote,2
coterie,1
coterminous,3
cotes,3
cots,2
cotswold,8
cotswolds,8
cottage,179
cottages,37
cottagey,1
cottam,1
cotter,2
cotteril,1
cotterill,1
cotton,123
cottoned,4
cottoney,3
cottons,2
cottonvale,2
cottonwool,1
cottony,2
cottrill,1
cou,81
couch,25
couched,5
couchgrass,2
cough,157
cough-up,1
coughed,10
coughing,59
coughs,8
coul,4
could,20226
couldn,2
coulson,3
coun,20
counc,6
counci,1
council,4399
council-owned,4
council-run,1
councill,1
councilling,1
councillor,1083
councillors,278
councils,478
councilspeak,1
counsel,37
counselled,7
counselling,45
counsellor,13
counsellors,4
counsels,1
count,456
count-down,1
countdown,14
counted,83
countenance,14
countenanced,1
counter,168
counter-attacked,1
counter-balance,2
counter-balanced,1
counter-claims,1
counter-culture,1
counter-intellectual,1
counter-intuitive,1
counter-marking,1
counter-productive,9
counter-revolution,2
counter-revolutionaries,1
counter-tactic,1
counter-terrorist,1
counteract,10
counteracted,2
counteracting,2
counteracts,2
counterbalance,5
counterclaim,20
counterfeit,2
counterfeiter,1
counterfeiters,1
countering,1
countermand,1
counterpane,1
counterpar,1
counterpart,3
counterparts,11
counterpointed,1
counterproductive,5
counters,27
countersign,3
counterstrike,1
countervailing,1
countess,1
counties,92
counting,157
countless,7
countries,587
countrified,3
country,2120
country-wide,1
countryman,5
countrymen,8
countrys,1
countryside,342
countrywide,1
countrywomen,1
counts,102
county,2680
county-size,1
county-wide,9
countywide,2
coup,24
coupe,2
coupes,1
couping,1
couple,2311
coupled,25
coupler,1
couplers,1
couples,69
couplet,1
couplets,1
coupling,13
couplings,1
coupon,17
coupons,23
coups,1
cour,5
courage,93
courageous,10
courages,1
courcier,17
courgette,5
courgettes,8
courier,12
couriers,4
cours,1
course,2286
coursed,1
coursefinder,1
courses,357
coursework,28
court,978
court-martialled,1
court-room,1
courtald,1
courtauld,2
courtenay,2
courteous,8
courteously,1
courtesy,38
courthouse,2
courtiers,1
courting,19
courtney,3
courtroom,5
courts,147
courtship,2
courtyard,19
courtyards,3
cous,2
cousin,130
cousins,58
cousteau,1
couturier,1
cov,3
cova,1
cove,4
coved,3
coven,1
covenant,6
covent,9
coventry,45
cover,1013
coverage,97
coverall,1
coveralls,2
covered,565
covering,152
coverings,4
covermaster,49
covers,204
covert,4
covertly,1
coves,1
coveted,4
coving,2
cow,213
cowabongga,2
cowabunga,3
cowan,3
cowap,1
coward,3
cowardice,5
cowardliness,1
cowards,5
cowboy,25
cowboys,20
cowden,3
cowed,2
cowell,3
cower,3
cowering,1
cowes,2
cowie,1
cowing,1
cowl,1
cowlers,1
cowley,40
cowley-made,1
cowls,2
cowper,1
cowrie,1
cows,105
cowslip,3
cowslips,1
cox,22
coxed,1
coxes,4
coxing,1
coxswain,4
coy,7
coyly,1
coypu,6
coze,1
cpms,1
cr,19
cra,13
crab,22
crabbit,1
crabby,3
crabs,7
crabtree,1
crac,1
crack,143
crackamondo,1
crackdown,5
cracked,82
cracker,36
cracker-wise,1
crackerjack,4
crackers,68
cracking,57
crackle,8
crackles,2
crackling,4
crackly,1
crackpot,1
crackpots,1
cracks,41
crackside,3
cracow,1
cradle,13
cradles,1
craft,79
crafted,1
crafts,23
craftsman,13
craftsmanship,8
craftsmen,21
crafty,47
crag,4
cragg,1
cragson,1
craig,64
craigan,1
craigar,2
craigavon,2
craighead,1
craigie,1
craigmiller,2
craigs,3
craigy,6
cram,7
cramley,1
cramlington,1
cramm,1
crammed,9
cramming,9
cramond,2
cramp,20
cramped,8
cramping,5
cramps,11
crampton,1
cramwell,2
cranberry,19
crane,80
cranes,20
cranfield,12
cranfields,1
cranial,1
craning,1
crank,7
cranked,2
crankonizers,2
cranks,7
crankshaft,4
cranky,1
cranley,2
crannagh,1
crannies,3
cranny,1
crantit,2
cranwell,3
crap,353
crapped,6
crapper,11
crappiest,1
crappy,20
craps,1
crash,110
crashed,48
crashers,1
crashes,14
crashing,21
crass,7
cratchitt,1
crate,14
crated,1
crater,4
craters,1
crates,10
cravat,4
cravats,4
crave,6
craved,1
craven,43
craves,1
craving,8
cravings,1
crawford,10
crawl,34
crawled,18
crawler,1
crawlers,5
crawley,25
crawlies,3
crawling,13
crawls,3
crawly,2
cray,6
crayon,17
crayoning,3
crayons,19
craythorn,8
craza,1
craze,4
crazed,2
crazier,1
craziest,2
crazily,1
craziness,1
crazy,139
cre,10
crea,4
creak,5
creaked,2
creaking,6
creaks,1
creaky,1
cream,445
creamed,2
creamer,1
creamery,3
creaming,1
creams,16
creamy,19
crease,11
creased,7
creases,10
create,352
created,247
creates,63
creating,122
creatingl,1
creation,114
creations,3
creative,77
creatively,2
creativeness,1
creativity,8
creator,14
creators,2
creature,37
creatures,29
creche,22
creches,5
cred,3
creda,6
credence,4
credentials,9
credibility,48
credible,13
credibly,1
credit,326
creditable,6
credited,13
crediting,2
creditor,1
creditors,9
credits,27
credulity,2
creed,26
creedon,1
creeds,1
creeeh,1
creek,4
creep,44
creepea,1
creeper,2
creepers,1
creeping,43
creeps,13
creepy,14
creesh,2
creeting,3
creg,1
creith,1
crem,1
cremated,5
cremation,1
crematorium,8
creme,26
crendon,8
creole,1
creosote,7
creosoting,1
crept,25
crescendo,13
crescendoed,1
crescendos,1
crescent,16
cress,7
cresser,1
crest,8
crestatus,1
crested,9
cretans,1
crete,4
cretin,1
cretinism,6
cretins,1
crevice,1
crevices,2
crevy,1
crew,138
crewe,14
crewing,2
crewman,1
crewmen,2
crews,30
cri,7
crib,17
cribbage,2
cribbed,1
cribben,1
cribbing,1
cribs,2
crick,2
cricket,153
cricketer,9
cricketers,5
cricketfield,1
cricketing,2
crickets,1
crickey,1
crickl,1
cricklewoods,1
crickley,1
cried,62
crier,3
criers,1
cries,29
crike,1
crikey,56
crimble,1
crime,360
crimea,1
crimean,5
crimes,87
crimestoppers,1
criminal,142
criminalisa,1
criminalisation,1
criminalise,2
criminalised,2
criminality,2
criminalize,1
criminalized,1
criminally,4
criminals,77
criminol,1
criminologist,1
criminology,3
crimple,1
crimplene,1
crimson,3
crin,1
cringe,14
cringed,1
cringing,5
crinkle,2
crinkled,3
crinkles,1
crinkling,1
crinkly,8
crinoline,2
cripes,1
cripo,4
cripple,13
crippled,18
crippler,2
cripples,1
crippling,10
cripplingly,1
cripps,4
cris-cross,1
crises,12
crisis,195
crisp,52
crisped,2
crispen,3
crisper,1
crispie,4
crispies,19
crispin,2
crisply,2
crispness,2
crisps,140
crispy,17
criss,3
criss-cross,2
crisscross,2
crisscrosses,2
cristalize,2
cristalized,1
cristleton,3
cristolino,4
crit,4
critchley,4
crite,1
criteria,365
criterias,2
criterion,136
criterions,1
criterium,1
criti,1
critic,10
critical,219
critically,25
critici,1
criticise,29
criticised,23
criticises,1
criticising,17
criticism,126
criticisms,49
criticize,37
criticized,38
criticizes,5
criticizing,25
critics,51
critique,5
critiques,3
critters,1
cro,5
croak,8
croakers,1
croat,1
croatia,3
croatian,2
croats,3
crochet,10
crocheted,3
crocheting,3
crock,1
crocked,1
crocker,2
crockery,12
crocks,1
crocodile,26
crocodiles,9
crocoldee,1
crocuses,7
croft,17
crofted,1
crofters,5
crofting,1
croftman,3
crofts,3
croissants,4
crome,17
cromed,1
cromer,3
cromwell,4
crone,1
crony,1
crook,15
crooke,3
crooked,22
crookedly,1
crooks,5
croom,2
crop,50
cropped,18
cropper,2
croppers,3
cropping,11
cropredy,5
crops,35
croquet,59
croqueting,1
crosby,21
cross,679
cross-boundary,1
cross-checking,1
cross-country,1
cross-dresser,1
cross-examination,1
cross-examine,4
cross-examined,1
cross-examining,2
cross-eyed,3
cross-legged,2
cross-media,2
cross-party,3
cross-rail,2
cross-reference,2
cross-referencing,1
cross-referred,1
cross-roads,1
cross-routing,2
cross-section,11
cross-sections,6
cross-subsidy,1
cross-training,1
crossbar,14
crossbow,1
crossbreeds,1
crosscheck,2
crossed,144
crosses,32
crossfire,1
crossfires,1
crossheads,2
crossing,183
crossings,14
crosskeys,4
crossley,5
crossline,1
crossly,1
crossmaglen,2
crossman,1
crossover,4
crosspieces,1
crossrail,3
crossroad,3
crossroads,40
crossways,1
crosswell,1
crosswise,1
crossword,41
crosswords,9
crostade,1
crostain,1
crotch,1
crotche,1
crotches,1
crotchet,19
crotchets,20
crotchety,1
crouch,5
crouched,3
crouches,1
crouching,4
crout,1
crow,9
crowbar,2
crowbars,2
crowd,163
crowded,41
crowding,6
crowds,37
crowing,6
crowle,2
crown,180
crowned,5
crowning,1
crowns,4
crows,12
crowston,2
crowther,1
crowthorne,1
croxton,1
croydon,47
crrkkkk,1
crrrk,1
crrrkkkkkk,1
cru,4
cruci,1
crucial,134
crucially,7
crucible,3
crucifi,1
crucified,27
crucifies,1
crucifix,1
crucifixion,9
crucify,8
crucifying,1
crude,42
crudely,9
cruder,1
crudia,1
crudity,1
cruel,97
cruelly,3
cruelty,52
crufts,6
cruikshank,2
cruisbruk,4
cruise,39
cruised,1
cruiseliners,1
cruisers,2
cruises,2
cruising,11
crumb,1
crumble,16
crumbled,4
crumbling,14
crumbly,2
crumbs,42
crumlin,1
crummery,1
crummy,7
crumpalls,2
crumped,1
crumpet,2
crumpets,8
crumple,5
crumpled,5
crumpling,1
crunch,33
crunch-you-upper,1
crunched,4
crunches,1
crunchie,13
crunchies,8
crunching,7
crunchy,20
crunella,1
crusade,4
crusaded,1
crusaders,4
crusades,1
cruse,2
crush,22
crushed,32
crusher,12
crushers,3
crushes,4
crushing,10
crusoe,1
crust,33
crustacea,1
crustal,5
crusted,1
crusting,2
crusts,10
crusty,17
crutch,8
crutches,12
crutchless,3
crux,10
cry,157
cryer,1
crying,172
crypt,2
cryptic,1
cryptosporidia,5
cryptosporidiosis,3
cryptosporidium,9
cryptospyridia,1
crystal,85
crystaley,1
crystalline,4
crystallisation,1
crystallise,1
crystallised,7
crystallize,2
crystallized,3
crystallizes,1
crystallography,2
crystally,1
crystals,24
crystau,2
cs,62
ct,2
cu,46
cub,7
cuba,19
cuban,7
cubby,2
cubbyhole,1
cubbyholes,1
cube,39
cubed,61
cubes,12
cubic,33
cubical,2
cubicle,3
cubing,6
cubs,35
cuckham,1
cuckold,1
cuckoo,16
cucumber,21
cucumbers,2
cud,3
cuddesdon,1
cuddle,56
cuddled,5
cuddleee,1
cuddles,7
cuddling,20
cuddly,22
cuddly-duddly,1
cuddy,1
cudgelling,1
cudworth-flint,1
cue,13
cuellar,2
cues,5
cuff,12
cufflinks,1
cuffs,8
cuisine,10
cul-de-sac,14
cul-de-sacs,1
culford,1
culham,14
culinary,1
cull,4
culled,4
cullen,1
culler,1
culling,1
culloden,1
culls,1
cully,2
culminate,1
culminated,3
culminates,1
culminating,3
culmination,9
culottes,3
culprit,3
culprits,5
cult,8
cultists,1
cultivate,8
cultivated,9
cultivates,1
cultivating,5
cultivation,4
cultivator,2
cultivators,6
cultivi,1
cults,4
cultural,83
culturally,6
culture,159
cultured,4
cultures,39
culvert,4
culverts,1
cum,5
cumb,2
cumberland,7
cumbernauld,4
cumbers,1
cumbersome,7
cumbria,17
cumbrian,1
cumbrous,1
cumma-cumma-dum-do-be-do-dum,1
cumming,1
cummings,3
cummins,2
cumulating,1
cumulative,22
cumulatively,1
cumulus,1
cun,1
cunan,1
cunard,4
cunliffe,1
cunnane,42
cunner,1
cunning,9
cunningly,1
cunt,95
cuntish,1
cunts,8
cup,1164
cupar,1
cupboard,322
cupboards,62
cupful,3
cupfuls,1
cupitt,1
cuppa,11
cupped,1
cuprinol,3
cups,135
cur,13
curabell,1
curable,1
curate,21
curates,2
curative,3
curator,2
curb,16
curbage,3
curbed,1
curbs,3
curd,12
curdle,1
curdled,1
curds,3
cure,75
cured,19
cures,4
curfew,5
curfews,1
curie,4
curing,11
curio,1
curiosity,30
curious,65
curiously,14
curit,1
curl,29
curled,13
curler,3
curlers,2
curlews,3
curlier,1
curlies,4
curling,11
curlm,1
curls,17
curly,74
curly-whirly,1
curly-wurly,1
curlyish,1
curr,1
curran,2
currane,3
currant,26
currants,13
currencies,12
currency,37
current,671
currently,283
currents,39
currer,3
curricula,5
curricular,3
curriculum,135
currie,6
curried,3
curriers,2
curries,4
curry,58
curry-face,1
currycomb,1
currying,5
currys,10
curse,12
cursed,3
curses,3
cursing,2
cursor,29
cursors,2
cursory,9
curt,1
curtail,5
curtailed,7
curtailing,4
curtailment,2
curtain,91
curtained,1
curtaining,3
curtains,194
curtilage,4
curtin,1
curtis,97
curtlingside,2
curton,2
curtsied,1
curtsy,1
curve,105
curved,19
curves,19
curvetting,1
curvier,2
curving,1
cus,2
cushiest,1
cushion,54
cushioned,1
cushions,36
cushiony,1
cushy,3
cuss,7
cussack,1
cussed,1
cussing,5
cussings,1
cust,1
custard,91
custard-pie,1
custards,2
custo,1
custodial,8
custodian,6
custodians,6
custody,50
custom,43
custom-build,1
custom-type,1
customarily,1
customary,5
customer,311
customers,303
customised,2
customs,46
cut,2028
cut-backs,1
cut-down,1
cut-off,4
cut-outs,1
cutback,5
cutbacks,12
cute,56
cutely,2
cuter,2
cutey,5
cuthbert,1
cuthill,1
cuticles,1
cutie,2
cutlery,14
cutlet,1
cutlets,3
cutoff,9
cutout,1
cutouts,1
cuts,309
cutter,30
cutters,22
cutteslowe,2
cuttin,1
cutting,434
cuttings,26
cutts,1
cutty,1
cuvier,1
cv,1
cwm,1
cy,2
cyanide,2
cybil,3
cybilia,2
cyborg,1
cycl,1
cyclamen,4
cyclax,1
cycle,178
cycled,11
cycler,1
cycles,23
cycleways,1
cyclic,5
cyclical,3
cycling,60
cyclist,26
cyclists,31
cyclones,1
cygerly,3
cylinder,47
cylinders,12
cylindrical,3
cymbals,4
cymbra,1
cyndy,1
cynic,2
cynical,53
cynically,2
cynicism,4
cynics,3
cynth,2
cynthia,31
cypriot,13
cypriots,4
cyprus,41
cyril,17
cyst,2
cystectomies,1
cystectomy,2
cystic,2
cystitis,1
cystometogram,1
cystometry,2
cystoscopic,2
cystoscopied,1
cystoscopies,12
cystoscopy,39
cytoplasm,1
cytosol,2
cytosolic,1
czar,1
czech,8
czech-o,2
czech-o-slo-vak-i-a,1
czechoslovakia,19
czechoslovakian,3
czechs,3
d,2550
d-base,2
d-day,2
da,1009
da-dee-da,1
da-na,3
dab,18
daba,1
dabble,3
dabbled,1
dabbling,1
dabi,4
dabs,2
dacca,1
dachau,1
dachshund,1
dachsie,1
dack,1
dad,2780
dada,9
dadas,1
dadda,1
daddies,10
daddy,1099
daddy-longlegs,1
dadely,1
dado,8
dads,20
daedalus,6
daf,2
daff,2
daffies,3
daffodil,6
daffodils,27
daffs,16
daffy,4
daft,196
dafter,1
daftest,2
dafydd,2
dag,1
dagenham,22
dagfields,3
dagger,8
daggerboard,27
daggerboards,1
daggers,3
dagmar,1
dags,1
dahl,1
dahlia,5
dahlias,1
daidle,5
daidley,1
daihatsu,1
daihatsus,1
dailey,1
dailies,6
daily,249
daimler,1
daimler-benz,1
dainton,1
dainty,3
daiquiri,1
dairies,3
dairy,42
dairying,1
dairylea,3
dairyman,1
daisies,7
daisy,47
daitle,1
daitlers,2
daitling,1
daktarin,1
dal,1
dalai,1
dalby,4
dale,29
dalek,4
daler,1
dales,11
dalesman,9
daley,9
daleys,2
dalgleish,1
dali,1
dalinnoch,1
dall,1
dallas,11
dallasburgh,1
dallied,4
dalling,1
dally,7
dallying,1
dalmally,2
dalmatian,1
dalmatians,2
dalnasnecht,3
dalston,6
dalton,4
daltry,1
dalvaine,17
dam,31
damage,343
damaged,97
damages,51
damaging,42
damascus,5
dambor,1
dambusters,5
dame,17
damen,2
damian,8
damien,5
damm,1
damme,4
dammed,2
damming,2
dammit,3
damn,350
damnable,1
damnation,2
damndest,1
damned,27
damning,2
damocles,2
damole,1
damp,110
damped,3
dampen,2
dampened,4
dampening,2
damper,4
damping,1
dampish,1
dampness,8
damps,1
dams,1
damsels,1
damsons,1
dan,203
dana,2
danbridge,6
danby,2
dance,283
danced,18
dancer,12
dancers,29
dances,75
dancey,1
danci,1
dancing,250
dancy,1
dandeanee,3
dandelion,1
dandelions,4
dandruff,4
dandy,6
dandying,1
dane,11
danes,5
dang,6
danger,308
dangerman,1
dangerous,368
dangerously,10
dangers,64
dangle,4
dangled,3
dangles,1
dangling,17
dangly,2
daniel,129
daniell,1
danielle,15
daniels,6
danii,2
danish,31
danke,1
dankeshon,1
danna,2
dannii,4
danny,203
danube,2
danzega,1
danzig,4
dap,1
daph,1
daphne,33
dapper,1
dappy,1
dar,10
darcey,1
darco,1
darcy,2
dardanelles,1
dare,297
dared,20
daredevil,1
daredevils,1
darell,1
dares,4
daresay,12
daresbury,1
darinda,1
daring,13
darjeeling,1
dark,544
dark-blues,1
dark-eyed,1
dark-haired,1
darken,3
darkened,7
darkening,2
darker,44
darkest,6
darkey,1
darkish,6
darkness,45
darkroom,2
darky,3
darlaston,3
darlene,1
darleston,2
darlin,1
darling,601
darlings,4
darlington,21
darn,21
darned,2
darra,1
darrel,8
darrell,2
darren,93
darrow,1
dart,15
dartboard,3
darted,2
dartfield,1
dartford,5
darth,3
darting,1
dartington,11
dartmoor,9
dartmouth,3
dartons,1
darts,65
darwin,142
darwinian,6
darwinians,1
darwinism,16
darwinist,3
darwinists,7
daryl,28
daryll,8
das,8
dasa,1
dash,74
dashboard,6
dashed,11
dashes,3
dashiell,1
dashing,22
dashwood,1
dasilva,21
dass,1
dastardly,6
dat,1
data,525
databank,1
database,229
databases,31
dataflow,1
datapost,1
datareive,2
datas,1
datatrip,1
date,853
dateable,1
dated,53
dateline,4
dates,196
dating,26
datings,1
datsun,8
datus,1
dau,3
daub,2
dauber,2
daugh,2
daughter,559
daughter-in-law,20
daughter-in-laws,2
daughter-mother,1
daughters,87
daughters-in-law,1
daunt,1
daunted,1
daunting,11
dav,2
dava,1
dave,661
davenport,3
davenports,1
daventry,8
daves,2
davey,12
davi,1
david,1429
davidian,12
davidians,12
davidson,13
davie,4
davies,22
davin,7
davina,1
davis,85
davises,1
davison,1
davro,3
davy,6
davydd,2
daw,1
dawdle,2
dawdling,1
dawen,1
dawes,9
dawkins,5
dawlish,1
dawn,196
dawned,10
dawning,2
dawns,1
dawson,4
dawsons,1
dawston,1
dawstone,1
day,7793
day-break,1
day-by-day,2
day-care,1
day-long,2
day-time,2
day-to-day,6
day-trippers,1
daybreak,1
daybrook,2
daycare,4
daydream,4
daylight,50
daylights,2
daynurse,2
dayre,1
dayroom,5
days,3304
daytime,41
daytimer,7
daytimes,1
daytripper,1
daz,4
daze,2
dazed,1
dazzle,5
dazzled,3
dazzles,2
dazzling,8
dbase,4
de,285
de-affiliated,1
de-allocations,1
de-bag,1
de-brief,3
de-briefings,1
de-count,1
de-counted,2
de-counting,1
de-coupling,1
de-criminalization,1
de-furbishment,1
de-grandfathered,1
de-humanising,1
de-icer,1
de-loan,4
de-manning,1
de-merger,1
de-merits,2
de-mob,1
de-motivated,1
de-nailing,1
de-program,2
de-programmed,1
de-programmers,1
de-programming,1
de-recognise,1
de-recognition,8
de-recognize,2
de-recognizing,2
de-regulation,5
de-scale,1
de-skilling,1
de-soldered,1
de-stabilization,1
de-stocking,1
de-sulphurisation,3
de-toxification,1
de-umpty,2
de-valued,1
dea,2
deacon,8
deacons,1
dead,851
dead-headed,2
deadbeat,1
deaden,2
deadline,56
deadlined,1
deadlines,17
deadlock,11
deadlocking,1
deadly,31
deadman,1
deadwood,15
deaf,87
deafen,4
deafened,2
deafening,2
deafens,1
deafness,8
deal,1447
dealed,1
dealer,61
dealers,41
dealership,3
dealing,538
dealings,22
deals,166
dealt,306
dean,74
deana,37
deane,7
deanna,1
deanne,3
deano,1
deans,2
dear,2399
dearer,48
dearest,22
dearie,8
dearly,18
dears,10
dearth,1
deary,10
deasley,1
deason,1
death,592
death-bed,1
deathbed,2
deathedness,1
deathlock,1
deathly,1
deaths,69
deathwish,1
deb,27
deba,1
debar,4
debark,1
debarred,3
debarring,1
debase,2
debasement,1
debatable,10
debate,638
debateable,2
debated,53
debates,51
debating,66
debation,1
debauched,1
debauchery,1
debbie,105
debby,9
debdens,2
debenham,14
debenhams,32
debilitating,4
debilitative,1
debit,20
debited,2
debits,5
debonair,2
deborah,63
debrief,5
debriefed,1
debriefing,3
debris,11
debs,19
debt,179
debtors,5
debts,58
debug,1
debuggers,2
debugging,3
debunk,1
debussy,3
debut,10
dec,11
decade,68
decadence,5
decades,43
decaff,1
decaffeinated,3
decameron,3
decamp,1
decantation,1
decanters,2
decanting,2
decapitated,2
decapitation,2
decasualization,1
decasualized,1
decay,17
decaying,2
decays,2
deceased,18
deceit,6
deceitful,2
deceits,1
deceive,15
deceived,5
deceivers,1
deceiving,5
decelerate,1
decelerating,1
deceleration,4
decelerator,1
december,368
decency,17
decent,277
decently,5
decentralisation,2
decentralising,1
decentralization,3
decentralize,4
decentralized,5
decentralizing,3
deception,9
deceptions,2
deceptive,3
deceptively,1
deci,4
decibel,2
decibels,10
decid,1
decidable,1
decide,711
decided,921
decidedly,1
decides,61
deciding,70
deciduous,1
decimal,90
decimalisation,1
decimalise,1
decimals,34
decimate,2
decimated,5
decimation,1
decipher,9
deciphering,1
decis,1
decisi,1
decision,1005
decision-making,2
decisions,385
decisive,18
decisively,3
deck,72
decker,25
deckered,1
deckers,1
decking,1
deckland,3
decks,14
declan,5
declaration,42
declarations,4
declarative,6
declare,78
declared,69
declares,4
declaring,12
decline,85
declined,27
declines,3
declining,22
deco,2
decode,14
decoded,3
decoder,21
decoders,18
decoding,1
decommission,1
decommissioning,1
decompose,2
decomposes,1
decompress,1
decompressing,1
decompression,1
decontaminate,1
decontamination,2
decor,7
decorate,27
decorated,37
decorating,70
decoration,24
decorations,37
decorative,20
decorator,6
decorators,11
decorous,2
decoupling,1
decoy,2
decr,1
decrease,39
decreased,20
decreases,6
decreasing,25
decree,6
decreed,9
decrees,1
decrepit,12
decried,1
decriminalization,1
decriminalize,1
decry,6
decrying,1
dectalk,1
dectors,1
decurion,1
ded,14
deddington,3
deddle,2
dedective,1
dedic,1
dedicate,13
dedicated,64
dedicatee,1
dedicates,1
dedicating,4
dedication,39
dedications,2
dedicatory,1
dedombar,1
deds,1
deduc,1
deduce,9
deduced,4
deduct,17
deducted,23
deducting,2
deduction,34
deductions,8
deducts,1
dee,324
deed,30
deeds,24
deejaying,2
deekie,1
deeko,1
deem,5
deemed,20
deems,1
deena,1
deep,451
deep-rooted,1
deep-seated,4
deep-throat,1
deep-throated,1
deepdene,2
deepen,2
deepened,2
deepening,7
deepens,3
deeper,47
deepest,12
deeply,77
deer,35
deerness,9
deeside,9
def,20
defaced,2
defacing,2
defacto,1
default,16
defaulters,1
defaults,2
defe,1
defeat,60
defeated,31
defeating,8
defeatist,1
defeats,12
defect,14
defected,1
defection,1
defective,13
defects,14
defemination,2
defen,1
defence,341
defenceless,1
defences,24
defend,107
defendable,2
defendant,105
defendants,77
defended,19
defender,31
defenders,29
defending,35
defends,5
defense,1
defensible,4
defensive,53
defensively,2
defer,33
deference,4
deferent,1
deferential,4
deferral,3
deferre,1
deferred,79
deferreds,1
deferring,5
defers,1
defi,2
defiance,2
defiant,3
defiantly,1
defibrillator,1
deficiencies,2
deficiency,9
deficient,5
deficit,88
deficits,6
defied,5
defies,3
defiling,1
defin,1
define,164
defined,157
defines,18
defini,1
defining,39
definite,151
definitely,953
definites,2
definition,264
definitional,2
definitions,24
definitive,20
definitives,4
deflate,5
deflated,2
deflating,1
deflected,2
deflecting,1
deflection,4
deflections,1
deflowered,1
defoe,1
defoliated,1
deform,4
deformed,12
deformities,4
deformity,7
defrag,1
defraud,4
defrauded,1
defrauding,1
defray,1
defreitas,4
defreites,2
defrost,16
defrosted,2
defrosting,1
defrosts,1
deft,2
deftly,1
defton,1
defunct,5
defuse,2
defused,2
defy,7
defying,3
deg,1
degenerate,11
degenerated,1
degenerates,1
degenerating,2
degeneration,2
degosang,1
degradable,1
degradation,4
degrade,2
degraded,5
degrading,13
degree,433
degree-level,1
degrees,334
degrenality,1
degucht,1
deh,8
dehad,7
dehydrate,2
dehydrated,2
dehydration,3
deidre,1
deign,1
deirdre,8
deities,4
deity,5
dejection,4
dejective,1
dekalb,1
deklerk,2
del,27
del-boy,1
delaxica,1
delay,141
delayed,63
delaying,10
delays,103
delboy,1
delcl,1
delco,1
delegate,119
delegated,44
delegates,148
delegating,8
delegation,53
delegations,9
delete,83
deleted,23
deleterious,5
deletes,7
deleting,12
deletion,5
deletions,2
delev,1
delhi,3
deli,10
delia,7
deliberat,1
deliberate,58
deliberated,2
deliberately,123
deliberating,3
deliberation,3
deliberations,18
deliberatory,1
delic,1
delicacy,6
delicate,40
delicately,8
delicatessen,4
delicious,56
delight,35
delighted,191
delightful,37
delightfully,3
delightfulness,1
delights,7
delila,3
delilah,3
delimitis,3
delineate,1
delineated,1
delineation,1
delinquency,2
delinquent,2
delinquents,2
delirious,3
deliver,222
deliverability,1
deliverable,1
deliverance,50
deliverances,3
delivered,133
deliveries,29
delivering,90
delivers,19
delivery,183
deliving,1
dell,7
della,26
dellasel,1
delle,1
dells,1
delly,1
delmonte,1
deloitt,1
delores,1
delors,3
delph,1
delphic,3
delphiniums,2
delroy,1
delt,3
delta,18
delude,3
deluding,3
deluge,2
delusion,12
delusions,2
delusory,2
deluxe,1
delve,4
delved,1
delvine,1
delving,1
dem,8
demand,390
demanded,32
demanding,65
demands,125
demarcated,1
demarcation,2
demean,1
demeaning,8
demeanour,2
demelo,1
demelza,1
demented,2
dementia,11
demerara,1
demerge,1
demerged,1
demerger,1
demerits,3
demetrius,3
demi,1
demianuk,2
demijohn,1
demijohns,1
demilitarised,1
demilitarization,2
demilitarized,1
demille-like,1
deminimus,1
demise,15
demised,1
demisemiquaver,2
demisemiquavers,1
demisters,2
demo,18
demob,2
demobbed,6
demobilisation,1
demobilized,1
democracies,9
democracy,227
democrat,61
democratic,131
democratically,16
democratics,1
democratisation,1
democratise,1
democratize,2
democratizers,1
democratizing,1
democrats,121
demographic,23
demographically,1
demographics,1
demography,4
demolish,9
demolished,33
demolishing,2
demolition,32
demolitions,2
demon,13
demonic,2
demonized,1
demonology,1
demons,24
demonstrable,3
demonstrably,5
demonstrate,105
demonstrated,46
demonstrates,21
demonstrating,23
demonstration,72
demonstrations,38
demonstrator,7
demonstrators,19
demontfort,4
demoralised,3
demoralising,3
demoralization,2
demoralizing,8
demos,2
demote,1
demoted,2
demotivated,1
demotivating,2
demountable,1
dempsey,20
dems,8
demur,1
demurely,1
den,25
denationalized,1
denatured,1
denbigh,1
dench,5
dendrochronology,1
dene,1
denham,6
denial,9
denials,1
denied,67
denies,26
denigrate,8
denigrated,5
denigrating,1
denigration,1
denim,15
denims,1
denis,3
denise,41
denizens,1
denktash,2
denman,14
denmark,33
dennington,2
dennis,253
denny,2
denominated,2
denomination,8
denominationalism,2
denominations,3
denominator,14
denominators,4
denote,6
denoted,1
denotes,4
denoting,1
denotra,1
denouement,1
denounce,3
denounced,3
denouncing,4
denplan,1
dens,2
dense,21
densely,5
denser,5
densified,1
densities,13
density,45
denso,2
dent,24
dental,23
dented,12
dentist,137
dentists,19
denton,3
dentons,1
dentory,1
dents,1
dentures,3
denver,2
denville,1
deny,110
denying,49
deodorant,12
deodorize,1
dep,12
depar,2
depart,20
departed,9
departement,6
departing,3
department,947
departmental,42
departmentalization,1
departmentally,2
departments,174
departs,3
departure,29
departures,6
depe,2
depeche,1
depen,2
depend,171
dependable,2
dependant,23
dependants,23
depended,35
dependence,13
dependencies,1
dependency,15
dependent,110
dependents,15
dependi,1
depending,65
depends,731
depersonalisation,1
depersonalised,1
depersonalizing,2
depict,1
depicted,3
depicting,1
depiction,2
depicts,3
depleted,5
depletion,2
deplorable,4
deplore,4
deplored,2
deploy,9
deployed,6
deploying,1
deployment,2
depolarization,6
depolarize,6
depolarized,1
depolarizer,2
depolarizers,1
depolarizing,5
depopulation,2
deport,5
deportation,6
deported,7
deportment,1
deposed,1
deposit,151
deposited,18
depositing,5
deposition,5
depositions,2
depositor,2
depositors,4
depository,1
deposits,19
depot,99
depots,22
depraved,1
depravity,3
depreciable,2
depreciate,2
depreciated,1
depreciating,1
depreciation,17
depredation,1
depres,1
depress,7
depressants,1
depressed,125
depresses,2
depressing,52
depression,108
depressions,3
depressive,10
deprivation,23
deprivations,1
deprive,6
deprived,38
depriving,5
deptford,3
depth,115
depths,21
deputation,6
deputations,1
deputies,18
deputized,1
deputizing,1
deputy,238
der,78
der-de-der-de-der,1
derail,1
derailment,2
deranged,1
deray,1
derbies,5
derby,148
derby-lewis,4
derbys,1
derbyshire,70
deregistration,1
deregularization,1
deregulate,1
deregulated,3
deregulation,38
deregulators,1
derek,268
derelict,32
dereliction,1
deri,1
deride,1
derision,3
derisory,4
derivation,4
derivations,1
derivative,3
derivatives,4
derive,18
derived,28
derives,4
deriving,2
derm,1
dermatitis,3
dermatological,5
dermatologist,3
dermavate,5
dermot,2
dermott,4
derndan,1
derning,2
derogations,1
derogatory,14
deronda,1
derrick,6
derricks,1
derriere,1
derris,1
derry,4
dersely,1
dersley,1
derwent,9
derwentwater,1
des,49
desai,4
desalination,2
desaraed,1
descar,1
descartes,3
descend,7
descendant,2
descendants,7
descended,8
descender,3
descenders,2
descending,5
descent,17
descoping,1
descr,1
describe,257
described,266
describer,2
describers,8
describes,56
describing,89
description,211
descriptions,55
descriptive,20
descry,1
desdemona,1
desegregate,1
desegregation,3
deselect,2
deselects,1
desert,77
deserted,17
deserter,1
deserters,4
deserting,2
desertion,5
deserts,12
deserve,103
deserved,42
deservedly,5
deserves,38
deserving,7
desexualized,1
desford,2
desi,7
desic,1
desiccant,1
desiccated,1
desider,1
design,422
designate,6
designated,53
designating,3
designation,30
designations,3
designed,218
designer,42
designers,19
designing,36
designs,55
desir,1
desirabilities,1
desirability,5
desirable,51
desire,118
desired,30
desiree,1
desires,25
desiring,1
desirous,1
desist,1
desista,1
desk,304
desking,2
desks,21
desktop,47
desmoiselles,1
desmond,29
desn,1
desolate,4
desolation,2
despa,1
despair,32
despairing,2
despatch,24
despatched,6
despatcher,9
despatches,3
despatchment,1
desperado,2
desperados,1
desperate,201
desperately,88
desperation,22
despicable,9
despise,3
despised,9
despite,224
despondency,2
despondent,8
despot,3
despotic,1
despotism,6
despots,2
dessert,8
desserts,11
dessi,1
dessie,2
dessy,5
destabilization,2
destabilize,4
destabilized,1
destabilizing,1
destep,1
destin,1
destination,22
destinations,15
destined,9
destiny,19
destitute,8
destroy,83
destroyed,99
destroyer,2
destroyers,1
destroying,33
destroys,13
destructed,1
destruction,58
destructive,26
desulphurisation,1
det,4
deta,1
detabla,1
detach,3
detachable,2
detached,54
detaches,1
detachment,4
detail,474
detailed,256
detailers,1
detailing,4
details,461
detain,3
detained,9
detect,41
detected,22
detecting,12
detection,19
detective,99
detectives,39
detector,20
detectors,14
detects,1
detente,1
detention,29
deter,18
detergent,5
detergents,2
deteriorate,17
deteriorated,22
deteriorates,3
deteriorating,15
deterioration,9
determinals,1
determinant,4
determinants,11
determinate,1
determinately,1
determination,42
determine,112
determined,140
determinedly,1
determines,18
determing,1
determining,40
determinism,4
determinist,3
deterministic,3
deterred,7
deterrent,41
deterrents,3
deterring,2
deters,5
detest,6
detestable,2
detested,2
detonated,2
detonator,2
detonators,3
detory,1
detour,5
detoxified,1
detoxifies,1
detract,11
detracted,4
detracting,6
detraction,1
detractors,1
detracts,3
detriment,15
detrimental,30
detrimentally,1
detroit,2
detrunk,2
detrusor,4
dettol,3
deuce,1
deut,1
deutch,1
deutchmarks,1
deutsch,13
deutsche,1
deutscheland,2
deutschelands,2
deutschmark,9
deutschmarks,11
dev,3
devaluation,2
devalue,1
devalued,10
devalues,2
devaluing,2
devastate,2
devastated,21
devastating,19
devastatingly,1
devastation,6
develo,1
develop,388
developable,1
developed,331
developer,26
developers,47
developing,290
developm,1
development,1470
developmental,15
developments,140
develops,21
devenant,1
devia,1
deviant,1
deviate,6
deviated,5
deviates,1
deviating,6
deviation,9
deviations,11
device,83
devices,67
devil,153
devilment,1
devils,15
devious,9
devise,23
devised,25
deviser,1
devising,7
devizes,8
devlin,1
devo,1
devoid,4
devolution,9
devolve,3
devolved,6
devolving,4
devon,89
devonport,16
devonshire,7
devote,22
devoted,39
devotes,1
devoting,5
devotion,10
devotions,2
devour,3
devoured,5
devouringly,1
devout,2
dew,9
dewhurst,6
dewsbury,4
dewy,1
dewy-eyed,1
dexadrin,1
dextarosatory,1
dexter,2
dexterity,3
dexterous,2
dextrose,7
dextrous,1
dexy,1
dhabi,3
dhow,1
di,392
di-methile,2
dia,8
diabetes,19
diabetic,13
diabetics,2
diable,1
diablo,1
diabolic,1
diabolical,13
diabolically,1
diabolo,1
diacylglycerol,1
diagnose,6
diagnosed,29
diagnoses,5
diagnosing,2
diagnosis,44
diagnostic,23
diagnostics,5
diagonal,22
diagonally,4
diagonals,2
diagram,204
diagrammatic,1
diagrammatically,1
diagramming,1
diagrams,28
dial,47
dial-a-ride,4
dialect,55
dialectal,1
dialectic,1
dialectical,7
dialectically,1
dialectologists,1
dialects,19
dialled,12
dialling,10
dialog,4
dialogue,67
dialogues,5
dials,5
dialysis,4
diameter,31
diameters,2
diametrically,3
diamond,140
diamonds,36
diamondy,1
diana,54
diane,64
dianette,4
dianna,3
dianne,14
diapers,1
diaphragm,1
diaried,1
diaries,29
diarist,1
diarized,1
diarralite,2
diarrhoea,45
diary,204
dias,2
diasopan,2
diaster,1
diastral,1
diathermy,1
diatomic,1
diatoms,1
diatribe,2
diatribes,1
diazepam,9
dib,7
dibbers,1
dibble,3
dibbly,1
dibby,4
dic,4
dice,95
dices,2
dicey,5
dich,1
dicing,1
dick,201
dicken,4
dickens,22
dickensian,1
dickert,1
dickerty,1
dickety,1
dickey,1
dickfield,1
dickhead,23
dickheads,6
dickie,26
dickish,1
dickless,1
dickory,1
dicks,15
dickson,1
dicky,9
dict,1
dictaphone,5
dictaphones,2
dictat,1
dictate,39
dictated,19
dictates,15
dictating,8
dictation,7
dictator,7
dictatorial,5
dictatorship,13
dictatorships,1
diction,3
dictionaries,20
dictionary,244
dictor,1
dictorial,1
dictum,1
dicy,2
did,34966
dida,1
didacticism,1
didcot,72
didcot-based,3
diddicois,1
diddle,57
diddle-daddle,1
diddled,2
diddling,2
diddly,5
diddly-dums,1
diddums,1
diddy,4
didn,7
didnae,6
dido,8
didst,1
die,445
die-hards,1
died,824
diego,2
diehard,1
dieppe,7
dies,64
diesel,75
diesels,4
dieside,3
diesiodinate,1
diet,195
dietary,3
dieted,3
dieter,2
dietician,3
dieting,24
dietotectalitis,3
dietrich,12
diets,19
diety,1
dif,14
difa,1
diff,27
diffe,1
differ,63
differe,1
differed,9
differen,1
difference,1416
differences,212
different,5193
differenti,2
differentiable,3
differential,32
differentially,1
differentials,19
differentiate,151
differentiated,41
differentiates,3
differentiating,32
differentiation,51
differention,1
differently,143
differentness,2
differing,14
differs,17
diffi,5
diffiation,1
diffic,1
difficult,2098
difficulties,298
difficulty,382
diffidence,1
diffident,4
diffin,6
diffuse,1
diffused,8
diffuser,3
diffuses,2
diffusion,3
diflam,3
dig,163
digby,5
digest,33
digested,6
digestible,2
digesting,1
digestive,12
digests,2
digged,3
digger,66
diggers,21
digging,119
digit,22
digital,25
digitally,2
digitise,1
digits,7
dignified,12
dignit,1
dignitaries,4
dignitary,1
dignity,24
digress,11
digressed,3
digressing,3
digression,6
digris,1
digs,26
dihydrocodeine,1
dihydropyradines,1
dijon,1
dike,6
dikes,1
diktat,2
dilap,1
dilapidated,2
dilate,2
dilated,1
dilates,1
dilation,1
dilatory,3
dildo,1
dilemma,43
dilemmas,3
dilettante,1
dili,1
diligence,17
diligent,7
diligently,3
dill,3
dillan,2
dilley,3
dillied,4
dillis,1
dillon,1
dillons,3
dilly,10
dillys,1
dils,1
dilute,21
diluted,6
dilutes,1
diluting,3
dim,30
dimbleby,2
dimension,65
dimensional,15
dimensions,22
dimi,1
diminish,9
diminished,34
diminishing,5
diminuendo,7
diminuendoed,1
diminution,4
diminutive,2
dimitri,1
dimitriargo,1
dimly,1
dimmed,1
dimmer,2
dimming,1
dimorphic,3
dimorphism,7
dimple,1
dimples,5
dims,1
din,22
din-dins,4
dinah,3
dind,1
dinda,33
dine,2
dined,1
diner,9
ding,82
ding-a-ling,1
ding-dong,3
dingaling,1
dingbats,4
dinghies,4
dinghy,7
dingle,2
dingleside,2
dingley,1
dingo,1
dingy,6
dining,162
dink,2
dinkey,1
dinkies,1
dinkish,1
dinkly,4
dinky,9
dinnae,1
dinner,989
dinner-time,2
dinners,42
dinnertime,14
dinnertimes,1
dinning,1
dino,5
dinosaur,28
dinosaurish,1
dinosaurs,28
dinosaurus,1
dint,5
diocesan,1
diocese,7
dioceses,2
diodati,4
diodes,1
diodide,1
diodides,1
dion,2
dionne,2
dioxide,100
dioxin,1
dioxins,2
dip,74
dipabase,4
diphtheria,16
diphthong,3
dipling,1
diploid,4
diploma,49
diplomacy,7
diplomas,1
diplomat,5
diplomatic,31
diplomats,10
dipped,19
dipper,1
dippety-doo-dah,1
dipping,17
dippy,2
dips,20
dipstick,11
dir,9
diralite,1
dire,30
direc,1
direct,499
directed,114
directi,1
directing,33
direction,420
directional,7
directions,144
directive,133
directives,39
directly,290
directness,1
director,426
directoral,1
directorate,3
directories,36
directors,165
directorship,2
directorships,1
directory,133
directs,12
dirge,2
dirk,1
dirt,66
dirtier,3
dirties,2
dirtiest,4
dirtiness,3
dirtisisism,1
dirty,395
dis,60
dis-benefits,6
dis-economies,5
dis-economy,1
dis-invent,3
dis-represent,1
dis-stress,1
disa,6
disabilities,42
disability,103
disabl,1
disable,1
disabled,214
disabled-led,1
disablement,4
disabling,2
disad,1
disadva,1
disadvan,1
disadvantage,54
disadvantaged,22
disadvantageous,3
disadvantages,38
disaffected,2
disaffection,1
disaffiliated,1
disagr,1
disagree,127
disagreeable,5
disagreed,11
disagreeing,9
disagreement,30
disagreements,7
disagrees,9
disallow,4
disallowance,10
disallowed,20
disallowing,3
disallows,1
disambiguate,1
disappear,85
disappearance,11
disappearances,1
disappeared,128
disappearing,31
disappears,26
disappoint,9
disappointed,183
disappointing,45
disappointingly,1
disappointment,36
disappointments,1
disappoints,3
disapprobation,1
disapproval,5
disapprove,6
disapproved,4
disapproves,2
disapproving,1
disarm,1
disarmament,1
disarming,4
disarray,5
disassemble,1
disassoc,1
disassociate,2
disassociated,1
disast,1
disaster,177
disasters,55
disastrous,39
disastrously,5
disavow,1
disavowed,1
disband,3
disbanded,6
disbanding,2
disbarred,3
disbelief,12
disbelieve,2
disbeliever,1
disbelieving,1
disbursements,1
disc,63
discard,15
discarded,11
discerned,1
discerning,3
discernment,3
discharge,51
discharged,26
discharges,5
discharging,7
disci,1
disciple,3
disciple-ship,3
disciples,70
discipleship,2
disciplinarian,1
disciplinarians,3
disciplinaries,1
disciplinary,28
discipline,113
disciplined,15
disciplines,18
disciplining,2
disclaim,1
disclaimer,2
disclaimers,1
disclosable,1
disclose,14
disclosed,18
disclosing,3
disclosure,8
disclosures,1
disclude,1
disco,88
discoloration,1
discolour,1
discolouration,1
discoloured,1
discolours,1
discomfort,12
discomfortingly,1
discomitors,1
discomknockerated,1
discon,1
disconcert,1
disconcerted,1
disconcerting,2
disconnect,10
disconnected,13
disconnecting,5
disconnection,1
disconnections,2
disconsolate,1
discontent,9
discontented,6
discontentment,1
discontents,6
discontinue,5
discontinued,6
discontinuities,1
discontinuity,10
discontinuous,6
discord,1
discos,18
discotheque,1
discotheques,3
discount,157
discounted,37
discountenanced,1
discounter,2
discounters,1
discounting,10
discounts,29
discourage,11
discouraged,14
discouragement,2
discourages,3
discouraging,5
discourse,7
discourses,1
discourteous,5
discover,102
discovered,193
discoveries,9
discovering,12
discovers,2
discovery,54
discredit,1
discredited,1
discreet,9
discreetly,4
discrepancies,14
discrepancy,21
discret,1
discrete,8
discretion,57
discretionary,16
discretione,1
discretions,1
discriminat,1
discriminate,19
discriminated,15
discriminately,1
discriminates,1
discriminating,15
discrimination,43
discriminator,1
discriminatory,5
discs,28
discu,2
discursive,2
discus,10
discuss,429
discussant,1
discussed,302
discusses,6
discussing,191
discussion,587
discussions,211
disdain,4
dise,1
disease,218
diseased,6
diseases,73
disembarked,1
disembowel,1
disempowerment,1
disenchanted,1
disenchantment,1
disendowment,1
disenfranchise,4
disenfranchised,2
disenfranchises,1
disentangled,1
disestablished,1
disestablishment,1
disfigured,3
disfiguring,1
disfunction,1
disgorge,1
disgrace,61
disgraced,3
disgraceful,52
disgracefully,2
disgruntled,3
disgruntlement,1
disgu,1
disguise,26
disguised,7
disguises,7
disguising,4
disgus,1
disgust,7
disgusted,28
disgusteds,1
disgusting,245
disgustingly,2
disgusts,1
dish,164
disharmonies,1
disharmony,1
dishcloth,2
dishcloths,4
dishearten,1
disheartened,2
disheartening,7
dished,6
dishes,112
dishforth,3
dishing,8
dishonest,11
dishonesty,9
dishonour,3
dishonourable,1
disht,1
dishwasher,29
dishwashers,3
disillusion,2
disillusioned,20
disillusionment,3
disincentive,3
disinclination,1
disinclined,2
disinfectant,1
disinfectants,1
disinfection,1
disingenuous,4
disintegrate,2
disintegrated,6
disintegrates,1
disintegrating,1
disintegration,2
disinterested,3
disjointed,9
disk,175
diskette,3
diskful,1
disks,55
dislike,40
disliked,6
dislikes,6
disliking,3
dislocated,17
dislocation,10
dislodge,1
dislodged,3
disloyal,1
disloyalty,4
dismal,11
dismally,2
dismantle,7
dismantled,8
dismantles,2
dismantling,6
dismay,3
dismayed,9
dismiss,22
dismissal,27
dismissals,2
dismissed,39
dismissible,1
dismissing,6
dismissive,9
dismount,1
disney,43
disneyland,8
diso,1
disobedience,4
disobedient,3
disobey,5
disobeyed,1
disobeying,1
disobeys,1
disolv,1
disorder,30
disordered,2
disorderly,1
disorders,26
disorganisation,1
disorganised,8
disorganized,4
disorientated,2
disorientation,1
disoriented,1
disp,1
disparaged,3
disparaging,3
disparagingly,1
disparate,2
disparities,3
disparity,8
dispassionate,1
dispassionately,1
dispatch,5
dispatched,8
dispel,2
dispelled,1
dispendant,1
dispensary,3
dispensation,9
dispensations,2
dispense,11
dispensed,8
dispenser,1
dispensers,3
dispensing,3
dispension,1
dispersal,2
disperse,7
dispersed,19
disperses,2
dispirit,1
dispirited,2
dispiriting,1
displace,6
displaced,14
displacement,28
displaces,2
displacing,3
display,180
displayed,27
displaying,6
displays,39
displease,1
displeased,2
displeases,1
displeasing,1
displeasure,2
disposable,21
disposables,1
disposal,63
disposals,10
dispose,34
disposed,14
disposing,5
dispositer,1
disposition,6
dispositions,2
dispossess,1
dispossessed,6
disproof,1
disproportion,3
disproportional,1
disproportionate,8
disproportionately,6
disprove,2
disproved,1
disputation,1
dispute,125
disputed,10
disputes,30
disputing,11
disqualification,2
disqualifications,1
disqualified,13
disqualifies,1
disqualifying,1
disquiet,4
disquieting,1
disraeli,1
disregard,16
disregarded,3
disregarding,4
disregards,1
disremember,1
disrepair,4
disreputable,1
disrepute,4
disrespect,13
disrespectful,7
disrupt,8
disrupted,14
disrupti,1
disrupting,6
disruption,18
disruptions,1
disruptive,13
diss,1
dissatisfaction,6
dissatisfied,16
dissatisfy,1
dissect,2
dissected,1
dissecting,1
dissection,1
disseminate,4
disseminated,2
disseminating,2
dissemination,2
dissension,2
dissent,11
dissenting,5
dissention,1
dissentions,1
dissert,1
dissertation,4
dissertations,1
disservice,4
dissident,3
dissidents,1
dissimilar,7
dissipate,1
dissipated,1
dissipation,1
dissociate,2
dissolution,7
dissolvable,1
dissolve,30
dissolved,23
dissolves,17
dissolving,6
dissonance,1
dissuade,7
dissuaded,3
dist,2
dista,1
distal,1
distalgesic,1
distalgesics,1
distance,386
distanced,2
distances,54
distancing,1
distant,56
distantly,1
distaste,4
distasteful,1
distemper,4
distil,3
distilled,1
distillers,1
distillery,12
distilling,2
distils,1
distinct,70
distinction,92
distinctions,16
distinctive,23
distinctiveness,1
distinctly,15
distinctness,1
distinguish,57
distinguished,43
distinguishes,5
distinguishing,9
distort,8
distorted,24
distorting,9
distortion,15
distortions,5
distorts,2
distract,11
distracted,13
distracting,6
distraction,7
distractions,4
distracts,1
distraught,3
distress,52
distressed,19
distressful,1
distressing,17
distri,2
distrib,2
distribu,1
distributable,3
distribute,42
distributed,124
distributer,1
distributes,2
distributing,17
distribution,200
distributional,3
distributions,6
distributor,8
distributors,3
distributorship,2
distric,1
district,1233
district-wide,2
districts,244
distrust,6
distrustful,1
distur,2
disturb,45
disturbance,19
disturbances,15
disturbed,40
disturbing,41
disturbingly,3
disturbs,7
disunity,2
disuse,3
disused,6
disush,1
ditch,38
ditched,3
ditches,16
ditchfern,1
ditching,3
dither,5
dithered,4
dithering,5
dithiopin,2
ditto,7
dittoed,2
diuresis,1
diuretics,1
diurnal,1
div,5
diva,2
divali,1
divan,5
dive,36
dived,18
diver,3
diverge,1
divergence,6
divergent,3
divers,5
diverse,21
diversification,16
diversified,2
diversify,12
diversifying,1
diversion,20
diversional,1
diversionary,2
diversions,17
diversity,31
divert,48
diverted,50
diverticulitis,1
diverting,16
diverts,11
dives,1
divest,2
divested,1
divi,11
divide,282
divided,305
dividend,62
dividends,18
divider,8
dividers,12
divides,15
dividing,39
divine,34
diviner,1
diving,31
divinities,1
divinitive,2
divinity,5
divisibility,1
division,502
divisional,85
divisionalization,2
divisionalized,2
divisions,66
divisive,7
divisiveness,1
divisors,1
divisory,1
divorce,87
divorced,67
divorcee,3
divorces,4
divorcing,2
divots,1
divulge,5
divulged,2
divulging,1
divvie,1
divvied,3
divvy,4
dixevit,3
dixie,6
dixon,13
dixon-parkers,1
dixons,22
dixton,7
dizapac,1
dizzier,1
dizziness,2
dizzy,26
dizzying,1
dj,1
dj-ing,1
djinsky,1
djs,6
dm,1
dna,1
do,99925
do-able,1
do-do,1
do-dum-dum,1
do-dum-dum-waking-up-is-hard-to-do,1
do-gooders,3
do-it,1
do-it-all,3
do-it-yourself,11
do-nothing,1
doable,4
dob,7
dobbin,1
dobbo,1
dobbs,1
dobell,1
doberman,3
dobs,1
dobson,9
dobsons,1
dobsworth,1
doc,36
doch,2
docherty,1
doci,4
docile,6
dock,146
docked,12
docker,9
dockers,37
docket,1
dockets,3
dockland,3
docklands,6
docks,50
dockside,1
docksill,5
dockyard,7
dockyards,11
docs,1
doct,1
docted,1
doctor,1105
doctorate,4
doctored,1
doctoring,7
doctors,356
doctrinal,3
doctrine,54
doctrines,2
docu,2
documen,1
document,499
documentaries,4
documentary,27
documentation,81
documentations,3
documented,13
documenting,3
documents,233
dodd,5
doddering,1
doddery,3
doddington,2
doddle,17
dode,1
dodge,9
dodged,2
dodgems,2
dodger,1
dodgers,3
dodges,4
dodgier,1
dodging,6
dodgy,88
dodo,1
doe,12
doers,2
does,16085
doesn,3
dog,1332
dog-eared,2
dogfight,1
dogged,3
doggedly,1
doggerel,1
doggie,19
doggies,5
doggy,56
doggy-do,4
doggy-dos,2
doghouse,1
dogleg,1
dogless,1
dogma,15
dogmatic,6
dogs,399
dogsbody,10
dogside,2
dogwood,1
doh,8
doherty,1
doi,7
doin,2
doing,9885
doings,2
doke,5
dokey,10
dolcis,3
doldrums,1
dole,117
doleful,1
doles,1
dolf,1
dolg,1
dolgarrog,13
doling,1
doll,96
dollar,85
dollars,142
dollies,13
dollo,1
dollop,2
dolloping,1
dollops,1
dolls,29
dolly,97
dolo,1
dolomite,3
dolor,1
dolores,2
dolphin,5
dolphins,8
dolstar,1
dolstars,1
dom,6
domain,12
dome,13
dome-shaped,1
domed,1
domes,2
domestic,223
domestically,6
domesticated,4
domesticating,1
domestics,6
domestos,4
domi,1
domiciled,1
domiciliary,13
dominance,23
dominant,53
dominants,2
dominate,24
dominated,59
dominates,17
dominating,9
domination,7
domineering,2
domini,1
dominic,19
dominican,2
dominion,12
dominiques,2
domino,5
dominoes,14
domp,12
don,154
dona,1
donahue,1
donald,67
donalds,1
donaldson,2
donarius,1
donat,1
donate,20
donated,14
donating,5
donation,37
donations,43
doncaster,32
done,9666
donegal,3
donegall,2
donegan,2
dong,23
donger,1
donithorn,1
donkey,53
donkeys,10
donkin,1
donna,111
donnas,2
donne,8
donned,1
donnellan,12
donnelley,1
donnelly,2
donning,1
donnington,11
donnis,1
donno,2
donny,13
donoghue,1
donor,13
donors,6
donovan,32
dons,3
donson,60
dont,1
donus,1
doo,420
dooberry,3
dooby,7
doodah,4
doodahs,1
doodle,17
doodlebugs,2
doodled,1
doodles,3
doodling,1
doody,5
doofers,1
doohickey,5
doohickeys,1
doolally,6
doolb,1
dooleys,3
doolittle,9
doolly,2
doom,19
doomed,10
doompah,2
doomsday,2
doon,3
doonie,1
doopher,1
doopsey,2
door,2644
door-opener,1
doorbell,10
doorframe,1
doorjamb,1
doorman,3
doormat,3
doormats,1
doorpost,1
doors,423
doorstep,56
doorsteps,3
doorstoppers,1
doorway,38
doorways,6
dooving,1
dopac,1
dopacs,28
dopamine,1
dope,13
doped,3
dopehead,1
dopes,1
dopey,24
dopramine,1
dor,13
dora,15
dorain,1
dorchester,7
dorchester-on-the-thames,2
dordogne,2
dore,2
doreen,66
dorego,1
dorian,2
dorien,1
doris,35
dork,2
dorking,2
dorkins,1
dorm,5
dorman,2
dormant,9
dormez,1
dormice,1
dormitories,1
dormitory,4
dormobile,1
dormouse,4
dormy,1
doro,1
dorothy,81
dorrington,1
dorrisons,1
dorrit,3
dorrits,1
dors,3
dorset,34
dorson,1
dory,1
dos,99
dosage,4
dose,71
dosed,3
doses,15
dosh,13
doss,6
dossed,1
dosser,2
dossers,1
dossing,2
dossy,2
dost,9
dot,156
dote,2
doted,1
dotes,1
doth,2
dothard,2
doting,1
dots,53
dotted,53
dotting,1
dotty,10
dou,1
doub,1
double,992
double-barrelled,2
double-booking,1
double-breasted,1
double-checked,1
double-decker,2
double-fronted,1
double-glazing,1
double-header,1
double-sided,10
double-whamming,1
doubled,64
doubled-sided,1
doubleday,1
doubleglazing,1
doubler,3
doubles,20
doubling,25
doubly,8
doubt,509
doubted,8
doubtful,30
doubting,7
doubtless,12
doubtlessly,1
doubts,58
doug,69
dougal,19
dougan,2
dough,25
doughnut,18
doughnuts,7
doughs,5
doughty,1
doughy,1
dougie,41
douglas,125
dougy,6
doulton,9
dounreay,1
dour,1
douse,2
dov,5
dove,10
dove-tail,2
dove-tailing,2
dovecote,2
dovedale,2
dovelands,4
dovely,1
dover,26
dovercourt,1
doves,10
dovetail,3
dovetailed,1
dovey,2
doving,1
dovvy,1
dow,19
dowdy,7
dowel,4
dowelled,1
dowels,6
dowfield,1
down,17110
down-drift,1
down-grading,1
down-haul,2
down-hill,1
down-home,1
down-rated,1
down-side,3
down-size,3
down-sized,1
down-sizing,1
down-slope,3
down-trading,1
down-trodden,1
downcast,2
downed,2
downend,1
downer,10
downers,1
downfall,8
downful,1
downgrade,1
downgraded,1
downham,2
downhearted,1
downheartening,1
downhill,25
downing,19
downings,1
download,5
downloaded,2
downpour,2
downright,7
downs,38
downside,1
downsta,1
downstair,1
downstairs,322
downstream,3
downtown,3
downtowner,1
downtrodden,6
downturn,11
downward,15
downwards,28
downwind,9
dowry,3
dowsed,1
doxazocin,1
doxological,1
doyen,2
doyle,2
doz,3
doze,6
dozed,3
dozen,269
dozens,46
dozer,1
dozing,12
dozy,7
dp,2
dr,225
dra,13
drab,17
drabble,1
drabs,2
drachma,2
draconian,4
dracula,9
draft,187
drafted,33
drafters,2
drafting,11
drafts,10
draftsman,1
drafty,1
drag,113
draga,1
dragged,39
dragging,41
dragon,24
dragon-like,1
dragonflies,2
dragons,5
dragooned,1
drags,15
drain,74
drainage,39
drainages,1
drained,18
drainer,1
drainers,1
drainhole,1
draining,13
drainpipe,6
drains,35
drake,6
drakes,16
dralon,3
dram,9
drama,108
dramas,3
dramatic,111
dramatically,99
dramatics,3
dramatise,1
dramatising,1
dramatist,1
drank,44
dranked,1
drape,4
draped,6
draper,5
drapers,6
drapery,6
drapes,4
drastic,37
drastically,17
drat,4
draught,45
draughted,2
draughts,18
draughtsman,6
draughtsmanship,1
draughty,3
draw,883
drawback,9
drawbacks,7
drawed,2
drawer,136
drawers,94
drawing,335
drawings,108
drawl,1
drawn,285
drawn-out,1
draws,68
drax,3
dray,10
drayton,3
dre,3
dread,35
dreaded,12
dreadful,155
dreadfully,3
dreading,10
dreadlocks,3
dreads,4
dream,297
dreamcoat,1
dreamed,12
dreamer,9
dreamers,3
dreaming,39
dreamland,1
dreamlike,1
dreams,140
dreamt,35
dreary,7
dreath,1
dredge,29
dredged,21
dredger,55
dredgerman,2
dredgers,4
dredges,1
dredging,55
dreeb,1
dregs,3
drei,1
drenched,4
dresden,1
dress,331
dress-making,1
dressage,1
dressed,210
dresser,18
dressers,1
dresses,76
dressier,1
dressing,127
dressing-gown,1
dressings,2
dressmaker,10
dressmakers,2
dressmaking,3
dressy,2
drew,106
dreyfus,4
dreyfuseur,1
dreyfuss,2
dri,19
dribble,8
dribbled,6
dribbler,1
dribbles,4
dribblethwaite,1
dribbling,12
dribbly,2
dribs,2
dried,143
drier,13
driers,3
dries,36
driest,2
driffield,4
drift,33
drifted,12
drifter,4
drifters,6
drifting,19
drifts,7
driftwood,2
drill,133
drilled,10
driller,6
drillers,1
drilling,27
drills,14
dring,1
drink,1237
drinkable,1
drinker,7
drinkers,8
drinkie,5
drinkies,2
drinking,298
drinks,187
drinky,3
drinky-poos,1
drinkypoohs,1
drip,47
drip-dry,1
drip-pan,1
dripped,7
dripped-dried,1
dripping,47
drippy,5
drips,5
dris,1
driv,2
drive,936
drive-in,2
drive-through,2
driveage,10
driveages,1
drived,1
drivel,2
driven,131
driver,355
drivers,186
drives,87
driveway,18
driveways,7
driving,817
drizzle,16
drizzling,1
drizzly,3
dro,9
droitwich,5
droll,1
drone,3
droned,1
droo,1
drood,2
drool,1
drooled,1
drooling,5
droop,2
drooped,1
drooping,1
droopy,4
drop,717
drop-dead,1
drop-down,2
drop-in,1
drop-leaf,4
drop-out,2
drop-outs,1
droplets,1
dropp,1
dropped,413
dropping,99
droppings,9
drops,122
dropsy,1
droskapovchy,1
dross,2
drought,19
droughts,4
drov,1
drove,178
drover-wood,1
drovers,3
droves,1
droving,1
drow,1
drown,15
drownded,1
drowned,20
drowning,19
drowns,2
drowsiness,2
drowsy,6
droylsdon,1
drs,1
dru,4
drucilla,2
drudge,1
drudgery,1
drug,206
drug-free,2
drug-like,1
drug-using,1
drug-wise,1
drugged,2
druggy,2
drugs,301
druids,1
drum,59
drummed,4
drummer,24
drummers,6
drumming,8
drummund,1
drums,37
drumstick,1
drumsticks,2
drunk,215
drunkard,1
drunkards,1
drunken,16
drunkenly,1
drunkenness,3
drunks,4
drunning,1
drury,4
dry,589
dry-as-dust,1
dry-rot,1
dryden,1
dryer,42
dryers,1
drying,52
dryness,2
drys,1
ds,22
dsa,2
dss,1
du,1751
dual,65
dual-roled,1
dualism,5
dualled,7
dualling,3
duan,1
duane,6
dub,14
dubai,4
dubbed,13
dubbing,4
dubious,32
dublin,77
dubliner,1
dubliners,11
dubrovnik,1
duc,1
ducar,1
duchess,16
duchy,5
duck,243
ducked,7
duckie,3
ducking,6
duckling,5
ducklings,14
ducklington,5
duckman,1
ducks,125
duckwing,2
duckworth,3
ducky,1
ductilance,1
ductile,8
ducts,3
dud,9
duddily,1
dudding,4
duddy,3
dude,25
dudes,4
dudgeons,1
dudley,21
duds,1
dudududududududu,1
due,490
duel,8
dues,18
duet,3
duff,16
duffed,1
duffel,7
duffer,1
duffhead,1
duffley,1
duffs,1
duffy,5
dug,80
dugard,3
duggan,1
dugout,1
dukakis,1
duke,58
dukes,4
dukey,1
dul,1
dulcephone,1
dulcet,1
dulcie,1
dulcy,1
dulgate,2
dull,69
dulles,1
dullest,3
dulling,1
dullness,2
dulux,5
dulwich,13
duly,24
duly-made,2
dum,100
dum-de-dum,1
dum-do-be-do-dum-dum,2
dum-dum-dum,1
dumb,75
dumbarton,1
dumbbell,1
dumbfounded,2
dumbles,1
dumfries,4
dumfrieshire,1
dummied,1
dummies,5
dummy,58
dummying,2
dump,115
dumped,61
dumper,10
dumpers,4
dumping,30
dumpling,6
dumplings,27
dumps,12
dumpty,11
dumpy,5
dun,138
dunbar,6
dunbarton,2
duncan,63
duncans,2
dunce,5
dunces,1
dunchurch,1
dundee,33
dunderth,1
dundonald,2
dune,2
dunes,5
duneva,1
dunfermline,11
dung,12
dungannon,2
dungaree,3
dungarees,9
dungate,2
dungeons,2
dungeys,1
dungy,3
dunk,1
dunkil,2
dunkirk,12
dunlop,5
dunmow,1
dunn,20
dunne,5
dunnet,1
dunoon,7
dunscri,1
dunscroft,4
dunson,1
dunstabians,1
dunstable,10
dunton,3
dunwell,1
dunwich,1
dunwoody,3
dunyask,1
duo,4
duo-art,1
duodenum,1
duopoly,2
duped,2
dupl,1
duplex,2
duplicate,13
duplicated,5
duplicates,2
duplicating,2
duplication,6
duplicator,1
duplicators,1
duplicity,1
duplo,6
dupont,3
dur,9
durability,4
durable,2
durables,5
duracell,3
duran,4
duration,20
durations,1
durban,3
durbar,1
durch,2
durex,2
durham,56
duri,1
during,1581
durkheim,1
durnin,3
durning,7
durrant,6
durrock,1
dursley,1
dury,1
dus,1
dusk,14
dusseldorf,2
dust,195
dustbi,1
dustbin,59
dustbins,6
dustcart,1
dustcarts,1
dusted,13
duster,14
dusters,6
dustin,5
dusting,17
dustman,10
dustmen,1
dusts,2
dustsheets,2
dusty,12
dut,1
dutch,95
dutchess,2
dutchman,1
duties,135
dutifully,1
duttons,3
duty,393
duvane,3
duvet,50
duvets,6
duxford,1
dvorak,1
dwarf,25
dwarfs,21
dwarves,1
dwayne,5
dweebs,1
dwell,27
dwelled,1
dweller,1
dwellers,1
dwelleth,1
dwelli,1
dwelling,29
dwellings,192
dwells,2
dwelt,3
dwibbly,1
dwiggins,1
dwight,1
dwind,1
dwindle,3
dwindled,2
dwindling,6
dwunk,1
dx,1
dy,2
dyck,2
dye,33
dye-house,1
dyed,14
dyeing,6
dyer,2
dyers,2
dyes,8
dyfed,2
dyhouse,3
dying,184
dyke,19
dyked,1
dykes,6
dyking,2
dylan,4
dylexia,1
dyllis,2
dynam,1
dynamic,31
dynamics,22
dynamike,5
dynamism,3
dynamite,7
dynamited,1
dynamo,9
dynasties,1
dynasty,3
dys,1
dysentery,2
dyslexia,29
dyslexic,42
dystrophy,1
dysuria,1
e,3326
e-mail,4
ea,26
each,2518
each-other,14
eadales,1
eadie,5
eager,19
eagerly,4
eagerness,3
eagle,20
eagles,7
eagleton,1
eagon,1
eaking,1
ealing,6
ealy,3
eamon,3
ear,222
ear-holing,1
ear-muffs,1
ear-piece,1
earache,3
earbashing,1
eardrum,5
eardrums,1
earful,1
eargh,4
earhole,14
earholes,2
earl,37
earle,23
earlem,1
earlier,1122
earlies,13
earliest,65
earlme,1
earls,6
earlsbury,1
earlsome,1
earlswood,1
early,1611
earlyish,3
earmark,3
earmarked,24
earmarking,2
earmuffs,1
earn,216
earnable,2
earned,95
earner,14
earners,24
earnest,12
earnestly,1
earning,158
earnings,134
earns,22
earnt,5
earphone,4
earphones,44
earpiece,3
earplugs,2
earring,9
earrings,37
ears,206
earswick,2
earth,573
earthed,2
earthenburg,2
earthenware,4
earthiness,1
earthling,2
earthly,8
earthquake,22
earthquake-proof,1
earthquakes,11
earths,3
earthworks,5
earthworms,1
earthy,4
earwig,1
earwigging,1
earwigs,1
eas,14
easbourne,1
ease,90
eased,18
easel,1
easels,1
eases,7
easi,3
easier,795
easiest,131
easily,508
easiness,1
easing,18
easington,9
easingwold,21
east,847
east-bound,1
east-west,2
eastbound,6
eastbourne,20
eastenders,36
easter,315
easterly,9
eastern,167
easters,1
eastgate,3
easthorpe,1
eastington,1
eastlands,1
eastleigh,2
eastley,1
easton,1
eastville,2
eastward,2
eastwards,7
eastwick,2
eastwood,21
easy,1455
easy-easy,1
easy-peasy,5
easy-trieve,2
easygoing,2
eat,1765
eatable,3
eatables,1
eaten,187
eater,13
eaters,4
eating,510
eaton,9
eats,97
eau,1
eaves,4
eavesdrop,2
eba,1
ebb,3
ebbe,2
ebbw,1
ebonezer,3
ebony,5
ebs,1
ec,9
ecca,1
eccen,1
eccentric,7
eccentricities,1
eccentricity,1
eccles,5
ecclesial,4
ecclesiastical,2
eccleston,1
ecgs,1
echelon,4
echo,57
echoed,6
echoes,8
echoing,4
echoy,1
eck,4
eckhardt,2
eclair,3
eclairs,3
eclastic,1
eclip,1
eclipse,4
eclipsed,1
eclipses,2
eco,7
eco-management,1
ecol,1
ecolars,1
ecoli,1
ecologic,1
ecological,15
ecologically,3
ecology,8
ecolytes,1
ecometric,1
econ,5
econo,1
econo-matrixes,1
econom,2
economi,1
economic,549
economical,26
economically,28
economics,76
economies,69
economise,2
economising,1
economism,1
economist,15
economists,9
economize,1
economizing,4
economosis,1
economy,445
econor,1
ecospan,1
ecosphere,1
ecotech,1
ecstasies,1
ecstasy,12
ecstatic,8
ecstatically,1
ecta,1
ectopic,1
ecumenical,20
ecumenically,1
ecumenism,1
ecz,1
eczema,14
ed,54
edale,3
edam,2
eday,3
edberg,1
edd,9
eddie,49
eddies,3
eddington,2
eddis,1
eddy,24
eded,1
eden,19
edens,1
edery,1
edgar,9
edgbaston,2
edge,340
edgecombe,1
edged,7
edgefield,1
edgehill,3
edger,2
edges,53
edgeware,13
edgeways,7
edgewise,1
edgeworth,2
edging,18
edginton,5
edgy,11
edible,8
edict,2
edicts,1
edie,16
edifact,8
edifice,1
edinburgh,211
edingley,16
edisford,3
edison,16
ediswan,1
edit,59
editable,1
edited,15
edith,36
editing,31
editings,1
edition,85
editions,10
editor,105
editorial,25
editorials,6
editors,21
edminton,2
edmond,1
edmonds,6
edmondson,1
edmonton,4
edmund,22
edmunds,18
edmunston,1
edna,46
edoard,1
edouard,1
edrich,1
edsul,1
edu,2
eduard,1
educa,4
educate,39
educated,100
educating,28
education,1198
educational,183
educationalist,2
educationalists,3
educationally,13
educationists,1
educations,2
educator,1
educators,1
edvard,1
edward,171
edwardian,1
edwards,19
edwin,6
edwina,7
edwinstowe,5
edy,1
ee,379
eeaahoo,1
eee,1
eeee,1
eeeeeeeh,1
eeeeh,1
eeeerrrr,1
eeer,1
eeeuk,2
eejit,2
eek,1
eel,7
eels,10
een,1
eeny,1
eerie,5
eesh,1
eeurgh,1
ef,4
efanol,1
eff,3
effec,4
effect,950
effected,14
effecting,15
effective,363
effectively,352
effectiveness,35
effects,347
effectual,1
effeminate,1
effemininity,1
effervesce,2
effervescence,1
effervesces,3
effi,1
efficacious,1
efficacy,4
efficiencies,11
efficiency,112
efficient,199
efficiently,35
effigy,1
effing,6
effluence,6
effluent,5
effort,368
effortism,1
effortitism,1
effortlessly,2
efforts,135
effrontery,1
effy,1
eg,1
egal,1
egalitarian,8
egalitarianism,49
egalitarians,1
egbert,2
egg,345
eggar,3
eggborough,1
egging,2
eggless,3
eggs,353
eggshell,5
eggshells,3
eggy,1
egham,14
egilsay,8
egit,1
eglantine,8
ego,191
egocentric,3
egoism,6
egoistic,7
egoists,1
egon,1
egos,4
egregious,1
egress,1
egypt,60
egyptian,35
egyptians,11
egyptology,1
eh,2194
ehm,38
eht,1
ei,31
eiffel,9
eig,4
eigh,11
eight,6299
eight-bedded,1
eight-eight,1
eight-ish,1
eight-one,1
eight-to-eight,1
eighte,1
eightee,1
eighteen,1360
eighteen-forties,11
eighteen-forty,1
eighteen-plus,1
eighteen-sixties,2
eighteen-sixty,1
eighteen-thirties,1
eighteen-twenties,1
eighteenish,1
eighteens,1
eighteenth,114
eighter,1
eighth,189
eighths,11
eighties,135
eightieth,4
eightieths,7
eightish,1
eightpence,2
eights,48
eightsome,1
eighty,3075
eighty-eight,18
eighty-first,1
eighty-five,9
eighty-four,2
eighty-nine,11
eighty-one,11
eighty-seven,11
eighty-six,12
eighty-three,2
eighty-two,9
eil,1
eileen,94
eilleen,4
ein,1
eins,1
einstein,20
eire,5
eisenhower,10
eisteddfod,1
eit,3
eith,6
either,2457
ejaculate,2
ejaculated,1
ejaculating,1
ejaculation,9
eject,3
ejected,2
ejecting,1
ejections,1
ejective,1
ek,1
eke,4
ekland,3
el,44
ela,1
elaborate,52
elaborated,8
elaborately,2
elaborates,1
elaborating,1
elaboration,2
elaine,87
elan,1
elapse,2
elapsed,11
elapses,1
elastaplast,1
elastic,28
elasticated,1
elasticities,22
elasticity,48
elated,2
elation,1
elbe,1
elbow,64
elbowing,1
elbows,19
elde,1
elder,54
eldercar,3
elderflower,2
elderlies,1
elderly,280
elders,44
eldership,3
elderslie,1
eldest,73
eldon,1
eldorado,1
eldric,1
eldridge,1
ele,16
eleanor,31
elec,4
elect,37
electant,1
elected,248
electing,9
election,412
electional,1
electioneer,1
electioneering,6
elections,271
elective,1
electoral,90
electorally,1
electorate,38
electorates,2
electors,13
electory,1
electric,310
electrical,155
electrically,9
electricals,3
electrici,2
electrician,28
electricians,13
electricities,1
electricity,335
electrics,24
electrification,7
electrified,1
electrify,1
electrifying,1
electro,6
electro-magnetic,1
electro-mechanical,3
electro-static,1
electrocute,3
electrocuted,2
electrode,2
electrodes,6
electrolux,1
electrolysis,6
electrolyte,1
electrolytes,1
electrolyzing,1
electromechanical,1
electron,9
electronic,71
electronically,4
electronics,34
electrons,41
electropad,1
electrophysiological,2
electrostatic,3
electrs,1
elects,4
elegance,1
elegant,24
elegia,1
elegiac,1
elegies,3
elegy,1
elem,1
element,390
elemental,1
elementary,23
elements,220
eleni,11
elephant,85
elephants,34
eler,1
elev,2
elevate,6
elevated,13
elevating,1
elevation,15
elevations,5
elevator,11
elevators,1
eleven,1599
eleven-sided,1
eleven-thirty,1
eleven-twenty,1
eleven-year,1
elevenish,3
elevens,10
elevenses,8
eleventh,130
elf,1
elgar,22
eli,1
elicit,3
elicited,3
elicits,1
eliger,3
eligibilities,1
eligibility,7
eligible,34
elimelech,9
elimelechis,1
elimilech,1
eliminate,42
eliminated,17
eliminates,2
eliminating,9
elimination,3
eliminator,2
eliot,27
elise,4
elisha,4
elissia,6
elista,1
elite,15
elitism,3
elitist,6
elitiveness,2
elixir,6
elixon,1
eliza,4
elizab,1
elizabeth,161
elizabethan,11
elkie,1
ell,2
ella,7
elland,5
ellands,1
ellen,33
ellenthorpe,2
ellepo,1
ellerdor,2
ellesmere,10
ellial,1
ellie,31
elliel,8
elliesmere,1
ellington,1
elliot,10
elliott,9
ellipse,2
ellipses,1
ellipsis,2
elliptically,1
ellis,8
ellison,1
ellistown,1
ello,6
ellory,1
elloway,1
ells,4
ellwells,1
elly,13
elm,25
elma,2
elmbridge,1
elmchurch,3
elmensbury,1
elmet,1
elmlea,2
elmo,2
elmore,4
elms,6
elocution,3
elocutionist,1
elongate,2
elongated,4
elope,2
eloquence,1
eloquent,9
eloquently,6
elsa,8
elsan,2
else,4927
elserver,8
elses,12
elsevere,2
elsewhere,264
elsie,31
elsivir,5
elstir,9
elston,1
elstree,4
eltham,1
elton,24
elucidate,4
elucidation,1
elude,2
eluded,7
eluding,1
elusion,1
elusive,16
elver,2
elves,1
elvia,2
elvington,1
elvis,21
elwells,1
ely,9
em,125
ema,1
emaciated,1
email,6
emanate,2
emanated,2
emanates,3
emanating,3
emancipate,2
emancipation,5
emancipator,1
emasculating,1
emb,2
emba,3
embalmed,1
embankment,21
embankments,1
embargo,21
embargoed,1
embargoes,1
embark,23
embarkation,2
embarked,16
embarking,11
embarr,2
embarrass,20
embarrassed,119
embarrasses,2
embarrassing,107
embarrassment,36
embarrassments,2
embassies,12
embassy,32
embed,1
embedded,12
embellishment,1
embers,2
embezzled,1
embezzlement,2
embittered,1
emblem,1
embodied,21
embodies,3
embody,6
emboldened,2
emboldens,1
embossed,4
embossing,1
embowered,1
embrace,10
embraced,6
embraces,3
embracing,13
embroider,3
embroidered,2
embroidery,18
embroil,1
embroiled,2
embrooks,1
embryo,4
embryonic,6
embryos,4
emburey,2
emelda,2
emendation,1
emer,2
emerald,5
emeralds,2
emerg,1
emerge,39
emerged,41
emergen,1
emergence,16
emergencies,17
emergency,200
emergent,1
emerges,12
emerging,48
emeritus,2
emersion,1
emery,6
emi,1
emigrate,8
emigrated,8
emigrating,5
emigration,3
emile,1
emille,1
emily,71
eminence,3
eminent,8
eminently,6
emir,11
emirates,1
emis,1
emissary,1
emission,5
emissions,13
emit,2
emitted,3
emley,1
emlyn,4
emm,7
emma,333
emmanuelle,2
emmenlauer,1
emmerdale,19
emmerland,1
emmie,1
emmy,8
emos,1
emotion,38
emotional,117
emotionality,1
emotionally,27
emotions,57
emotive,19
emp,4
empathetic,1
empathy,10
emperface,2
emperor,12
emperors,3
emph,1
empha,1
emphacyte,1
emphas,1
emphasi,1
emphasis,147
emphasise,51
emphasised,16
emphasises,5
emphasising,10
emphasisis,1
emphasize,69
emphasized,16
emphasizes,7
emphasizing,4
emphatic,5
emphatically,7
empire,73
empires,1
empiric,1
empirical,26
empirically,5
empiricism,1
empl,1
emplace,2
empli,1
emplo,2
employ,153
employable,2
employe,2
employed,295
employee,145
employees,217
employer,192
employers,279
employing,50
employm,1
employment,671
employments,3
employs,20
empower,10
empowered,12
empowering,8
empowerment,13
empoy,1
empress,1
empti,1
emptied,37
empties,14
emptiness,2
empting,1
empty,387
emptying,11
emser,2
emu,1
emulate,16
emulating,5
emulator,4
emulsion,15
en,96
en-bloc,1
en-route,1
en-suite,4
ena,4
enabl,1
enable,208
enabled,47
enabler,11
enables,83
enabling,44
enact,5
enacted,8
enacting,3
enactment,1
enamel,11
enamoured,3
encafe,1
encamped,3
encamping,1
encampment,2
encampments,2
encapsulate,1
encapsulated,5
encapsulating,1
encase,1
enchant,1
enchanted,2
enchantment,3
enchiladas,1
encirclement,1
encircling,1
enclave,4
enclos,1
enclose,12
enclosed,20
encloses,1
enclosing,5
enclosure,7
encoded,5
encompass,8
encompassed,2
encompasses,8
encompassing,7
encore,2
encores,1
encou,1
encounter,32
encountered,18
encountering,6
encounters,4
encourage,295
encouraged,140
encouragement,68
encouragements,2
encourages,35
encouraging,158
encouragingly,1
encroach,6
encroached,5
encroaches,1
encroaching,6
encroachment,12
encruster,2
encryption,2
encumbered,1
encumbrance,1
encyclo,1
encyclopaedia,7
encyclopaedias,2
encyclopaedic,1
encyclopedia,8
encyclopedic,1
end,5388
end-terrace,1
end-user,1
endaby,1
endanger,5
endangered,3
endangering,2
endanges,1
endear,3
endeared,1
endearing,3
endearment,3
endeavour,36
endeavoured,8
endeavouring,9
endeavours,9
endecaine,1
ended,238
endemic,3
enderby,1
enders,1
ending,108
endings,5
endless,33
endlessly,6
endo,1
endocrine,1
endogenous,1
endomembrane,2
endomembranes,6
endophilia,1
endophilial,1
endoplasmic,4
endoril,1
endorphin,3
endorsable,1
endorse,44
endorsed,25
endorsement,11
endorsements,1
endorses,4
endorsing,4
endoscop,1
endoscopy,2
endotoxic,3
endotoxin,8
endotoxins,6
endotracheal,1
endow,4
endowed,1
endowment,58
endowments,17
endows,1
endpoints,1
endro-t,1
endrodenny,1
ends,270
endsleigh,4
endu,1
endurance,3
endure,13
endured,3
endures,3
endureth,1
enduring,6
enduringness,1
enema,5
enemas,1
enemies,23
enemy,64
ener,1
energetic,16
energies,15
energised,1
energiser,3
energy,455
energy-rich,1
enfant,2
enfield,20
enfluorane,1
enfolded,1
enfor,1
enforce,39
enforceable,6
enforced,43
enforcement,37
enforcements,1
enforcing,14
enfranchisement,1
eng,14
engage,37
engaged,146
engagement,36
engagements,5
engages,7
engaging,11
engender,4
engi,1
engin,5
engine,396
engined,1
engineer,165
engineered,8
engineering,237
engineerings,1
engineers,132
engines,147
england,585
engli,1
english,1064
english-speaking,1
englishman,13
englishmen,10
englishness,3
engoran,1
engrained,1
engrave,2
engraved,7
engraving,4
engravings,1
engrossed,2
engulfed,4
enhance,40
enhanced,39
enhancement,37
enhancements,1
enhances,4
enhancing,9
enid,9
enigma,3
enitre,1
enj,1
enjambe,2
enjambement,1
enjo,1
enjoined,3
enjoy,572
enjoyable,62
enjoyed,432
enjoying,149
enjoyment,42
enjoys,42
enlarge,15
enlarged,14
enlargement,6
enlarging,5
enlighten,12
enlightened,35
enlightening,3
enlightenment,7
enlist,1
enlisted,2
enlisting,1
enlivened,1
enmeshed,1
enmeshes,1
enna,2
eno,3
enoch,2
enor,2
enormity,2
enormo,1
enormous,329
enormously,73
enou,2
enough,3794
enoxious,3
enquir,2
enquire,25
enquired,11
enquirer,1
enquiries,134
enquiring,10
enquiry,284
enraged,3
enraging,1
enrich,1
enriched,2
enriching,7
enrichment,1
enright,1
enrol,8
enroled,1
enrolled,9
enrolment,2
enrolments,1
ensa,1
ensconced,1
ensemble,2
enshrine,1
enshrined,9
enshrines,1
enshrining,2
ensign,4
ensla,4
enstone,4
ensue,4
ensued,2
ensues,2
ensuing,7
ensuite,7
ensure,382
ensured,6
ensures,18
ensuring,51
ent,7
entail,4
entailed,10
entails,15
entangled,3
entanglement,2
entente,2
enter,293
entered,104
enteric,1
entering,68
enterprise,155
enterprise-wide,20
enterprise-with,1
enterprises,16
enterprising,6
enters,25
entertai,1
entertain,28
entertained,20
entertainer,3
entertainers,2
entertaining,59
entertainingly,1
entertainment,123
entertainments,15
entertains,1
enth,1
enthralled,2
enthralling,1
enthuse,1
enthused,3
enthuses,1
enthusiasm,86
enthusiast,13
enthusiastic,79
enthusiastically,4
enthusiasts,10
enthusing,2
enti,1
entice,6
enticed,4
entices,1
entire,146
entirely,418
entirety,20
entities,10
entitle,7
entitled,240
entitlement,34
entitlements,3
entitles,2
entity,25
entombed,1
entra,1
entrance,140
entranced,1
entrancement,1
entrances,13
entrants,5
entre,1
entreated,1
entreatingly,1
entree,1
entrenched,3
entrentically,1
entrepeneur,1
entrepeneurs,1
entrepreneur,6
entrepreneurial,4
entrepreneurs,1
entrical,1
entries,41
entrocite,1
entrotoxigenic,1
entrust,1
entrusted,7
entrusting,2
entrusts,1
entry,157
ents,10
enumerated,2
enumeration,2
enunciated,2
enunciates,1
envelope,118
envelopes,54
envelops,1
enver,1
envi,1
enviable,3
envied,3
envious,8
envir,3
enviro,1
environ,1
environmen,2
environment,731
environment-friendly,1
environmental,503
environmentalism,1
environmentalist,1
environmentalists,7
environmentally,34
environments,21
environs,2
envis,1
envisa,1
envisag,1
envisage,42
envisaged,37
envisagement,1
envisages,7
envisaging,3
envoy,1
envy,30
enya,4
enzyme,15
enzymes,3
enzymic,1
eoka,4
eon,1
eople,1
ep,1
epaulettes,2
epelo,1
ephemera,1
ephemeral,1
ephesians,6
ephygenia,1
epi,1
epic,4
epicentre,1
epicure,7
epidemic,11
epidemics,4
epidemiologist,1
epiglottis,1
epigrammatic,1
epigrams,1
epilady,3
epilator,1
epilepsy,12
epileptic,10
epilogue,1
epis,1
episcopal,1
episcopy,1
episode,49
episodes,14
epistemological,2
epistemology,1
epistle,4
epitaph,4
epitaxial,1
epith,1
epithelia,1
epithelial,2
epithelium,1
epitome,1
epitomised,1
epitomizes,2
eppell,2
epping,12
eppy,2
epsom,16
eptu,1
epusios,1
eq,3
equ,2
equal,465
equalise,4
equalised,10
equaliser,11
equalises,1
equalising,1
equalities,1
equality,83
equalization,8
equalize,16
equalized,2
equalizer,16
equalizes,1
equalizing,9
equalled,6
equalling,1
equally,232
equals,426
equate,20
equated,5
equates,7
equating,2
equation,146
equations,69
equator,15
equatorial,2
equerry,1
equidistant,2
equilateral,3
equilibria,1
equilibrium,29
equinox,3
equinus,1
equip,3
equipment,394
equipments,11
equipped,23
equipping,2
equips,1
equitable,5
equities,7
equity,42
equivalence,1
equivalent,169
equivalently,1
equivalents,6
equivocal,5
er,88530
era,44
eradicate,10
eradicated,5
eran,2
eras,1
erase,44
erased,11
eraser,2
erases,1
erasing,3
erasure,1
eraut,4
ercalyps,3
ercans,1
erchester,2
ercol,5
ercoles,2
ercols,2
ere,18
erect,9
erected,18
erecting,6
erection,15
erections,2
erector,1
erects,1
ered,3
eredine,1
ereht,1
erfurt,2
ergel,1
ergh,7
ergo,3
ergonomically,2
ergonomics,1
erh,4
eria,1
eric,147
erica,9
ericaceous,1
erie,1
erik,2
erin,14
erith,6
erithramita,1
eritrea,1
erk,1
erlend,3
erm,62516
ermerm,1
ermintrude,1
erms,2
ern,3
ernest,18
ernie,44
ernston,1
ero,3
erode,5
eroded,19
erodes,1
eroding,8
eros,1
erosion,21
erosional,1
erotic,11
erotica,2
eroticism,1
erpounds,1
err,11
errand,8
errands,9
errant,6
erratic,7
erratically,1
erratum,3
erred,3
erring,1
errol,8
erroneous,3
error,144
errors,58
errr,2
errrr,1
errrrr,1
errup,1
ers,3
ersly,1
erstogoetsland,2
erstwhile,1
erudite,1
erum,1
erupt,7
erupted,4
erupting,1
eruption,6
eruptions,1
ervey,1
erwina,2
erythropoietin,1
es,41
esau,4
esbjerg,2
esc,2
escalate,12
escalated,5
escalates,4
escalating,31
escalation,10
escalations,1
escalator,11
escalators,2
escales,3
escallop,1
escallops,1
escapade,1
escape,113
escaped,57
escapee,4
escapes,15
escaping,12
escapism,7
escargot,1
escarpment,1
eschatology,1
escort,45
escorted,9
escorting,3
escorts,5
escudos,2
esdale,1
esher,4
eskdale,4
esoteric,4
esp,1
espadrilles,1
espania,1
espe,2
espec,1
especial,4
especially,925
espinear,5
espionage,3
espouse,2
espoused,3
esquire,8
ess,6
essay,147
essays,56
essen,2
essence,69
essential,270
essentially,292
essentials,20
essex,126
esso,13
est,12
est-ce,1
est-il,1
esta,1
establish,150
established,244
establishes,4
establishing,45
establishme,1
establishment,91
establishments,35
estate,411
estates,67
esteem,21
esteemed,6
estefan,2
estelle,3
esterase,1
esteril,1
estesties,1
estevez,2
esther,24
esti,1
estialcodine,1
estima,1
estimable,1
estimatable,1
estimate,231
estimated,113
estimates,126
estimating,18
estimation,16
estimations,1
estimator,9
estimators,6
estira,1
estler,1
estonia,7
estranged,3
estuaries,3
estuary,21
estuary-type,1
et,6
etam,1
etaul,1
etc,74
etce,1
etcet,1
etcetera,431
etch,3
etchasketches,1
etched,3
etching,13
etec,3
etenalol,1
eternal,46
eternally,3
eternity,47
eth,2
etha,1
ethan,2
ethane,1
ethanol,11
ethanols,1
ethate,1
ethel,10
ethelbergers,1
ether,4
etherington-smith,2
ethers,6
ethic,5
ethical,18
ethically,5
ethics,8
ethile,1
ethio,1
ethiope,1
ethiopia,24
ethiopian,7
ethiopians,1
ethnic,55
ethnically,1
ethnicity,2
ethnographically,1
ethnography,1
ethologist,1
ethos,4
ethoxy,2
etien,1
etiquette,7
eton,9
etonians,2
eubank,1
eubanks,1
eucalyptus,4
eucharist,3
eucharistic,1
eugene,5
eugenes,1
eugenics,1
eugenie,4
eumobate,2
eunice,2
eunuch,1
eunuchs,3
euphemism,3
euphemisms,3
euphemistic,1
euphemistically,3
euphon,1
euphonium,2
euphoria,7
euphoric,2
eur,3
euratom,1
eureka,2
eurhythmics,2
eurip,1
euro,83
euro-barometer,2
euro-commissioner,1
euro-disney,1
euro-fair,1
euro-sceptic,1
euroaton,1
eurobonds,1
eurobudget,1
eurocheques,1
eurocrats,1
eurodisney,11
euroexpress,1
eurofighter,54
eurofile,2
eurojet,2
europa,1
europe,643
europea,1
european,757
europeaney,1
europeans,22
euros,4
eurosafe,1
eurostep,8
eurovision,2
eurythmics,1
euston,16
euthanasia,1
ev,90
eva,26
evacu,1
evacuate,8
evacuated,16
evacuates,1
evacuation,23
evacuations,2
evacuee,1
evacuees,17
evade,9
evaded,4
evades,1
evading,1
evalu,1
evaluate,48
evaluated,12
evaluating,17
evaluation,109
evaluations,15
evaluator,5
evan,1
evanescent,2
evangelical,3
evangelicalism,1
evangelism,4
evangelist,1
evangelizing,2
evans,34
evaporate,11
evaporated,10
evaporates,4
evaporating,3
evaporation,3
evasion,2
evasive,1
evasiveness,1
evay,5
eve,123
evelyn,47
even,4811
even-handed,1
even-handedness,1
even-stevens,1
evened,3
eveni,1
evening,1117
evenings,75
evenly,18
evenness,1
evens,6
evensong,1
event,315
event-driven,1
eventful,9
eventide,4
eventing,1
events,236
eventu,1
eventual,20
eventualities,6
eventuality,3
eventually,609
ever,2864
ever-growing,1
ever-increasing,3
everage,1
everard,2
everbody,1
everest,8
everett,3
evergreen,7
evergreens,6
everland,1
everlasting,11
everley,2
evermore,2
evers,1
eversons,1
everthing,2
everton,19
every,4758
every-day,1
everyb,3
everybo,9
everybod,1
everybody,2767
everybodys,1
everyday,116
everyo,2
everyone,1227
everyth,1
everything,3724
everytime,6
everyw,1
everywh,1
everywhe,1
everywhere,433
eves,1
evesdon,1
evesham,6
evette,1
evi,1
evian,1
evict,1
evicted,5
eviction,6
evid,1
evidence,848
evidenced,3
evidences,1
evident,32
evidential,6
evidentially,1
evidently,26
evie,6
evil,136
evilly,1
evils,14
evington,2
evocation,1
evocative,1
evoke,2
evoked,1
evokes,2
evolution,128
evolutionary,27
evolutionist,2
evolve,20
evolved,27
evolvematic,4
evolves,5
evolving,5
evonana,1
evy,1
ew,2
ewart,1
ewbank,3
ewe,2
ewer,3
ewes,6
ewing,2
ex,214
ex-alliance,1
ex-army,1
ex-beatle,1
ex-boss,1
ex-bosses,2
ex-boxer,1
ex-boyfriend,1
ex-brides,2
ex-callie,1
ex-carer,2
ex-ch,1
ex-challenge,1
ex-chancellor,1
ex-colonial,1
ex-commons,1
ex-company,1
ex-con,1
ex-copper,1
ex-councillor,5
ex-councillors,1
ex-directory,14
ex-examiners,1
ex-gardener,1
ex-general,1
ex-girlfriend,4
ex-governor,1
ex-head,1
ex-husband,11
ex-husbands,2
ex-indian,1
ex-irish,1
ex-law,1
ex-leaders,1
ex-leadership,1
ex-library,1
ex-m,1
ex-machinery,1
ex-manager,1
ex-master,1
ex-member,2
ex-members,1
ex-miners,1
ex-mistress,1
ex-mrs,1
ex-networking,1
ex-nurse,1
ex-offenders,1
ex-officio,1
ex-parliamentary,2
ex-patient,3
ex-patriots,15
ex-pats,1
ex-police,1
ex-policeman,2
ex-policemen,3
ex-polys,1
ex-position,1
ex-president,3
ex-prime,2
ex-pupils,2
ex-radio,1
ex-rental,2
ex-serviceman,1
ex-servicemen,2
ex-singer,1
ex-soldier,1
ex-soviet,3
ex-spoolers,1
ex-student,1
ex-teacher,1
ex-tesco,1
ex-west,1
ex-wife,14
ex-wives,1
ex-workaholic,1
exa,5
exac,7
exacerbate,4
exacerbated,8
exacerbates,3
exacerbating,1
exacerbation,1
exact,140
exacted,1
exacting,2
exaction,1
exactly,2090
exag,2
exaggerate,17
exaggerated,23
exaggerates,1
exaggerating,8
exaggeration,10
exalt,1
exam,334
examin,1
examinable,1
examination,128
examinations,27
examine,77
examined,66
examiner,53
examiners,11
examines,2
examining,30
examins,1
example,790
examples,261
exams,195
exasasberate,1
exasperated,6
exasperation,2
exc,8
excavate,4
excavated,2
excavating,3
excavation,6
excavations,3
excavator,4
excavators,1
exce,1
exceed,41
exceeded,23
exceeding,6
exceedingly,19
exceeds,13
excel,7
excell,1
excelled,5
excellence,27
excellent,567
excellently,3
excelsior,5
except,448
excepted,5
excepting,4
exception,157
exceptionable,1
exceptional,58
exceptionally,29
exceptionals,4
exceptions,129
excepts,3
excerpt,4
excerpts,2
excess,66
excesses,21
excessible,1
excessive,42
excessively,16
exchange,228
exchanged,29
exchanges,19
exchanging,10
exchequer,19
excise,24
excised,1
excit,1
excitable,17
excitations,1
excite,4
excited,147
excitedly,3
excitement,65
excitements,1
excites,1
exciting,271
exclamation,11
exclamations,6
exclude,64
excluded,87
excludes,16
excluding,34
exclusion,27
exclusions,9
exclusive,46
exclusively,36
exclusives,1
exclusivity,2
excon,4
excrement,4
excrescence,1
excreta,8
excrete,1
excretory,1
excruciating,4
excruciatingly,1
excrusive,1
excu,3
exculpate,1
excursion,2
excursions,4
excusable,1
excuse,716
excused,8
excuses,38
excusez,1
excusing,1
exe,2
exea,1
exeats,3
exec,16
execra,1
execrable,5
execs,17
execu,1
executable,1
execute,6
executed,15
executi,1
executing,1
execution,19
executioners,1
executions,9
executive,332
executives,35
executor,28
executors,16
executorship,1
exemplary,2
exemplified,4
exemplify,3
exempt,32
exempted,5
exempting,1
exemption,36
exemptions,11
exept,1
exer,1
exercise,566
exercise-induced,1
exercised,23
exercises,90
exercising,34
exert,14
exerted,4
exerting,1
exertion,3
exes,3
exeter,41
exhaust,36
exhausted,39
exhausting,10
exhaustion,8
exhaustive,2
exhaustively,4
exhausts,6
exhi,1
exhibit,19
exhibited,6
exhibiting,5
exhibition,148
exhibitionism,1
exhibitionist,1
exhibitions,29
exhibitors,6
exhibits,12
exhilarating,2
exhilaration,4
exhort,1
exhortation,6
exhorting,1
exi,1
exigences,1
exile,11
exiled,3
exiles,1
exis,2
exist,236
existed,61
existence,122
existent,4
existential,4
existing,538
exists,130
exit,90
exited,3
exiting,3
exits,18
exj,1
exlax,2
exmouth,5
exodus,6
exogamous,1
exonerated,1
exonerates,2
exorbitant,9
exorbitantly,1
exorcised,1
exordia,2
exotic,16
exotically,1
exotoxin,2
exotoxins,9
exp,12
expan,1
expand,106
expanded,71
expander,1
expanding,47
expands,10
expanse,6
expanses,1
expansion,129
expansionable,1
expansione,2
expansive,2
expansively,1
expatriate,2
expe,3
expec,1
expect,1233
expectancies,1
expectancy,20
expectant,1
expectantly,1
expectation,78
expectations,117
expected,451
expecting,228
expects,34
expedience,1
expediencies,1
expediency,3
expedient,4
expedients,1
expedite,7
expedition,8
expeditionary,2
expeditions,1
expeditiously,1
expel,6
expelled,23
expels,1
expend,5
expendable,3
expended,5
expending,1
expenditure,245
expenditures,5
expenim,1
expens,3
expense,151
expensed,9
expenses,143
expensive,720
expensively,3
experience,1176
experienced,186
experiences,139
experiencing,22
experiential,1
experientially,2
experiment,113
experimental,35
experimentally,3
experimentation,5
experimentations,1
experimented,3
experimenters,1
experimenting,13
experiments,76
expert,216
experting,1
expertise,135
expertises,1
expertly,3
experts,93
expire,4
expired,17
expires,8
expiry,1
expl,3
expla,2
explain,695
explained,256
explaining,102
explains,81
explan,2
explanary,1
explanation,133
explanations,21
explanatory,35
explicable,4
explicate,1
explicit,49
explicitly,23
explicitness,1
explode,21
exploded,32
explodes,8
exploding,3
exploit,56
exploitable,1
exploitation,47
exploitations,1
exploitative,2
exploited,21
exploiters,2
exploiting,16
exploitive,1
exploits,3
exploration,30
explorations,2
exploratory,3
explore,85
explored,20
explorer,6
explorers,2
explores,4
exploring,39
explosion,42
explosions,4
explosive,17
explosively,1
explosives,12
exponent,1
exponential,3
exponents,2
export,95
exportable,2
exportation,1
exported,11
exporter,10
exporters,8
exporting,25
exports,29
expose,26
exposed,44
exposee,1
exposing,10
exposition,2
exposure,27
exposures,2
expound,2
expr,3
express,260
expressed,188
expresses,9
expressing,60
expression,175
expressionist,2
expressions,29
expressive,9
expressively,1
expressly,8
expresso,1
expropriation,1
expulsion,3
exquence,1
exquisite,3
exquisitely,1
exs,1
exsected,1
ext,4
extant,5
exte,1
exteme,1
exten,1
extend,145
extended,159
extending,48
extends,19
extense,1
extensible,3
extension,208
extensional,1
extensions,30
extensive,59
extensively,19
extent,588
extents,1
extenuating,1
extep,1
exterior,9
exterminate,2
exterminated,2
extern,1
external,115
externalization,1
externally,10
extinct,6
extinction,3
extinctions,1
extinguished,3
extinguisher,3
extinguishers,3
extolled,1
extolling,3
extorted,1
extortion,2
extortionate,11
extortionately,1
extr,1
extra,1266
extra-sensory,1
extra-temporal,1
extra-terrestrial,1
extract,65
extracted,21
extracting,14
extraction,17
extractor,14
extracts,10
extradited,2
extradition,3
extramural,1
extraordinaries,5
extraordinarily,24
extraordinary,122
extrapolate,4
extrapolated,1
extrapolates,1
extrapolating,3
extras,29
extraterrestrials,2
extravagance,5
extravagant,17
extravaganza,3
extreme,120
extremely,483
extremes,29
extremism,2
extremist,4
extremists,1
extremities,8
extricably,1
extricate,1
extricated,2
extricating,1
extrotic,1
extrovert,24
extroverts,11
extrusion,1
exuberance,2
exuberant,3
exude,1
exuded,1
exult,4
exultant,1
exultation,1
exulted,1
exults,1
exxon,3
ey,39
eye,555
eye-catching,3
eye-opener,1
eyeball,3
eyeballing,1
eyeballs,5
eyebrow,18
eyebrows,29
eyecatching,1
eyecron,6
eyed,18
eyeing,4
eyelash,3
eyelashes,5
eyelid,7
eyelids,4
eyeliner,3
eyepiece,10
eyes,657
eyeshadow,1
eyesight,33
eyesilmar,1
eyesore,10
eyewash,1
eyewitness,1
eyewitnesses,1
eynsham,17
eynstone,4
eyob,2
eyre,36
eyslate,1
eysner,2
ezra,1
f,1721
fa,84
fab,6
faber,3
fabian,1
fable,3
fabled,4
fables,2
fabric,78
fabricated,5
fabricating,3
fabrications,1
fabrics,17
fabulous,51
fabulously,1
fac,8
facade,3
face,1452
face-lifting,1
face-to-face,6
faced,166
faceless,8
facelift,3
faces,145
facet,5
facetious,11
facets,6
facewise,1
facey,1
faci,1
facia,2
facial,28
facially,1
facials,4
facil,1
facili,1
facilitate,16
facilitated,7
facilitates,4
facilitating,8
facilitation,2
facilitator,4
facilitators,3
facilities,382
facility,132
facing,213
facings,3
facsimile,1
fact,5045
fact-find,1
fact-finding,2
facted,1
facti,1
faction,3
factional,1
factions,12
factly,1
factor,274
factories,118
factorize,3
factorized,1
factors,337
factory,355
factory-wise,1
facts,219
factual,44
factually,8
faculties,8
faculty,13
fad,3
faddy,1
fade,14
faded,18
fadel,1
fades,5
fadge,16
fadgey,2
fading,8
fads,1
faeces,1
faed,2
faff,4
faffing,6
fag,86
fagged,1
fagging,3
faggit,1
faggot,6
faggots,4
fagin,8
fags,56
fahey,2
fahrenheit,66
fai,1
fail,134
fail-safe,1
fail-safes,1
failed,252
failing,75
failings,11
fails,29
failsafe,1
failure,178
failures,27
faim,1
faint,26
fainted,9
fainter,4
faintest,16
fainting,2
faintly,3
fair,1417
fair-minded,1
fair-mindedness,1
fair-trade,10
fair-traded,5
fair-trading,1
fairbanks,3
fairbrother,4
fairburn,7
fairclough,1
faircroft,2
faired,1
fairer,22
fairess,1
fairest,5
fairfax,9
fairfield,1
fairford,7
fairground,5
fairgrounds,1
fairies,12
fairish,2
fairlight,1
fairly,1183
fairmile,19
fairness,60
fairs,21
fairway,1
fairways,4
fairwell,2
fairy,50
faisley,1
fait,2
faith,399
faithful,25
faithfully,14
faithfulness,3
faithfuls,1
faithless,2
faiths,5
fake,21
faked,4
fakenham,1
faker,1
fakes,4
faking,2
fal,1
falcon,2
falconhurst,2
falcons,1
faldo,1
falf,1
falkirk,6
falkland,3
falklands,21
fall,618
fall-back,3
fall-out,2
fallacies,3
fallacious,4
fallaciousness,1
fallacy,4
falled,5
fallen,190
fallible,1
falling,277
fallopian,1
fallout,7
fallow,3
falls,158
falmouth,2
false,169
falsehood,1
falsely,4
falseness,1
falsification,1
falsified,3
falsify,4
falsifying,2
falsity,1
falstaffian,1
falter,1
faltering,5
fam,10
famagusta,1
fame,17
famed,4
familiar,217
familiarise,2
familiarises,1
familiarising,1
familiarity,7
familiarization,1
familiarize,2
familiarized,1
familiarizing,1
familiarly,1
families,442
family,1770
famine,19
famine-hit,1
famines,3
famished,1
famlingham,1
famliy,2
famlyn,1
famous,256
famously,1
famroost,1
fan,108
fanatic,5
fanatical,3
fanaticism,3
fanatics,3
fanbelts,1
fancied,52
fancier,2
fanciers,2
fancies,51
fanciful,2
fancifully,1
fancy,445
fancying,4
fane,1
fanfare,5
fang,7
fangs,1
fank,2
fanlight,2
fanned,3
fanning,1
fanny,31
fanny-annie,1
fans,113
fant,1
fanta,1
fantabbidabbidosy,1
fantan,1
fantasia,13
fantasies,9
fantasised,1
fantasize,4
fantasizing,1
fantastic,156
fantastically,4
fantasy,51
far,2382
far-fetched,1
far-flung,1
far-reaching,3
far-sighted,1
faraday,4
farce,18
farces,2
farcical,7
farcically,1
fare,85
fared,2
fareda,5
farer,1
fares,57
farewell,19
farfetched,6
farged,2
fargo,2
faringdon,4
farley,1
farm,411
farmed,9
farmer,141
farmers,271
farmhands,1
farmhouse,18
farming,87
farmland,13
farmlands,1
farmoor,10
farms,109
farmstead,4
farmsteadings,2
farmyard,12
farnbor,1
farnborough,8
farnby,1
farnham,7
farnsfield,12
faro,2
farr,1
farrant,1
farrier,5
farriers,2
farrow,1
farrows,1
fart,35
fart-arsing,1
farted,14
farther,20
farthest,3
farthing,10
farthings,5
farting,7
farts,12
farty,1
farver,1
fas,3
fascia,1
fascinate,6
fascinated,33
fascinates,5
fascinating,81
fascination,6
fascism,10
fascist,24
fascists,3
fash,3
fashion,210
fashionable,51
fashioned,4
fashioning,1
fashions,24
faso,1
fast,476
fast-buck,1
fasten,20
fastened,13
fastener,2
fasteners,10
fastening,6
fastenings,2
fastens,1
faster,199
fastest,32
fastext,1
fastidious,2
fasting,3
fastnet,1
fat,453
fat-a-lump,1
fata,2
fatal,36
fatalistic,2
fatalities,8
fatality,5
fatally,1
fate,44
fated,1
fater,1
fates,1
fath,3
father,1480
father-confessor,1
father-in-common-law,3
father-in-law,13
fatherland,2
fatherless,1
fatherly,3
fathers,85
fathom,11
fathomering,1
fathoms,1
fatiguable,2
fatigue,5
fatigued,1
fatigues,1
fatless,2
fats,6
fatso,1
fatted,1
fatten,1
fattened,1
fattening,16
fatter,5
fattier,1
fatties,1
fattist,2
fatty,21
fatuous,4
faubourg,3
fauder,1
faulkner,2
fault,439
faultless,1
faults,30
faulty,57
fauna,3
fav,4
favell,1
faversham,2
favom,1
favour,431
favourable,30
favourably,12
favoured,23
favouring,8
favourite,278
favourites,33
favouritism,3
favours,37
fawkes,8
fawlty,11
fawn,2
fax,121
faxed,14
faxes,13
faxing,9
fay,29
faye,4
fayed,1
fayre,10
fb,2
fc,1
fdg,1
fe,51
fea,3
fear,297
fear-provoking,1
feared,20
fearful,22
feargal,8
fearing,4
fearless,1
fearlessly,3
fears,91
fearsome,3
fearsomely,1
feasibility,21
feasible,30
feasibly,1
feast,26
feasting,1
feat,9
feather,42
feather-lined,1
feathered,2
feathering,1
feathers,37
feathery,5
featre,1
feature,171
feature-wise,1
featured,15
featureless,1
features,172
featuring,5
feb,15
febru,1
february,429
fed,153
federal,103
federalism,16
federalists,1
federals,1
federate,1
federated,4
federation,103
federations,3
federative,1
fee,200
fee-bid,7
feeble,11
feebleness,1
feed,327
feed-back,2
feedba,1
feedback,149
feedbacks,2
feeded,2
feeder,3
feeders,2
feeding,130
feedings,2
feeds,24
feedstuffs,1
feel,3825
feeled,3
feelers,10
feeley,1
feeling,953
feelings,206
feels,313
fees,159
feet,880
feeted,1
feets,1
fein,1
feist,9
feisty,1
fel,3
felcombe,3
feldman,2
felic,2
felicia,1
felicity,14
felix,12
felixstowe,43
fell,471
fella,164
fellah,2
fellas,33
felled,4
feller,54
fellers,15
felling,6
fellow,259
fellowes,1
fellows,32
fellowship,53
fellowships,1
fells,1
felons,1
felt,1126
felted,4
felting,2
female,297
femaleness,1
females,136
femidom,1
femidoms,1
feminine,12
femininity,5
feminism,22
feminist,37
feminists,10
femoral,2
femulen,2
femur,17
fen,18
fenc,1
fence,214
fenced,20
fencer,2
fences,30
fencing,23
fend,7
fended,1
fender,2
fending,4
fends,1
fenella,3
feneral,3
fenestral,4
fenestrals,2
fenn,5
fennel,4
fenner,2
fenners,4
fenney,2
fennite,2
fenny,5
fens,2
fenugreek,1
fenwick,2
fenwicks,4
fer,2
feraccas,1
feral,1
ferchase,1
ferdie,2
ferdinand,2
fergal,1
fergie,23
fergie-wergie,1
fergies,1
fergus,3
ferguson,5
fergusons,1
fergy,1
fermentation,1
fermented,2
fermenting,5
ferments,2
fermor,1
fern,13
fernand,1
fernando,1
fernbury,1
ferndean,1
ferndown,1
fernlea,4
ferns,8
ferocious,5
ferociously,1
feros,3
ferrangi,1
ferranti,1
ferrar,1
ferrari,14
ferraris,3
ferrera,1
ferrero,11
ferrers,1
ferret,25
ferreted,2
ferreting,2
ferrets,7
ferried,2
ferries,9
ferris,2
ferro,1
ferrous,1
ferry,68
ferrybridge,2
ferrying,2
fertile,8
fertiliser,24
fertilisers,3
fertility,10
fertilization,5
fertilize,4
fertilized,17
fertilizer,9
fertilizers,13
fertilizes,1
fertilizing,2
fervent,2
fervently,1
fervour,5
fes,1
fesh,1
festered,5
festerey,1
festering,3
festinniog,1
festival,136
festivals,14
festive,13
festivities,5
festivity,1
festoon,1
festooned,1
fet,1
fetal,1
fetch,196
fetched,66
fetches,4
fetching,29
fete,12
fetes,4
fetish,2
fetishist,1
fettered,1
fetters,2
fettle,1
feud,3
feudal,19
feudalism,34
feuded,1
feuds,1
fever,41
feverack,1
feverfew,2
feverish,1
feverishly,3
feverishness,1
feverously,1
fevers,1
fevre,1
few,1018
fewer,78
fewest,1
ffenning,1
ffestiniog,14
ffr,1
fgd,1
fi,143
fi-fi,1
fiance,2
fiancee,1
fiasco,9
fiat,18
fiats,2
fib,5
fibbing,3
fibi,2
fibre,36
fibre-glass,1
fibreglass,11
fibres,17
fibrillator,1
fibrosis,2
fibrositis,1
fibrous,3
fibs,6
fibwell,2
fice,1
fickle,1
fiction,71
fiction-making,1
fictional,11
fictions,2
fictitious,2
fiddle,77
fiddle-dee-dee,1
fiddled,10
fiddler,8
fiddlers,8
fiddles,9
fiddling,36
fiddly,8
fide,1
fidel,1
fidelity,5
fidget,3
fidgeting,5
fidgets,1
fidgety,2
fido,6
fidos,1
fidrer,1
fiduciary,2
fie,1
fiedler,1
field,636
fielded,8
fielder,1
fielders,6
fielding,5
fields,251
fieldwork,12
fiend,3
fiends,2
fierce,44
fiercely,6
fiercer,2
fiercest,2
fierre,1
fiery,4
fiesta,25
fiestas,3
fif,38
fife,9
fifield,1
fift,6
fifte,2
fiftee,1
fifteen,2149
fifteen-year,1
fifteens,6
fifteenth,146
fifteenths,13
fifth,378
fifthly,4
fifths,34
fifties,174
fiftiesey,1
fiftieth,10
fifty,5383
fifty-eight,11
fifty-fifty,8
fifty-five,17
fifty-four,7
fifty-nine,3
fifty-ninth,1
fifty-seven,2
fifty-six,4
fifty-three,10
fifty-threes,1
fifty-two,16
fig,18
figaro,12
fige,1
fight,475
fight-fighters,1
fighter,34
fighters,51
fighting,288
fights,31
figment,1
figs,6
figueres,1
figurative,5
figuratively,2
figure,1059
figured,19
figurehead,4
figures,1114
figurine,4
figuring,4
fiji,13
fil,4
filamenia,1
filament,3
filaments,2
filbert,12
file,494
filed,27
filer,1
files,202
filey,6
filibuster,1
filigree,1
filing,46
filipino,2
filipinos,2
filkins,2
fill,643
fill-in,1
fill-up,1
filleca,1
filled,280
filler,10
fillers,1
fillet,11
fillets,5
filli,1
filling,172
fillings,21
fills,46
filly,1
film,689
filmed,13
filmer,9
filmic,1
filming,19
filmmaker,2
filmmakers,3
filmmaking,3
films,204
filofax,8
filter,78
filtered,10
filtering,7
filters,9
filth,3
filthier,1
filthy,85
filton,6
filtrate,5
filtrates,1
filtration,2
filtrations,1
fimbra,8
fims,1
fin,16
fina,1
final,662
finale,3
finalisation,1
finalise,4
finalised,10
finalising,4
finalist,3
finalists,5
finalization,1
finalize,9
finalized,12
finalizing,1
finally,496
finals,21
finan,3
finance,247
financed,23
finances,67
financi,1
financial,815
financially,87
financials,1
financier,3
financiers,5
financing,50
finchampstead,3
finchingfield,1
finchley,6
find,5499
finded,5
finder,4
finders,1
findham,1
findi,1
finding,391
findings,52
finds,124
fine,1968
fine-tooth,1
fined,63
fineish,2
finely,10
fineoak,3
finer,13
finery,1
fines,14
finesse,2
finessed,1
finest,30
finesty,1
fing,1
finger,285
fingered,1
fingering,6
fingernail,2
fingernails,3
fingerprint,3
fingerprinted,2
fingerprinting,2
fingerprints,20
fingers,352
fingerstalls,1
fingertip,1
fingertips,12
fings,1
fingy,1
fini,2
finials,2
finic,1
finickety,1
finickity,1
finicky,7
fining,3
finis,1
finish,934
finished,1660
finisher,8
finishers,7
finishes,82
finishing,130
finite,7
fink,6
finkelstein,1
finklehall,1
finks,1
finland,13
finlay,2
finlon,1
finmere,8
finn,6
finnegan,1
finnegans,4
finnigan,2
finnimore,1
finnish,1
finnist,2
finniston,2
finns,3
finny,2
fins,19
finsbury,2
finstock,1
finstown,2
fiona,52
fir,39
fire,1569
fire-damaged,1
fire-fighters,2
fire-fighting,1
fire-polished,1
firearm,23
firearms,72
fireballs,1
fired,100
firefighters,1
firefly,1
fireguard,4
firelight,2
fireman,35
firemen,51
fireplace,37
fireplaces,7
fires,73
fireside,7
firewoman,2
firewood,10
firework,18
fireworks,41
firing,36
firkins,2
firm,488
firmed,10
firmer,6
firmly,68
firms,237
firmware,5
firs,6
first,9924
first-aid,2
first-aided,1
first-aider,5
first-aiders,4
first-class,1
first-fix,3
first-hand,3
first-time,2
firstborn,2
firsthand,3
firstly,181
firsts,6
firth,2
firty,2
firty-nine,1
fis,1
fiscal,12
fish,749
fishburger,3
fishcake,1
fishcakes,1
fished,5
fisher,16
fishergate,7
fisheries,4
fisherman,27
fishermen,12
fisherrotha,1
fishers,1
fishery,1
fishes,22
fishfingers,2
fishguard,1
fishing,185
fishmonger,2
fishmongers,4
fishnets,1
fishy,16
fiskerton,1
fisons,1
fissioning,1
fissure,3
fist,19
fisted,2
fistful,1
fisticuffs,4
fists,7
fit,860
fitch,2
fitment,1
fitments,1
fitness,53
fits,140
fitted,165
fitter,39
fitters,23
fittest,16
fitting,125
fittingly,1
fittings,51
fitzgerald,1
fitzpatrick,1
fitzroy,1
fiv,2
five,13577
five-a-side,2
five-and-a-half,1
five-bedroomed,2
five-fifty,1
five-ish,6
five-seventieth,1
five-six,1
five-two-nine-seven,1
five-year-olds,1
fiveish,9
fivepence,3
fiver,168
fivers,1
fives,105
fivish,1
fix,172
fixable,1
fixation,1
fixed,370
fixed-r,1
fixed-rate,7
fixes,6
fixing,40
fixings,1
fixity,3
fixture,16
fixtures,11
fizz,9
fizziness,1
fizzing,4
fizzled,4
fizzy,17
fjm,4
fjmc,1
fjn,1
fjords,1
fl,20
fla,6
flab,3
flabbergasted,6
flabbers,1
flabby,5
flaccid,1
flack,7
flag,72
flagellate,1
flagellating,1
flagged,15
flagging,4
flagitious,1
flagpole,2
flagrant,4
flagrantly,2
flags,25
flagship,10
flagships,2
flagstaff,3
flagstone,2
flagstones,2
flail,6
flailing,1
flails,4
flair,5
flake,15
flaked,3
flakes,10
flakiness,2
flaking,2
flaky,8
flamboyance,1
flamboyant,1
flame,37
flamenco,2
flames,59
flamethrowers,1
flaming,38
flamingo,1
flamingoes,4
flammable,14
flan,12
flanagan,1
flanders,7
flang,1
flange,1
flanged,7
flanges,2
flank,6
flanked,2
flanker,1
flanking,2
flannel,8
flannelette,2
flannels,4
flannery,2
flans,1
flap,34
flapjack,4
flapjacks,1
flapped,3
flapper,4
flappers,1
flapping,25
flaps,16
flare,15
flared,14
flares,18
flaring,2
flash,83
flashback,3
flashbacks,1
flashed,17
flasher,4
flashers,4
flashes,11
flashies,4
flashing,72
flashlight,1
flashpoint,3
flashy,5
flask,23
flasks,3
flat,821
flat-footed,1
flatcher,1
flatcherism,1
flatford,4
flathead,1
flatliners,1
flatly,6
flatman,7
flatmate,3
flats,667
flatten,11
flattened,14
flattener,1
flattening,1
flattens,1
flatter,7
flattered,10
flatterer,1
flattering,3
flattery,4
flattest,1
flatting,1
flattish,1
flatulence,1
flaunt,1
flaunted,2
flaunting,1
flaunty,1
flautist,1
flavour,86
flavoured,26
flavouring,8
flavourings,1
flavours,15
flaw,7
flawed,4
flaws,4
flax,1
flaxman,1
flaxton,22
flay,1
flays,1
fle,2
flea,9
fleas,10
fleck,3
flecked,1
flecks,2
fled,12
fledged,7
fledglings,3
flee,12
fleece,8
fleeced,3
fleeces,1
fleeing,6
flees,1
fleet,35
fleeting,2
fleetingly,2
fleets,3
fleetwood,7
fleming,1
flemish,3
flemming,1
flesh,68
fleshing,1
fleshy,1
fletcher,3
fletchergate,3
fleur,3
fleur-de,1
fleur-de-lys,1
fleural,1
flew,94
flex,14
flexes,2
flexi,4
flexi-day,1
flexibilities,1
flexibility,131
flexible,106
flexibly,5
flexing,1
flexion,1
flexitime,12
flexton,1
flexy,1
fli,2
flick,45
flick-knife,1
flicked,13
flicker,7
flickered,2
flickering,15
flickers,3
flicking,15
flicks,12
flid,1
flie,5
flier,5
fliers,4
flies,84
flight,129
flights,69
flighty,1
flimsies,1
flimsy,16
flinch,5
flinching,1
flindburgh,1
flinders,2
fling,10
flinging,2
flings,1
flink,1
flint,6
flints,2
flintstone,5
flintstones,7
flip,31
flip-flops,2
flipchart,9
flipcharts,1
flippant,8
flipped,8
flipper,4
flipping,147
flips,6
flirt,9
flirtation,3
flirtations,1
flirtatious,1
flirted,1
flirting,14
flirts,3
flirty,1
fliss,1
flit,2
flitt,1
flitted,2
flittering,1
flitting,8
flo,17
float,89
floatation,4
floatations,2
floated,22
floater,1
floaters,8
floating,78
floats,28
floaty,4
flock,30
flocked,2
flocking,2
flocks,10
floes,1
flog,21
flogged,7
flogging,13
flogs,1
flood,57
flooded,50
flooding,42
floodlight,1
floodlighting,2
floodlit,1
floods,35
floor,989
floor-space,1
floorboards,5
floored,5
flooring,11
floorings,1
floors,62
flooted,1
flop,15
flopped,5
floppies,2
flopping,2
floppy,51
flops,2
flor,1
flora,27
florade,1
floral,8
florence,77
florentine,1
florets,1
floribunda,1
florid,3
florida,26
florin,2
florins,1
florist,15
florists,3
florrie,5
florry,1
floss,1
flossy,2
flotation,3
flotilla,1
flotillas,1
flotsam,2
flounce,1
flounder,2
floundering,3
flounders,1
flour,78
flourish,13
flourished,3
flourishes,2
flourishing,8
floury,2
flout,2
flouted,1
flouts,1
flow,213
flowed,9
flower,168
flowerbed,3
flowered,6
flowering,14
flowerlike,1
flowerpot,4
flowers,326
flowery,7
flowing,57
flowmeter,1
flown,36
flows,91
floya,1
floyd,7
floyds,1
flu,125
fluctu-fucking-ation,1
fluctuate,9
fluctuated,3
fluctuates,1
fluctuating,3
fluctuation,6
fluctuations,16
flue,13
fluency,5
fluent,9
fluently,2
flues,4
fluey,8
fluey-like,1
fluff,9
fluffed,5
fluffy,16
fluid,65
fluide,1
fluidity,2
fluids,3
fluing,1
fluke,3
fluky,2
flumes,1
flummoxed,3
flumps,1
flung,21
flunk,2
flunked,1
flunt,1
flunter,4
fluo,1
fluor,1
fluorescent,9
fluoridation,1
fluoride,4
fluorine,2
fluorines,3
fluoro,1
fluorocarbons,1
fluoroscopy,2
flurries,1
flurry,7
flush,48
flushed,8
flushes,9
flushing,1
flushings,1
flustered,3
flute,20
fluters,2
flutes,2
flutter,12
fluttered,2
fluttering,2
flux,7
fly,234
fly-drive,2
flyable,1
flyer,13
flyers,7
flying,292
flym,1
flymo,3
flynn,6
flyover,5
flypast,4
flys,1
flywheel,6
flywheels,2
fm,2
fo,170
foal,22
foaling,2
foals,10
foam,37
foaming,1
fob,2
fobbed,4
fobbing,1
fobs,2
focal,18
focus,184
focused,46
focuses,4
focusing,28
focussed,2
focusses,1
focussing,1
fodder,4
foders,2
fodors,3
foe,2
foetal,5
foetus,6
foetuses,5
fog,116
fogadab,1
fogadabadogulous,2
fogarty,2
fogerific,2
fogey,3
fogeys,2
foggiest,7
foggy,25
foghorn,2
foghorns,1
fogies,3
fogs,2
fogtabulous,2
foil,22
foiled,1
foisted,4
fol,3
fold,100
folded,49
folder,64
folders,32
folding,21
folds,16
foley,2
foliage,10
foliages,1
folio,10
folios,1
folk,264
folkestone,5
folklore,6
folks,103
foll,1
follicles,2
follies,4
follo,1
follow,619
follow-on,2
follow-up,11
follow-ups,1
followed,288
follower,7
followers,44
following,697
follows,166
folly,12
follyfoot,1
follyhouse,1
folton,1
fond,43
fonda,7
fonder,2
fondle,6
fondler,1
fondling,2
fondly,3
fondness,4
fonds,1
fondue,2
font,13
fonten,1
fonts,6
fonz,1
foo,3
food,1209
food-poisoning,2
food-wise,3
foodmakers,1
foods,53
foodstuff,3
foodstuffs,3
foodwise,1
fool,107
fooled,16
foolhardy,3
fooling,10
foolish,43
foolishly,5
foolproof,1
fools,25
foolscap,5
foot,891
foot-in-the-door,1
foot-line,1
footage,5
football,821
footballer,21
footballers,22
footballing,7
footballs,8
footboar,1
footboard,2
footbridge,7
footed,11
footer,4
footers,2
foothold,3
footie,2
footing,11
footings,8
footlets,1
footloose,11
footman,2
footmark,1
footmen,1
footnote,7
footnotes,2
footpath,41
footpaths,27
footprint,6
footprints,13
footrest,3
foots,10
footsie,14
footsteps,11
footway,3
footways,4
footwear,6
footwork,3
footworks,1
footy,2
for,64982
fora,5
forage,5
foraged,1
foray,2
forays,3
forbade,2
forbear,1
forbearers,1
forbert,1
forbid,22
forbiddance,1
forbidden,8
forbidder,1
forbiddingly,1
forbids,3
forbus,8
force,598
force-feeding,1
force-fit,2
force-wide,1
forceable,1
forced,249
forcedly,1
forceful,14
forcefully,5
forceps,2
forces,277
forcible,5
forcibly,10
forcing,38
ford,90
fordham,4
fords,9
fore,39
forearm,3
forearms,1
forebear,3
forebears,2
foreboding,1
forecast,140
forecasted,2
forecaster,2
forecasting,12
forecasts,33
foreclose,3
foreclosed,2
forecourt,5
foredeck,1
forefathers,6
forefeet,1
forefinger,1
forefront,35
foregate,1
foregated,1
forego,6
foregoing,3
foregone,5
foreground,13
foreham,1
forehand,1
forehead,15
foreheads,3
foreign,284
foreign-controlled,1
foreign-owned,1
foreigner,18
foreigners,20
forelock,1
forema,1
foreman,90
foremans,2
foremen,8
foremost,24
forensic,13
foreplay,1
forerunner,6
forerunners,2
fores,1
foresaw,2
forescored,1
foresee,16
foreseeable,17
foreseeing,1
foreseen,2
foreshore,2
foreshortened,2
foresight,7
foresighted,1
foreskin,5
foreskins,3
forest,318
foresta,2
forestall,1
forestalled,1
forestation,1
foreste,1
forested,1
forester,3
foresters,9
forestry,21
forests,22
foretaste,1
foretell,2
foretells,1
forethought,2
forever,162
forewarned,5
forewarning,3
forewoman,8
forewomen,2
foreword,1
forfar,5
forfeit,13
forfeited,3
forfeiting,1
forfeiture,1
forfend,1
forg,2
forgave,7
forge,24
forged,12
forgemasters,3
forgeries,1
forgery,3
forges,2
forget,1215
forget-me-not,1
forget-me-nots,2
forgetful,4
forgetfulness,2
forgets,17
forgettable,2
forgetting,85
forging,10
forgings,1
forgit,1
forgive,124
forgiven,27
forgiveness,46
forgives,3
forgiving,15
forgo,3
forgoing,1
forgot,448
forgotten,439
foris,1
fork,84
fork-lift,1
forked,10
forker,1
forkful,2
forking,3
forklift,13
forks,27
forlarty,3
forlorn,5
forlosa,1
form,1644
forma,1
formal,215
formaldehyde,4
formalise,3
formalised,2
formalities,1
formality,7
formalization,1
formalize,5
formalized,4
formalizes,2
formalizing,6
formally,202
forman,6
formastation,1
format,152
formation,39
formations,4
formative,5
formats,17
formatted,8
formatting,13
formby,1
formed,162
former,221
formerly,10
formers,20
formic,1
formica,7
formidable,7
forminant,1
forming,41
formings,1
formosan,1
forms,467
formula,203
formulae,59
formulas,17
formulate,15
formulated,17
formulating,1
formulation,19
formulations,2
formwork,13
forrest,7
fors,3
forsake,9
forsaken,3
forsakes,1
forsaking,1
forsightness,1
forsook,1
forsyth,3
forsythia,2
fort,24
fortar,1
forte,9
fortended,1
forter,2
forth,58
forth-coming,2
forthcoming,56
forthright,3
forthrising,1
forthwith,3
forties,88
fortieth,8
fortieths,1
fortifications,6
fortified,8
fortify,1
fortin,1
fortitude,3
fortn,1
fortnight,322
fortnightly,13
fortnights,1
fortran,4
fortress,10
fortuitous,3
fortuitously,2
fortunate,109
fortunately,108
fortune,155
fortunes,17
forty,4027
forty-eight,10
forty-eight-hour,1
forty-five,36
forty-for,1
forty-four,10
forty-nine,8
forty-one,11
forty-seven,3
forty-six,9
forty-thousand,1
forty-three,17
forty-two,6
fortyish,6
forum,53
forums,7
forw,1
forward,1663
forward-looking,1
forwarded,12
forwarding,19
forwards,108
forwardsing,1
foss,3
fossil,22
fossilisation,1
fossilised,1
fossils,12
foster,67
fostered,3
fostering,11
fosters,5
foston,2
foth,2
fou,8
fougards,1
fought,94
foul,61
foul-mouthed,1
foulder,1
fouled,7
fouling,4
fouls,5
foun,2
found,2173
foundation,77
foundational,1
foundations,32
founded,49
founder,23
foundered,1
founders,4
founding,19
foundland,3
foundries,3
foundry,9
founds,2
fount,2
fountain,28
fountains,13
four,12452
four-and-a-half,1
four-bedroomed,5
four-five,2
four-fold,1
four-foot,2
four-ish,1
four-letter,2
four-man,2
four-ninety,1
four-pack,1
four-page,1
four-pinters,2
four-poster,3
four-sided,2
four-three,1
four-times-two,1
four-way,1
four-wheel,1
four-year,1
fourish,8
fourpence,16
fourpenny,3
fours,113
foursome,5
fourt,2
fourte,1
fourtee,1
fourteen,1120
fourteen-year-old,2
fourteens,8
fourteenth,110
fourth,534
fourthly,12
fourths,17
fowl,5
fowler,4
fowlers,2
fowley,2
fowls,1
fox,560
fox-hunting,1
foxed,3
foxes,82
foxgloves,2
foxhall,1
foxhalls,2
foxing,2
foxton,2
foxtrot,4
foxy,39
foy,1
foyer,27
foyers,1
foyle,56
foyly,5
foys,1
fr,46
fra,6
frac,1
fracas,4
fraction,135
fractional,5
fractionally,6
fractions,140
fractious,2
fracture,13
fractured,4
fractures,7
fracturing,1
fradgem,2
fradley,1
fraggles,2
fragile,18
fragility,1
fragment,3
fragmentary,1
fragmentation,4
fragmented,6
fragmenting,3
fragments,3
fragrance,2
fragrant,2
frail,10
frailties,1
frall,1
fram,5
frama,2
frame,145
framed,28
frames,40
framework,114
frameworks,1
framing,5
framlingham,14
frampton,5
fran,12
franc,5
francais,7
france,417
frances,19
francesca,3
francey,6
franchise,56
franchisee,7
franchises,24
franchising,3
francine,1
francis,59
franciscan,2
francisco,17
franciso,1
franco,4
franco-prussian,1
francois,1
francs,23
francy,2
frank,299
franked,1
frankenstein,3
frankfurt,5
frankie,18
frankincense,5
franking,1
franklin,4
frankly,162
franklyns,5
franky,1
franny,2
frantic,11
frantically,15
franz,3
frascati,1
fraser,7
fraserburgh,1
frasers,2
fraternal,6
fraternity,15
fratton,2
frau,1
fraud,106
frauds,5
fraudster,1
fraudsters,5
fraudulent,4
fraudulently,1
fraught,12
fray,9
frayed,6
fraying,3
frayn,2
frays,2
frazer,13
frazzled,4
fre,14
freak,13
freaked,3
freakish,1
freaks,2
freaky,4
frears,9
freckle,1
freckles,1
fred,236
freda,42
freddie,23
freddies,2
freddy,19
frederica,1
frederick,11
free,1205
free-for-all,1
free-lance,2
free-marketeering,1
free-riders,1
free-standing,2
free-thinking,2
freebee,2
freebie,12
freebies,11
freebodys,1
freed,27
freedom,182
freedom-loving,1
freedoms,8
freehand,2
freehold,14
freeholders,1
freeholds,1
freehouse,1
freehouses,1
freeing,3
freel,1
freelance,6
freelancer,2
freelances,1
freeland,8
freeline,4
freeload,1
freeloading,3
freely,47
freema,1
freeman,13
freemans,1
freemasons,2
freemen,3
freephone,8
freer,7
frees,6
freestanding,9
freestyle,2
freeway,2
freeways,1
freewheel,1
freezable,1
freeze,90
freeze-dried,1
freezed,1
freezer,153
freezers,10
freezes,5
freezing,127
freight,31
freight-forwarders,1
freighter,1
freighters,1
freischutz,1
french,643
frenchay,2
frenchie,2
frenchman,7
frenchmen,3
frenchy,1
frenzied,2
frenzies,1
frenzy,7
frenzying,1
freon,10
freons,3
frequencies,9
frequency,36
frequent,28
frequented,1
frequenter,1
frequently,112
frere,11
fresh,312
freshen,2
freshener,4
freshening,1
fresher,8
freshers,7
freshly,5
freshness,5
freshwater,3
freston,3
fret,6
frets,6
fretting,2
freud,442
freud-darwin,1
freudian,28
freudianism,2
freya,2
freyers,1
fri,15
friar,17
friars,1
fricassee,2
frickley,2
friction,20
frictional,9
frid,1
friday,1561
fridays,47
fridge,277
fridge-freezer,6
fridged,1
fridges,18
fried,40
friend,1076
friendless,1
friendlier,1
friendliness,8
friendly,240
friends,1080
friendship,35
friendships,5
fries,21
friesian,7
friesians,1
frieze,4
frig,1
frigate,1
frigates,2
friggers,1
frigging,25
fright,24
frighten,40
frightened,305
frighteners,1
frightening,90
frighteningly,1
frightens,13
frightfu,1
frightful,2
frightfully,10
frigid,5
frilford,1
frill,8
frilled,2
frills,6
frilly,4
fringe,50
fringed,4
fringes,9
frinton,14
frippery,1
frisbee,3
frisby,2
frisk,2
frisked,1
frisky,1
frit,3
fritter,2
frittering,1
fritters,5
fritwell,5
fritz,1
frivolities,1
frivolity,2
frivolous,3
frizzed,1
frizzle,1
fro,29
fro-ing,2
frob,2
froben,2
frock,6
frocks,4
frog,53
frog-jumping,1
frogged,1
froglet,5
frogmarched,2
frognapark,1
frogs,19
frogspawn,1
froing,2
frolicking,1
from,22658
from-ings,1
fron,2
front,1655
front-benchers,1
front-end,2
front-ender,1
front-line,3
frontage,11
frontal,3
fronted,5
frontier,13
frontiers,19
fronting,1
frontispiece,1
frontline,1
fronts,19
frontwards,1
fros,1
frost,102
frost-bite,1
frostbitten,1
frosted,3
frostied,2
frosties,1
frosting,1
frosts,6
frosty,21
frothing,1
frothy,3
frown,2
frowned,2
frowning,1
frowns,1
froze,14
frozen,120
frugal,9
frugally,1
frui,1
fruit,329
fruitella,5
fruiter,1
fruiterer,1
fruiterers,1
fruiters,3
fruitful,6
fruitiers,1
fruiting,1
fruition,12
fruitless,3
fruits,39
fruity,6
frumil,1
frump,1
frumpy,5
frus,1
frusamide,4
frustrat,1
frustrate,4
frustrated,66
frustratedest,1
frustrates,2
frustrating,48
frustratingly,2
frustration,42
frustrations,8
frutella,1
fry,50
fry-up,1
fryer,19
fryers,1
frying,23
fs,9
ftse,8
fu,37
fuc,1
fuchsia,10
fuchsias,2
fuck,590
fuck-a-fresher,1
fucked,63
fucker,22
fuckers,3
fuckhead,1
fucki,1
fucking,2187
fucks,10
fudd,1
fuddi,1
fuddy,2
fudge,24
fudged,1
fudges,1
fudging,4
fuego,2
fuel,207
fuel-wise,1
fuelled,3
fuelling,7
fuels,16
fug,1
fugitive,3
fuji,1
ful,2
fulcrum,1
fulfil,67
fulfillable,1
fulfilled,20
fulfilling,22
fulfilment,20
fulfilments,1
fulfilness,1
fulfils,10
fulford,7
fulforn,1
fulham,17
full,2144
full-back,4
full-day,1
full-faced,1
full-length,5
full-nose,1
full-scale,4
full-time,76
full-timers,2
full-voiced,1
fullback,5
fullbacks,4
fuller,22
fullest,5
fullness,20
fulls,3
fullstop,3
fullstops,2
fulltime,2
fully,411
fully-fashioned,9
fulsome,1
fumble,7
fumbling,6
fume,4
fumes,53
fumigate,1
fumigated,1
fuminal,1
fuming,10
fun,495
fun-in-the-parks,1
funboy,1
func,2
funct,1
function,547
functional,67
functionality,10
functionally,1
functioned,2
functioning,13
functions,218
fund,635
fund-raisers,1
fund-raising,4
fundable,1
fundamental,155
fundamentalism,3
fundamentalist,1
fundamentalists,1
fundamentally,33
fundamentals,4
funded,128
funder,1
fundering,1
funders,10
fundholder,1
fundholders,5
fundholding,1
funding,376
fundings,3
fundraising,8
funds,302
funeral,136
funerals,34
funf,1
funfairs,1
fungal,4
fungi,7
fungus,7
funiculars,1
funk,1
funky,7
funnel,18
funnelled,1
funnels,3
funnier,9
funnies,1
funniest,17
funnil,1
funnily,36
funniness,2
funnium,2
funny,1671
fur,50
fur-lined,1
furbished,1
furbisher,1
furbishers,1
furies,1
furious,28
furiously,1
furless,1
furlong,3
furlongs,4
furnace,47
furnaces,7
furness,2
furni,1
furnish,7
furnished,20
furnishes,1
furnishing,11
furnishings,18
furniture,345
furnitures,1
furore,8
furred,5
furring,1
furrow,11
furrows,1
furry,10
furs,3
furthe,1
further,1670
furtherance,1
furthering,5
furthermore,30
furthest,24
furtive,1
fury,10
fuse,59
fused,13
fuselage,4
fuselages,1
fuses,11
fusiliers,2
fusion,10
fusions,1
fuss,69
fussed,6
fussing,3
fusspot,3
fusspots,1
fussy,32
fustiness,1
futes,1
futile,5
future,1433
future-wise,1
futures,13
futuristic,2
futurologists,2
fuzzy,7
fwoar,1
fworr,1
fyfe,2
fynnon,1
g,2194
g-force,1
g-mex,3
g-string,2
ga,99
gab,3
gabbiadini,5
gabbing,3
gabby,6
gabiadini,5
gable,8
gabled,1
gables,3
gabor,1
gabriel,4
gabriella,3
gabrielle,2
gaby,3
gadaffi,2
gadding,3
gadget,12
gadgets,8
gadgy,4
gaelic,37
gaff,1
gaffan,1
gaffer,19
gaffers,3
gaffon,1
gag,5
gage,1
gages,3
gagged,6
gagging,2
gags,1
gail,62
gaily,1
gain,222
gainbsborough,1
gained,78
gainers,5
gainful,3
gainfully,1
gaining,46
gains,56
gainsay,2
gainsborough,11
gait,6
gaiters,3
gaitskell,1
gakky,1
gal,20
gala,40
galaga,1
galagy,1
galahad,2
galapagos,2
galashiels,30
galatians,4
galaticca,2
galavanting,1
galaxies,23
galaxy,20
galbally,2
gale,29
galeano,1
gales,10
galileans,1
galilee,3
galileo,3
gall,21
gallagher,2
gallant,1
gallantry,1
gallants,1
gallations,1
gallbladder,1
galled,1
galleon,5
galleria,3
galleried,3
galleries,15
gallery,71
galley,13
gallgate,2
gallic,1
galling,1
gallivanting,4
gallo,3
gallon,48
gallons,65
gallop,32
galloped,7
galloping,22
gallops,10
gallovadian,1
gallovadians,2
galloway,8
gallows,2
gallstones,1
gallway,1
galo,1
galore,8
gals,1
galvanised,1
galvanize,2
galvanized,6
galvanizing,1
galway,4
gama,1
gambia,4
gambit,1
gambits,1
gamble,19
gambled,4
gambler,6
gamblers,2
gambles,2
gambling,21
gambolling,2
game,1163
gameboy,4
gameboys,1
gamekeeper,6
gamekeepers,1
gamelan,1
gamer,1
games,412
gamesmanship,1
gamey,1
gaming,6
gamleys,1
gamma,41
gammas,2
gammels,1
gammies,1
gammon,8
gammy,1
gan,4
gander,4
ganders,1
gandhi,11
gandy,2
gang,119
ganga,2
ganged,2
ganges,1
ganging,8
gangland,4
gangly,1
gangrene,5
gangs,44
gangster,3
gangsters,4
gangway,5
ganja,2
gannet,3
gannets,1
ganning,2
gannon,6
ganny,1
gantry,2
ganzies,1
gaol,9
gaoled,4
gap,228
gape,2
gaping,4
gaps,67
gar,11
garage,450
garages,43
garaging,3
garaleden,1
garbage,11
garbled,2
garbo,1
gard,2
garden,929
gardener,75
gardeners,17
gardenia,3
gardening,72
gardens,148
gardiner,2
gardner,3
gardurey,1
gareth,38
garf,2
garfield,12
garforth,1
garfunkel,4
gargle,4
gargling,2
gargoyles,1
garish,5
garland,13
garlands,4
garlic,57
garment,19
garments,26
garmonchaty,1
garne,1
garner,4
garnered,1
garnet,1
garnett,4
garoteo,1
garragan,1
garret,1
garrick,10
garrimpero,4
garrimperos,16
garrimpo,4
garrimpos,10
garrison,6
garrot,2
garry,19
garsdale,1
garsington,4
garstone,1
garter,2
garters,1
garth,9
garton,1
gartree,4
gary,355
garys,1
gas,688
gas-fired,3
gas-guzzling,2
gas-oil,1
gas-wise,1
gasbag,1
gascgoine,1
gascoigne,44
gascoignes,1
gascon,1
gascony,3
gases,20
gasgcoigne,1
gasgcoine,8
gash,4
gashes,1
gashow,1
gaskell,1
gasket,11
gaskets,3
gaskill,1
gaslight,1
gasman,1
gasoline,8
gasp,7
gasped,2
gasping,10
gassed,7
gasser,1
gasses,3
gassing,8
gastoscophy,1
gastroenteritis,1
gasworks,10
gasworthy,1
gat,4
gate,266
gate-keeper,1
gateau,10
gateaus,1
gateaux,8
gatecrashers,1
gated,27
gatehead,2
gatehouse,2
gatekeeping,1
gateposts,2
gates,132
gateshead,20
gateskill,5
gateway,63
gateways,24
gatey,1
gath,1
gather,135
gathered,99
gatherer,3
gatherers,9
gatheri,1
gathering,72
gatherings,2
gathers,9
gating,14
gatt,25
gatwick,43
gatwick-based,1
gaudy,2
gauge,25
gauged,1
gauger,2
gaugers,1
gauges,3
gaugin,12
gaulle,5
gaulois,1
gaunt,2
gauntlet,6
gauze,6
gav,16
gave,1531
gavin,77
gaviria,2
gaviscon,1
gaviscone,1
gaviteer,1
gavrielle,1
gaw,5
gawd,12
gawld,8
gawping,3
gay,97
gaybour,1
gaybours,1
gaydom,1
gayle,2
gaynor,4
gaza,12
gazans,1
gaze,10
gazed,4
gazes,1
gazette,6
gazetteers,1
gazettes,2
gazing,5
gazump,1
gazumped,2
gazunti,1
gazza,13
gazzer,2
gazzie,1
gcse,3
gcses,5
gdynia,14
ge,167
gear,150
gearbox,19
gearboxes,2
geared,49
gearing,4
gearoid,14
gears,34
geates,1
gecophone,1
ged,1
gedling,14
gee,62
geek,3
geena,2
gees,6
geese,20
geez,1
geezer,38
geezers,2
geh,1
geht,1
geilgud,3
gel,41
gelation,1
geld,1
geldof,1
geler,1
gelignite,1
geller,3
gelling,2
gellmann,1
gels,3
gem,29
gemini,7
gemma,77
gemmell,37
gems,2
gen,30
genda,2
gendarmerie,2
gendarmes,8
gender,24
genders,3
gene,72
genealogies,1
gener,1
genera,3
general,1749
generalisation,3
generalise,7
generalised,6
generalist,1
generalists,2
generalities,3
generality,5
generalization,9
generalizations,6
generalizationship,1
generalize,13
generalized,8
generalizes,3
generalizing,6
generally,616
generals,8
generate,80
generated,77
generates,16
generating,36
generation,181
generations,59
generative,2
generator,41
generators,19
generic,11
generosity,13
generous,113
generously,16
genes,110
genesis,27
genetic,43
genetically,9
geneticist,1
genetics,17
geneva,17
genghis,3
genial,1
genie,3
genital,8
genitalia,2
genitals,6
genius,15
genned,2
genoa,8
genocide,4
genome,1
genre,1
gent,22
genteel,1
genteel-type,1
gentile,2
gentiles,5
gentility,1
gentl,2
gentle,68
gentleman,356
gentlemanliness,1
gentlemanly,3
gentlemen,245
gentleness,1
gentler,3
gently,81
gentrification,1
gentry,36
gents,29
genu,1
genuflect,1
genuilley,1
genuine,116
genuinely,81
genuineness,3
genus,1
geo,3
geo-political,1
geof,1
geoff,325
geoffrey,113
geoffy,1
geog,2
geogo,1
geographer,6
geographers,8
geographic,13
geographical,45
geographically,21
geographies,1
geography,100
geological,3
geologists,4
geology,5
geome,1
geometric,1
geometrical,8
geometrically,4
geometry,21
geor,4
geordie,36
geordies,5
georg,1
georgdi,1
george,585
georges,1
georgey,4
georgia,12
georgian,12
georgiana,3
georgianized,1
georgie,22
georgina,32
georgio,1
geourgo,3
geourgos,4
ger,12
gerald,67
geraldine,10
gerania,1
geranium,4
geraniums,8
gerard,5
gerbil,1
gerbils,4
gerdy,8
gere,2
gergasites,1
geria,1
geriatric,6
geriatric-ing,1
geriatricians,1
geriatrics,5
gerloch,1
germ,14
germ-ridden,2
germain,3
germaine,2
german,356
germane,1
germanic,1
germanicised,1
germanies,6
germans,100
germany,386
germinal,1
germinating,1
germs,17
gernie,1
geronimo,1
gerra,3
gerrard,7
gerries,1
gerrit,2
gerry,82
gerson,2
gerter,1
gertie,4
gerton,1
gertrude,5
geruda,1
gesophola,3
gesopholar,1
gesopholis,1
gest,1
gestapo,1
gestated,1
gestation,3
geste,1
gesticulate,1
gesture,42
gestured,1
gestures,31
get,35945
get-out,1
get-together,5
get-togethers,1
getaway,3
gethwyn,2
gethyn,3
gets,2115
gett,1
gettable,1
getti,3
gettin,1
getting,5590
getty,3
gey,1
geyser,2
gha,1
ghana,12
ghandi,9
ghastly,23
ghayoit,2
ghengis,1
gherkin,2
ghetto,6
ghettos,10
ghia,4
ghost,90
ghostbuster,3
ghostbusters,2
ghostliness,1
ghostly,2
ghosts,13
ghoul,1
ghoulish,3
ghouls,2
gi,78
giacomo,1
giant,69
giants,10
gib,3
gibber,1
gibberish,3
gibbon,8
gibbons,7
gibbs,1
giblets,3
gibralt,1
gibraltar,16
gibson,20
gid,1
giddy,11
gide,1
gideons,2
giding,1
gifford,2
gift,180
gifted,13
giftians,1
giftie,1
gifts,100
gig,26
giga,1
gigantic,15
gigawatt,1
gigawatts,1
gigero,1
giggle,23
giggled,2
giggles,7
giggling,16
giggly,2
giggs,10
gigi,2
gigs,3
gil,3
gilbert,14
gilbey,6
gilcock,1
gilder,1
gilding,1
giles,39
gilfore,1
gill,78
gillam,2
gillan,2
gillens,2
gillette,11
gillhead,1
gillian,61
gillied,2
gillies,1
gilligan,2
gillingham,11
gillow,2
gills,5
gilly,16
gillygate,3
gillying,2
gilroy,4
gilt,9
gilt-bronze,3
gilts,22
gim,20
gimmick,7
gimmickry,1
gimmicks,3
gimmicky,1
gimp,1
gimps,1
gin,53
gina,4
ginelli,2
ging,4
ginge,6
ginger,153
ginger-haired,1
gingerbread,19
gingerbreads,1
gingerly,4
gingers,1
gingery,8
gingery-red,1
ginnel,3
ginnie,3
ginny,15
gino,2
ginormous,14
gins,1
giovanni,2
giovanno,1
gip,1
gipies,3
gippy,1
gipsies,23
gipsy,42
gir,7
giraffe,4
giraffes,2
girder,7
girders,1
girdle,2
girdles,4
girdlestone,1
girl,1622
girlfrie,1
girlfriend,101
girlfriends,16
girlie,10
girlies,3
girlish,1
girls,1004
girly,5
girning,1
giro,24
girobank,2
giros,3
girran,14
girt,26
girton,17
gis,4
giscard,4
gisebelle,1
gist,17
git,60
gits,5
gittins,1
giv,3
give,8775
give-us-a-meal,1
giveaway,12
giveaways,2
gived,1
given,2517
giver,11
gives,1011
givi,2
giving,1181
gizmo,3
gizzmo,1
gl,6
gla,7
glaby,1
glac,2
glace,2
glacier,1
glad,526
gladdened,1
glades,2
gladiator,2
gladiatorial,1
gladiators,1
gladioli,5
gladly,13
gladness,2
gladstone,8
gladys,8
glam,1
glamorgan,2
glamorous,15
glamour,10
glanberrys,1
glance,43
glanced,8
glances,4
glancing,7
gland,10
glands,6
glandular,5
glangothwyn,1
glanmole,1
glare,8
glared,3
glares,4
glaring,8
glaringly,2
glas,1
glasgow,180
glasnost,4
glass,485
glass-bottomed,1
glassed,1
glasses,381
glassful,1
glasshouse,1
glassware,4
glasswork,1
glassworkers,2
glastonbury,3
glaswegian,2
glaucoma,2
glaxo,3
glaze,4
glazed,34
glazer,2
glazers,2
glazier,3
glaziers,2
glazing,68
gleam,2
gleamed,1
gleaming,8
glean,9
gleaned,4
gleaner,2
gleaners,1
gleaning,3
glebe,2
glebelands,2
gled,2
glee,5
gleefully,1
glen,145
glenarmanton,1
glenbuck,1
glenburgh,1
glencoe,1
glenda,6
glendevon,1
gleneagles,9
glenelg,1
glenfiddich,9
glenfield,2
glengarry,1
glengetti,3
glenholme,1
glenkaveckia,1
glenmanor,1
glenmore,1
glenn,5
glennie,4
glenrig,1
glenrossi,1
glens,2
glenys,18
glesni,1
glib,5
glibly,4
glide,10
glider,1
glides,3
gliding,3
glimmer,5
glimmers,1
glimpse,11
glimpsed,1
glimpses,4
glinting,1
glisten,2
glistening,2
glitter,2
glittering,3
glitters,3
glitzy,2
glo,2
gloar,1
gloat,2
gloating,3
global,88
globally,6
globals,1
globe,25
globe-trotting,1
globular,1
glocks,1
gloom,21
gloomily,2
gloomy,13
gloria,19
glories,3
glorification,1
glorified,11
glorifies,1
glorify,4
glorifying,2
glorious,35
gloriously,2
glorium,1
glory,124
gloss,11
glossary,3
glossed,3
glossing,1
glossop,2
glossy,20
gloucester,66
gloucesters,7
gloucestershire,36
gloucestershire-worcestershire,1
glouston,1
glove,33
glovebox,2
glover,2
glover-james,1
glovers,1
gloves,119
gloving,1
glow,30
glowed,2
glowing,28
glowworm,3
gloy,2
glucose,12
glue,78
glued,29
glueing,2
glueings,5
glues,3
glug,20
gluhwein,2
gluing,6
glum,2
glustered,1
glut,1
glutamate,1
gluten,3
gluten-free,1
glutton,2
gluttons,1
gluttony,1
glycaemia,1
glycerine,5
glycine,4
glyco,1
glyn,3
glyndebourne,2
glynis,16
gmex,1
gnash,1
gnashing,4
gnats,2
gnaw,1
gnawing,1
gnaws,2
gnicia,4
gnish,1
gnitteg,1
gnome,1
gnomes,6
gnostics,4
go,31270
go-ahead,7
go-cart,3
go-carting,1
go-carts,1
go-getting,1
go-kart,4
go-karts,1
go-lightly,1
go-round,1
goa,2
goading,1
goal,443
goal-bound,1
goal-less,5
goalbound,2
goaler,1
goalgetter,1
goalie,5
goalkeeper,62
goalkeepers,6
goalkeeping,2
goalless,1
goalmouth,5
goalmouths,1
goalposts,5
goals,210
goalward,1
goalwards,1
goat,26
goats,33
gob,32
gob-smacked,2
gobbed,1
gobbin,5
gobbing,3
gobble,4
gobble-eyed,1
gobbled,5
gobbledegook,5
gobbledygook,1
gobi,1
goblet,2
goblets,4
goblin,7
goblins,3
gobsmacked,6
gobsmacking,1
gobtron,1
goch,2
god,4230
god-governed,2
god-like,4
god-man,1
godalming,1
godber,1
godchild,1
goddamn,1
goddard,2
goddess,3
goddesses,1
godfather,4
godfathers,2
godford,1
godfrey,2
godhead,1
godiva,2
godless,2
godlike,3
godliness,1
godly,5
godman,1
godmother,8
godmothers,2
godparents,5
gods,43
godsend,4
godson,2
godstone,1
goebbels,1
goedel,1
goer,6
goering,1
goers,3
goes,5250
goffered,1
goggle,4
goggles,35
gogh,13
goi,11
goin,5
going,22617
goings,6
goings-on,1
goit,1
gojas,1
gol,3
gold,384
goldberg,7
golden,118
golder,1
golders,3
goldeson,1
goldfinger,2
goldfinks,1
goldfish,24
goldfishes,1
goldhill,1
goldie,8
goldies,1
goldilocks,8
golding,4
goldman,2
goldmine,3
goldmines,1
goldring,4
golds,4
goldseal,1
goldsmith,7
goldsworth,1
goldsworthy,1
goldthorpe,3
goldy,1
golf,289
golfer,10
golfers,5
golfing,14
golliwog,4
golliwoggy,1
golliwogs,2
gollops,1
golly,34
gomley,1
gomorrah,6
gon,11994
gonad,1
gonads,2
gondal,2
gondolas,1
gone,4336
goner,3
gones,3
gong,1
gonn,1
gonner,1
gonzales,1
gonzalez,1
goo,19
gooch,23
good,16529
good-bye,9
good-for-nothing,1
good-hearted,1
good-looking,3
good-natured,2
good-oh,2
good-tempered,1
good-un,1
good-uns,1
good-will,1
gooday,2
goodb,1
goodbye,153
goodday,1
goodee,1
goodenough,2
gooders,4
goodey,14
goodhead,8
goodhearted,1
goodie,2
goodies,21
goodirly,1
goodlooking,1
goodly,7
goodman,4
goodmans,1
goodness,398
goodnight,70
goodo,2
goodricke,4
goods,402
goodwill,14
goodwin,14
goodwood,2
goody,49
gooedy,4
gooey,5
goof,1
goofy,12
googie,3
googly,2
goole,2
goolies,2
goon,2
gooner,1
goonhilly,2
goos,2
goose,28
goose-pimples,1
gooseberries,1
gooseberry,1
goosed,1
goosehill,1
goosetree,1
goosey,1
gopak,1
goping,2
gor,1
gorbachev,48
gorbachov,23
gorbels,4
gord,1
gordon,184
gore,4
gorfield,1
gorge,3
gorgeous,181
gorgeouses,1
gorges,3
gorging,1
gorgon,2
gorilla,10
gorkham,1
gorky,1
gorleston,1
gorman,2
gormless,9
gorn,1
gorner,1
goron,1
gorping,1
gorrit,3
gorse,2
gory,5
gos,2
gosford,3
gosforth,5
gosh,257
gosney,7
gospel,65
gospels,3
gosport,5
gossip,39
gossiped,1
gossiping,4
gossips,1
gossipy,2
gossom,1
gostermers,1
got,52133
gotard,4
gotcha,3
goth,1
gothic,36
gotta,1
gotten,21
gottle,3
gotto,1
gottonam,2
goudy,2
goudys,1
gouge,1
gouged,1
gough,1
gouging,1
goujons,1
gould,13
goulding,3
gourd,1
gourds,4
gourmet,3
gout,2
gov,8
gover,1
govern,18
governance,3
governed,23
governess,3
governesses,1
governing,48
government,3062
government-initiated,1
government-sponsored,1
governmental,12
governments,173
governor,80
governors,95
governorships,1
governs,5
govidge,1
gowe,1
gower,10
gowing,1
gown,47
gowns,9
gowrie,8
gp,11
gps,1
gr,33
gra,13
grab,122
grabbed,64
grabbing,20
grabs,22
grace,207
graced,3
graceful,5
gracefully,5
graceland,1
graces,3
gracie,1
gracious,85
graciously,1
graciousness,4
grad,3
gradation,2
gradations,2
grade,134
graded,22
grades,34
gradient,93
gradients,5
grading,25
gradings,4
graditude,1
gradual,30
gradualism,1
gradualist,1
gradualistic,1
gradually,190
graduate,38
graduated,18
graduates,35
graduatin,1
graduating,3
graduation,8
graduations,1
graeme,14
graffiti,14
graffitied,2
grafonola,1
graft,11
grafted,2
grafter,1
grafting,3
grafts,7
graham,242
graham-scott,5
grails,1
grain,87
grained,1
grainger,3
graining,1
grains,6
grainy,1
gram,24
grammar,121
grammatic,4
grammatical,15
grammatically,3
gramme,4
grammes,13
grammy,1
gramo,1
gramophone,16
gramophones,2
grampian,2
gramps,5
grampy,1
grams,46
gran,77
granada,25
granary,16
grand,359
granda,1
grandad,14
grandads,1
grandata,3
grandchild,7
grandchildren,51
granddad,292
granddads,2
granddaughter,21
granddaughters,3
grande,1
grandee,2
grandees,1
grander,2
grandest,2
grandeur,1
grandf,1
grandfather,99
grandfathers,4
grandiloquent,1
grandio,1
grandiose,5
grandiosely,1
grandlady,2
grandly,2
grandma,290
grandmo,1
grandmoth,1
grandmother,91
grandmothers,1
grandon,1
grandpa,88
grandparent,1
grandparents,33
grandpat,12
grandson,34
grandsons,6
grandstand,10
grandways,2
grandwean,1
grange,18
grange-over-sands,1
grangewell,1
granite,12
grannie,5
grannies,3
granny,128
granpy,2
grans,3
grant,524
grant-aiding,1
grantcha,1
granted,120
grantham,45
granting,8
grants,140
granule,1
granuled,1
granules,9
granuley,1
granville,21
grape,12
grapefruit,20
grapefruits,2
grapes,45
grapeseed,2
grapevine,5
grapevines,2
graph,208
graphic,30
graphical,20
graphically,8
graphics,55
graphicy,1
graphite,15
graphology,1
graphs,75
grapple,5
grappled,2
grappling,1
gras,1
grasp,47
graspable,1
grasped,12
grasping,5
grass,346
grass-roots,1
grass-seed,1
grasscutter,1
grassed,4
grasses,7
grasset,3
grasshopper,2
grassie,1
grassiest,1
grassland,4
grassroots,1
grassy,4
grate,32
grated,10
grateful,242
gratefully,8
grater,4
grates,7
graticule,3
gratification,5
gratifications,1
gratified,7
gratifies,2
gratify,2
gratifying,5
grating,14
gratitude,14
grattan,16
grattans,4
gratton,1
gratuitous,1
gratuitously,1
gratuity,1
grav,1
gravado,1
grave,97
grave-digger,3
grave-diggers,1
grave-digging,2
gravel,46
gravelled,1
gravelly,3
gravely,1
graver,1
graves,31
gravesend,1
graveside,1
gravest,5
gravestone,4
gravestones,4
graveyard,20
graveyards,3
gravimetric,2
gravis,16
gravitation,3
gravitational,9
gravity,42
gravy,105
grayon,1
grays,3
graze,12
grazed,5
grazer,1
grazes,3
grazing,6
gre,9
grea,3
greamsee,1
greas,1
grease,39
greaseball,1
greased,4
greaseproof,10
greasing,3
greasy,24
great,3704
great-aunt,1
greater,1169
greatest,166
greatests,1
greatley,2
greatly,76
greatness,4
greatorex,2
greaves,7
greavesey,1
greavesie,1
grecian,2
gree,2
greece,37
greed,15
greedy,48
greek,69
greeks,10
green,1264
greenbanks,1
greenbaum,4
greenbelt,528
greenbelts,7
greene,2
greened,2
greener,7
greeners,1
greenery,5
greeness,1
greenest,2
greenfield,11
greenfly,2
greengage,1
greengages,1
greengrocer,4
greengroceries,1
greengrocers,11
greengrocery,1
greenhouse,62
greenhouses,3
greenies,1
greenish,2
greenland,1
greenlands,2
greenness,3
greenoch,1
greenock,5
greenpeace,26
greens,43
greensit,1
greenspot,6
greentoft,5
greenville,1
greenway,1
greenwich,9
greenwood,5
greeny,7
greer,2
greet,9
greeted,17
greeting,19
greetings,15
greets,2
greg,25
gregarious,7
gregg,5
gregorio,1
gregory,14
greig,4
gremlin,3
gremlins,4
grenade,5
grenades,4
grenadier,2
grenadine,4
grenfell,5
grenoble,6
grenville,3
grer,1
gresley,1
greta,4
grete,2
grew,123
grey,289
greyer,1
greyey,1
greyhound,14
greyhounds,12
greyie,1
greying,1
greyish,4
greylands,1
greyness,2
greys,2
greyskull,1
greyson,34
greysteel,5
greystoke,2
greystokes,3
grid,36
grid-like,1
griddle,2
griding,1
gridiron,1
grids,1
grief,112
griefs,1
grieman,2
griesbaum,1
grievance,12
grievances,11
grieve,8
grieved,1
grieves,3
grieving,4
grievous,12
grievously,1
griff,3
griffi,1
griffin,2
griffing,2
griffith,2
griffiths,15
griggs,1
grigson,28
gril,1
grill,65
grilled,12
grilling,7
grills,3
grim,22
grim-faced,1
grimace,2
grimaced,1
grimaces,2
grimacing,1
grimbsy,1
grime,2
grimes,7
grimly,1
grimness,3
grimsby,22
grimsdale,1
grimsdon,1
grimshaw,1
grimston,3
grimstone,1
grimwich,1
grimy,1
grin,13
grind,33
grinder,9
grinders,3
grinding,25
grindstone,3
grinned,4
grinnets,2
grinning,3
grins,2
grinstead,10
grip,41
gripes,1
griping,2
gripness,1
gripped,7
gripping,9
grips,39
grisly,2
grist,2
gristle,4
griswald,1
grit,17
grits,1
gritted,4
gritting,3
gritty,17
grizzle,1
grizzliest,1
grizzly,1
gro,9
gro-bag,1
groan,6
groaned,3
groaning,9
groanings,1
groans,8
groat,2
groats,1
grob,1
grobags,1
grobbins,3
grocer,26
groceries,26
grocers,18
grocery,26
grog,2
groggy,4
groin,15
groinby,1
groined,3
groining,3
groins,3
grom,1
grommet,2
grommets,4
gromphing,2
gromwell,2
gronnies,1
groo,1
groom,31
groomed,2
grooming,2
grooms,5
groomsman,6
groove,17
grooved,3
groovers,1
grooves,4
groovy,13
grope,2
groping,2
grosche,2
gross,152
grossed,1
grossly,13
grossman,1
grossness,2
grosvenor,3
grot,7
grotesque,10
grotesquely,1
grotesqueness,1
grotoskew,1
grots,1
grotting,2
grotto,5
grotty,21
grou,1
groucho,3
ground,860
ground-work,1
grounded,11
groundhog,2
grounding,10
groundings,1
groundless,2
grounds,196
groundsman,7
groundsmen,1
groundswell,3
groundwork,4
group,2594
grouped,18
groupie,5
groupies,1
grouping,32
groupings,7
groups,881
grouse,5
grout,3
grouted,7
grouting,6
grove,40
grovel,3
grovelling,2
grover,13
groves,2
grow,459
growbags,1
grower,5
growers,7
growing,425
growl,11
growled,4
growling,5
growls,4
growmore,2
grown,198
grown-up,3
grown-ups,9
grows,64
growth,376
growth-type,1
growths,1
grr,1
grrr,17
grrrrrrr,2
grrrrrrrrrrr,1
gruak,2
grub,34
grubb,2
grubber,8
grubbiest,1
grubbiness,1
grubbing,1
grubby,16
gruber,3
grubs,3
grudge,4
grudges,2
grudging,2
grudgingly,2
gruel,10
gruelling,2
gruesome,7
gruff,16
gruffly,1
grumble,19
grumbled,3
grumblers,1
grumbles,1
grumbling,11
grumfy,2
grumpier,1
grumping,2
grumps,3
grumpy,48
grundig,3
grundy,1
grunge,1
grunt,5
grunting,4
grurgh,2
gs,23
gu,10
gua,1
guar,2
guaran,2
guarantee,280
guaranteed,99
guaranteeing,8
guarantees,47
guarantor,4
guarantors,1
guard,129
guarded,15
guardedly,1
guardian,55
guardians,13
guardianship,2
guarding,19
guardrails,1
guards,52
guardsman,1
guatamala,1
guatemala,2
guatemalans,1
gubbins,1
gubby,1
guerilla,5
guerillas,2
guernsey,3
guernseys,1
guerrilla,4
guerrillas,2
guess,641
guessed,42
guesses,19
guessing,30
guesstimate,1
guesswork,8
guest,66
guests,101
guff,4
guffaw,1
guffaws,2
guffbry,4
guffy,4
gui,3
guid,2
guidance,277
guide,190
guidebook,1
guidebooks,1
guided,35
guideline,31
guidelines,154
guiders,1
guides,46
guiding,20
guido,1
guil,1
guild,105
guildford,40
guildhall,12
guildon,2
guilds,20
guilford,5
guillotine,4
guillotined,4
guilt,67
guilty,283
guinea,18
guineas,13
guinness,26
guisborough,2
guise,8
guised,2
guiseley,1
guiseppe,1
guises,6
guitar,52
guitarist,13
guitarring,2
guitars,9
gulag,2
gulags,1
gulf,173
gulfs,1
gull,3
gullet,3
gullets,1
gullible,10
gullies,7
gulliver,2
gulls,2
gully,14
gulp,3
gulper,1
gulps,2
gum,58
gumboots,1
gummed,1
gummer,18
gummy,4
gump,1
gumption,3
gums,16
gun,299
gunfight,1
gunfire,5
gung,1
gungadin,1
gunge,13
gunging,2
gunk,2
gunman,9
gunmen,17
gunmetal,1
gunned,3
gunnell,1
gunner,8
gunners,6
gunning,3
gunnislake,1
gunpoint,3
gunpowder,7
guns,147
gunships,2
gunshot,1
gunwales,2
gupps,1
gurgle,3
gurglings,1
gurkha,1
guru,1
guscott,1
gushed,1
gushing,1
gust,2
gusting,1
gusto,2
gusts,4
gusty,1
gut,29
guten,1
gutful,1
guthrie,1
guts,32
gutted,20
gutter,19
guttering,9
gutters,10
gutting,4
gutty,1
guv,5
guvnor,3
guy,726
guyler,1
guys,214
guzzi,2
guzzle,1
guzzling,1
guzzy,4
gwen,24
gwendoline,42
gwenny,1
gwent,4
gwin,1
gwindy,6
gwyllam,6
gwyn,2
gwynedd,3
gwyneth,19
gwynn,2
gwynne,1
gy,1
gybe,3
gybing,4
gym,25
gymnasium,2
gymnastics,2
gyms,1
gynaecologist,3
gynaecologists,3
gynaecology,3
gyp,2
gypo,1
gyppos,1
gypsies,55
gypsified,1
gypsum,5
gypsy,25
gypsyfied,1
gyrations,1
gyroscopes,1
gytrash,2
gywneth,1
h,1626
h-bone,3
ha,2856
haa,1
haaa,1
haar,1
haba,3
habad,1
haben,1
habens,1
haberdashers,1
haberdashery,4
habit,97
habit-forming,1
habitat,8
habitation,5
habitats,4
habits,54
habitual,1
habitually,3
habsburg,1
hac,1
hack,25
hacked,10
hacker,3
hackett,1
hackham,3
hacking,15
hackles,4
hackney,11
hacks,2
hacksaw,7
had,35445
hadad,1
haddaway,1
haddenham,1
haddington,1
haddock,7
haddocks,1
hade,1
hades,1
hadger,2
hadham,3
hadleigh,1
hadley,1
hadrian,2
hads,1
hae,1
haem,1
haematite,8
haematology,3
haematuria,1
haemo,1
haemoglobin,9
haemophilia,11
haemophiliac,3
haemophiliacs,10
haemorrhage,4
haemorrhaging,2
haemorrhoids,1
haf,1
hag,12
hagar,8
hagarth,12
haggard,6
hagge,1
haggis,9
haggle,7
haggling,1
hagiography,1
hags,1
hague,5
hah,9
hahaha,1
hahhh,1
hahhhh,1
hai,1
haifa,1
hail,17
haile,1
hailebury,1
hailed,5
hailer,2
haileyburian,1
haileybury,9
hailsham,1
hailsowen,1
hailstone,1
haines,2
hair,1156
hair-weaves,1
hairbands,1
hairbrush,6
hairbrushes,1
haircut,32
haircuts,1
hairdo,1
hairdre,1
hairdresser,47
hairdressers,39
hairdressing,8
hairdryer,8
hairdryers,1
haired,35
hairies,2
hairline,2
hairlines,1
hairnets,2
hairpiece,8
hairpieces,3
hairpin,1
hairpins,1
hairs,49
hairspray,6
hairstyle,14
hairstyles,4
hairstyling,1
hairstylist,1
hairy,53
haitch,8
haiti,6
haitian,1
haitians,2
hake,5
hal,1
halal,1
halam,11
halas,1
halbury,1
halcyon,3
hale,10
halen,2
hales,2
halesowen,1
halesworth,1
halewood,1
haley,4
half,5917
half-an-hour,3
half-baked,2
half-ca,1
half-caste,1
half-cock,1
half-cocked,2
half-day,1
half-eaten,1
half-hearted,5
half-heartedly,1
half-hour,1
half-illegible,1
half-inched,1
half-ish,2
half-made,1
half-naked,1
half-nine,4
half-past,8
half-seven,2
half-shoes,1
half-six,1
half-ten,4
half-time,3
half-truths,1
half-way,4
half-year,5
halfa,1
halfbacks,1
halfed,1
halfhearted,2
halfoes,1
halford,1
halfords,6
halfpence,2
halfpennies,1
halfpenny,8
halfs,3
halfway,75
halfy,1
halibin,1
haliborange,1
halibut,7
halifax,43
halkins,1
hall,825
halla,1
halldane,2
halleluja,18
hallelujah,19
halley,3
halleys,1
hallington,1
hallity,1
hallmark,5
hallmarked,1
hallo,45
hallow,1
hallowbury,1
hallowed,7
halloween,39
halloweening,1
halls,22
hallsbury,3
hallucination,2
hallucinations,1
hallum,2
hallway,13
hallways,3
halo,1
haloed,1
halogen,4
halogens,1
halothane,1
halpern,9
halsall,1
halsam,2
halstead,1
halt,43
halted,11
halter,2
haltering,1
halting,1
halton,1
halve,10
halved,15
halves,38
halving,12
halyard,6
ham,166
ham-fisted,1
hambledon,71
hambleton,58
hambley,1
hambra,1
hambrose,1
hamburg,10
hamburger,6
hamburgers,3
hamdon,1
hamilford,1
hamilton,25
hamiltons,2
hamish,4
hamlet,17
hamlets,5
hamme,1
hammer,88
hammered,25
hammering,22
hammers,14
hammersmith,2
hammerstein,1
hammerston,1
hammerton,1
hammett,3
hammling,1
hammock,3
hammond,3
hamms,3
hammy,2
hamp,1
hampden,1
hamper,14
hampered,3
hampering,3
hampers,16
hampreston,1
hamps,1
hampshire,37
hampstead,9
hampton,22
hams,9
hamslow,1
hamster,15
hamsters,6
hamstring,3
hamstrung,1
hamwell,1
hamworth,2
han,8
hanborough,6
hance,2
hancock,7
hand,2409
hand-book,6
hand-finishing,1
hand-gliding,3
hand-in-hand,3
hand-knitting,1
hand-looms,1
hand-me-downs,1
hand-mill,1
hand-out,7
hand-outs,7
hand-painted,1
hand-picked,1
hand-set,1
hand-tinted,1
hand-to-mouth,1
hand-up,1
hand-warmer,2
hand-writing,1
handbag,55
handbags,11
handbook,27
handbooks,3
handbr,1
handbrake,19
handbridge,1
handcuff,6
handcuffed,16
handcuffs,13
handed,162
handedly,2
handedness,2
handel,3
handels,1
handful,49
handfuls,3
handicap,24
handicapped,85
handicaps,5
handicraft,11
handicrafts,5
handier,3
handies,2
handing,41
handiwork,1
handkerchief,17
handkerchiefs,5
handkies,1
handle,329
handleable,1
handlebars,7
handled,80
handler,5
handlers,5
handles,38
handling,120
handmade,9
handou,1
handout,73
handouts,35
handover,5
handpicked,1
handprints,2
hands,977
handsaw,3
handset,42
handsets,8
handshake,16
handshakes,4
handsome,41
handsomely,4
handsta,1
handstand,3
handstands,3
handsworth,9
handwoven,1
handwriting,38
handwritten,3
handy,187
handyman,9
hang,1115
hang-gliding,1
hang-up,1
hangar,4
hanged,7
hanger,27
hangers,25
hangers-on,2
hanging,316
hangings,9
hanglet,1
hangman,3
hangover,19
hangovers,2
hangs,37
hangup,1
hanifi,1
hank,4
hanker,1
hankering,3
hankie,6
hankies,25
hankow,1
hanks,3
hanky,18
hanley,6
hann,1
hanna,1
hannah,61
hannibal,6
hanover,7
hanrahan,2
hanratty,2
hans,12
hansard,4
hansell,1
hansom,3
hanson,7
hants,2
hap,9
hapen,1
haphazard,4
hapless,2
haploid,1
happ,8
happe,1
happen,1621
happened,2027
happening,988
happenings,5
happens,1449
happier,97
happiest,14
happily,81
happiness,45
happy,1824
happy-go-lucky,1
haps,1
har,11
harass,9
harassed,13
harasser,1
harasses,1
harassing,6
harassment,71
harberton,2
harbinger,1
harbod,1
harborough,2
harbottle,3
harbour,38
harboured,1
harbouring,10
harbourmaster,30
harcourt,4
harcross,1
hard,1955
hard-earned,1
hard-fought,1
hard-going,1
hard-hat,1
hard-hearted,1
hard-hitting,1
hard-liners,1
hard-up,6
hard-wearing,1
hard-won,1
hard-working,6
hardback,3
hardboard,6
hardboiled,2
hardcastle,7
hardcastles,1
hardcore,3
harden,19
hardened,7
hardener,1
hardening,1
hardens,3
harder,231
hardest,53
hardiman,1
hardiness,1
harding,5
hardl,1
hardline,1
hardliner,1
hardliners,1
hardly,475
hardness,8
hardpool,1
hardship,39
hardships,5
hardstand,6
hardware,120
hardwearing,2
hardwood,7
hardwoods,2
hardworking,5
hardy,24
hare,17
harebrained,1
harefield,16
harefields,1
hareing,1
harem,6
harem-type,1
harems,5
hares,6
harewood,2
harford,1
hargate,4
haricot,3
haringey,5
hark,22
harked,1
harkens,1
harking,5
harland,1
harlech,1
harlequin,2
harlequins,4
harley,4
harlots,1
harlow,340
harlowbury,1
harlston,1
harm,167
harman,7
harmed,8
harmful,27
harming,9
harmless,27
harmlessly,1
harmo,1
harmonic,17
harmonics,1
harmonious,1
harmoniously,2
harmonisation,2
harmonise,2
harmonium,1
harmonization,3
harmonizes,2
harmony,29
harms,1
harness,26
harnessed,2
harnesses,1
harnessing,3
harney,5
harold,52
harold-bond,1
harp,10
harped,1
harpenden,8
harper,1
harpi,1
harpic,1
harping,6
harpist,1
harps,1
harpsichord,4
harr,3
harray,7
harrendle,6
harress,1
harrier,7
harriers,2
harriet,28
harriets,1
harringay,4
harringtons,2
harris,59
harrison,34
harrisson,1
harro,1
harrod,1
harrods,8
harrogate,343
harroll,1
harrow,13
harroway,3
harrowing,6
harry,141
harrying,1
harsh,40
harsher,6
harshly,2
harson,1
hart,26
hartlepool,12
hartley,1
hartleys,3
hartline,1
harts,1
hartsett,3
hartwell,1
hartwells,3
hartz,4
harvard,4
harvards,5
harvest,121
harvested,6
harvester,8
harvesters,4
harvesting,14
harvests,5
harvey,33
harveys,1
harwell,26
harwich,21
harworth,1
hary,1
has,16583
hash,20
hashing,2
haslington,1
hass,2
hassan,5
hassex,1
hassle,119
hassled,5
hasslehoff,1
hassles,11
hassling,5
hast,1
haste,10
hasten,16
hastily,2
hastings,17
hasty,2
hat,336
hat-trick,4
hatbox,1
hatch,24
hatchback,8
hatched,8
hatches,1
hatching,5
hatchings,2
hatchway,1
hate,707
hated,74
hateful,4
hater,1
haters,2
hates,71
hatfield,46
hatful,1
hath,8
hating,5
hatred,14
hats,77
hatted,1
hatters,2
hattersley,3
hattie,20
hatton,1
haughty,1
haul,24
haulage,5
hauled,9
haulier,6
hauling,6
haunches,4
haunt,9
haunted,5
haunting,3
hauntingly,1
haunts,1
haurus,1
hausclau,2
haussmann,1
hauteur,2
hav,23
havana,4
havanas,4
havant,1
have,126821
havelock,2
haven,24
havens,2
havercom,1
haverford,1
havers,5
haversack,1
haverton,1
havi,1
havin,1
having,4688
havoc,12
havocs,1
havre,2
havstock,6
havvaher,1
haw-haw,1
hawaii,14
hawaiian,11
hawd,1
hawed,2
haweswell,1
hawf,1
hawk,9
hawker,2
hawkers,1
hawkesbury,2
hawking,2
hawkins,1
hawks,4
hawn,1
hawsfield,1
hawthorn,6
hawthorne,2
hawtin,1
haxby,2
haxby-wigginton,2
haxworth,1
hay,128
hay-fever,1
hay-feverish,1
hay-making,2
haycastle,1
hayden,5
haydn,6
haydock,1
haydon,1
hayes,12
hayfever,9
haygar,1
haygarth,1
haylands,1
hayle,4
hayley,45
haymarket,9
hayrick,1
hays,2
haystack,2
haystacks,3
haystock,1
hayward,1
haywards,2
haywire,8
haywoods,2
hayworth,1
haz,3
hazard,40
hazardous,18
hazards,13
haze,1
hazel,49
hazelhurst,2
hazelnut,3
hazelnuts,2
hazlemere,2
hazy,9
hd,1
he,75625
he-man,4
hea,8
head,1914
head-butt,1
head-dress,2
head-like,1
head-office,1
head-on,3
head-to-head,3
headache,78
headache-ish,1
headaches,33
headband,1
headbangers,1
headbanging,2
headboard,8
headbutted,2
headcase,2
headcount,2
headdress,2
headed,134
headedness,2
header,69
headers,5
headhunters,1
heading,206
headings,67
headington,37
headlamp,1
headland,3
headlands,3
headless,2
headley,12
headlight,3
headlights,26
headline,59
headlined,2
headlines,88
headlong,3
headmaster,90
headmasters,10
headmastership,2
headmistress,16
headmistresship,1
headon,2
headphone,6
headphones,68
headquarter,1
headquarters,132
headrail,7
headrests,1
headroom,1
heads,262
headset,2
headsets,2
headship,8
headstone,1
headstones,2
headstyle,1
headteacher,1
headway,8
headwind,1
heady,6
heal,28
healed,17
healers,2
healey,16
healeys,2
healing,31
heals,4
health,1603
health-care,1
health-wise,1
healthcare,1
healthier,24
healthiest,2
healthiness,1
healthmaster,19
healthy,140
heanor,1
heap,53
heaped,5
heaps,10
hear,2633
heard,2405
hearing,256
hearings,11
hearkeners,1
hears,30
hearsay,23
hearse,18
hearses,1
heart,584
heart-lung,2
heart-stopping,1
heart-stretching,1
heart-warming,1
heartache,1
heartaches,1
heartbeat,5
heartbreak,1
heartbreaking,1
heartbroke,1
heartbroken,2
heartburn,1
hearted,13
heartedness,1
heartened,3
heartening,3
hearth,23
hearths,2
heartily,2
heartland,1
heartlands,1
heartless,5
heartlessness,1
heartrending,1
hearts,73
hearty,4
heat,350
heated,60
heatedly,1
heater,98
heaters,27
heaterset,1
heath,94
heathen,2
heathens,3
heather,50
heathers,2
heathlands,3
heathrow,70
heating,267
heatproof,1
heats,12
heatshrink,1
heatwave,1
heav,2
heave,13
heave-ho,1
heaved,5
heaven,226
heavenly,26
heavens,74
heaves,1
heavier,75
heavies,1
heaviest,23
heavily,108
heaviness,1
heaving,4
heavy,585
heavy-handed,1
heavyish,1
heavyweight,9
hebden,1
hebean,1
hebrew,27
hebrews,9
hebrides,3
heck,125
heckle,1
heckled,1
heckling,4
heckyl,1
hecst,1
hectare,48
hectares,195
hectate,1
hectic,17
hector,14
hectored,1
hectoring,1
hectoringly,1
hedge,96
hedgecutter,3
hedged,2
hedgehog,18
hedgehogs,7
hedgerow,8
hedgerowey,1
hedgerows,9
hedges,30
hedging,11
hedley,1
hee,69
heebies,1
heed,9
heedless,1
heel,28
heeled,9
heeling,2
heels,37
hefty,16
heg,4
hegel,2
hegelian,2
heginbotham,1
heidi,43
heifer,2
height,170
height-wise,1
heighten,2
heightened,14
heightening,2
heightens,1
heights,25
heim,1
heine,25
heineken,2
heinous,2
heinousness,1
heinz,9
heir,6
heiress,6
heirlooms,1
heirs,2
heitmann,7
hel,15
held,582
heldon,1
helen,245
helena,62
helens,11
helensborough,1
helga,1
heli,1
helico,1
helicopter,82
helicopters,27
helier,4
heliers,2
helium,18
hell,1194
hell-bent,1
hellenic,23
hellish,5
helliwells,11
hellmans,1
hello,2299
helloee,1
hellraiser,1
hells,2
helluva,2
hellyessen,2
helm,2
helmet,37
helmets,14
helms,1
helmsley,1
helmsman,1
helmut,4
help,3296
help-line,2
help-lines,2
helped,356
helper,13
helpers,21
helpeth,1
helpful,347
helpfully,6
helping,375
helpings,7
helpless,24
helplessly,2
helplessness,9
helpline,6
helpmate,1
helpmeet,1
helps,305
helshing,2
helsinki,2
heltai,1
helter,1
helvetica,5
helvin,2
hem,12
hemel,12
hemisphere,16
hemispheres,1
hemmed,2
hemming,3
hemmings,2
hempstead,12
hems,5
hemslow,1
hemworth,2
hen,40
hence,64
henceforth,1
hendon,5
hendred,1
hendricks,2
hendrix,5
hendry,10
henhouse,4
henhouses,5
henley,28
henley-on-thames,1
henman,2
henna,1
hennessey,1
hennie,1
henr,1
henrie,1
henrietta,3
henry,145
henrys,1
hens,70
henstead,1
heparin,3
hepatic,1
hepatitis,3
hepburn,2
hepburns,1
heptagon,2
heptane,1
her,14992
herald,37
heralded,4
heralding,1
heraldry,1
heralds,2
herb,9
herbaceous,1
herbal,7
herbalists,1
herbert,32
herbicides,1
herbie,11
herbs,35
herby,1
hercegovina,3
herculean,1
hercules,2
herd,12
herded,2
herder,4
herding,1
herds,1
here,17015
hereabouts,1
hereafter,8
hereby,14
hereditary,8
heredity,1
hereford,40
herefordian,1
herefordshire,7
herein,2
hereof,1
heresay,1
heresy,1
heretic,3
heretical,2
heretics,1
herewith,1
herfs,1
heritable,2
heritage,64
herman,4
hermaphrodite,2
hermestone,6
hermit,1
hermitage,3
herne,3
hernia,33
hernias,2
hero,68
herod,8
herodotus,4
heroes,17
heroic,5
heroin,13
heroine,9
heroines,4
heron,21
herons,8
heros,4
herpes,1
herr,2
herring,31
herringbone,1
herrings,1
herriot,2
herriott,1
hers,188
herself,390
hersen,1
herspear,1
hertford,22
hertfordshire,69
herts,20
hertzberg,1
hervovie,1
hes,1
hesel,2
heseltine,36
heselton,46
hesi,1
hesitance,1
hesitancy,1
hesitant,10
hesitantly,1
hesitate,37
hesitated,9
hesitates,3
hesitating,2
hesitation,23
hesitations,8
hesketh,1
heslington,2
hessian,2
hester,1
heston,1
heswell,2
het,9
hetero,9
heterogeneous,10
heterosexist,1
heterosexual,20
heterosexuality,1
heterosexually,2
heterosexuals,14
hetford,1
hetherington,2
hetroinura,1
hettie,2
heure,1
hew,1
hewers,1
hewitt,1
hewlett,2
hewlett-packard,1
hewn,1
heworth,7
hex,1
hexagon,17
hexane,8
hexapol,5
hexate,4
hexham,7
hey,755
heyday,1
heydays,1
heyford,16
heysel,1
heysi,1
heysing,1
hezbalar,3
hezbollah,1
hi,449
hi-de-hi,1
hi-fi,25
hi-jack,1
hi-jacked,1
hi-tech,4
hi-ya,1
hiatus,16
hib,1
hibernate,1
hibernated,1
hibernation,1
hibernia,2
hibernian,5
hibernians,1
hibiscus,1
hibs,8
hic,2
hiccough,2
hiccoughs,1
hiccup,8
hiccups,13
hick,6
hickey,3
hickory,12
hicks,5
hid,36
hidded,1
hidden,77
hide,150
hideaway,1
hideous,21
hideously,1
hides,13
hidey-hole,1
hiding,87
hier,1
hierarchical,7
hierarchically,1
hierarchies,2
hierarchy,32
hieroglyphic,3
hieroglyphics,4
hieroglyphs,3
hieronymus,2
hifi,1
higginbottom,1
higgins,7
higgledy,1
higgledy-piggledy,1
higgledy-piggly,1
high,2016
high-class,2
high-cost,1
high-falluting,1
high-falooting,3
high-flier,1
high-flyer,1
high-grade,1
high-hat,1
high-intensity,2
high-key,1
high-pitched,2
high-powered,1
high-ranking,1
high-rise,1
high-risk,11
high-speed,4
high-strength,1
high-tech,2
high-temperature,1
higham,3
highbrow,1
highbury,14
highchair,1
highclear,2
highcliffe,1
highcross,1
highe,1
higher,730
higher-rate,1
highers,1
highest,199
highfalutin,2
highfield,14
highfields,27
highgate,6
highish,1
highjack,1
highjacked,1
highjackers,4
highjacking,1
highl,1
highland,15
highlands,10
highli,1
highlight,86
highlighted,66
highlighter,4
highlighting,27
highlights,51
highly,279
highly-skilled,1
highness,38
highnesses,1
highs,1
hight,1
highton,4
highway,116
highwayman,8
highwaymen,4
highways,96
highwire,1
highworth,4
hignett,1
hijack,5
hijacked,6
hijackings,1
hijacks,2
hike,1
hikehams,2
hiker,1
hiking,5
hil,1
hilaire,2
hilarious,41
hilarity,2
hilary,28
hilda,20
hildebrand,1
hildreth,1
hill,559
hillary,1
hillbilly,1
hiller,1
hillier,2
hillingdon,3
hillman,3
hillock,2
hills,99
hillsborough,6
hillsham,1
hillside,11
hillsides,1
hilltop,2
hilltops,1
hilly,12
hilt,5
hilton,9
him,13986
himalayan,2
himalayas,6
himem,5
hims,3
himse,2
himself,899
hin,1
hinchcliffe,1
hinchinbrook,6
hinckley,3
hind,15
hinder,11
hinderance,1
hindered,4
hindering,3
hinders,1
hindi,2
hindley,2
hindquarters,3
hindrance,5
hindrances,1
hinds,11
hindsight,25
hindu,7
hindus,3
hines,1
hiney,1
hinge,12
hinged,3
hinges,23
hinkley,3
hinksey,11
hinny,1
hint,50
hinted,22
hinterland,3
hinting,12
hinton,5
hints,14
hip,85
hip-hippy,1
hiplocks,2
hipner,1
hipped,1
hippie,4
hippies,3
hippo,6
hippo-bath,1
hippo-bath-day,1
hippocastanum,1
hippodrome,5
hippopotamus,3
hippos,1
hippy,14
hippyish,3
hips,40
hirael,3
hire,157
hired,66
hirer,1
hires,7
hiring,26
hirohito,1
hiroshima,4
his,14136
hiself,1
hisen,2
hispearian,1
hisperian,1
hiss,2
hissed,3
hisself,3
hisses,2
hissing,4
hisssss,1
hist,3
histamines,1
histogram,5
histograms,1
histological,4
histology,5
histon,1
histor,1
historian,45
historians,47
historic,86
historical,134
historically,46
histories,6
historogram,1
history,724
history-wise,1
histrionic,1
hisy,2
hit,870
hit-the,1
hitachi,9
hitachis,1
hitch,3
hitchcock,5
hitched,4
hitches,2
hitchhikers,1
hitchhiking,1
hitchin,2
hitchington,4
hite,1
hither,6
hitherto,18
hitites,1
hitler,56
hitlerism,1
hitlerite,1
hitlers,1
hitmen,1
hits,84
hitter,2
hitti,1
hitting,109
hivas,1
hive,9
hived,4
hives,1
hiving,1
hiya,96
hm,423
hmhm,1
hmm,359
hmo,1
ho,405
ho-de-ho,1
hoad,1
hoader,2
hoard,6
hoarded,1
hoarding,1
hoardings,1
hoards,2
hoariest,1
hoars,1
hoarse,3
hoarser,1
hoary,2
hoax,10
hob,16
hob-nob,4
hobart,2
hobbes,20
hobbesian,19
hobbesians,1
hobbies,35
hobbing,4
hobble,2
hobbled,3
hobblers,2
hobbling,6
hobby,43
hobbyhorses,1
hobnail,1
hobnob,1
hobnobs,2
hobo,3
hobridge,1
hobs,2
hobson,2
hobsons,2
hoc,1
hock,3
hocked,1
hockedy,1
hockerill,7
hockey,57
hocks,1
hockston,1
hocus,1
hoddesdon,2
hoddle,1
hodems,1
hodges,2
hodgetts,1
hodgkin,1
hodgkinson,2
hodgson,3
hodins,1
hodson,2
hoe,10
hoe-down,3
hoebury,2
hoeing,2
hoes,3
hoffman,5
hoffmeister,2
hog,7
hogan,10
hogg,4
hogger,1
hogget,1
hogging,5
hogmanay,16
hogmanays,1
hogwash,1
hoh,5
hoicks,1
hoik,1
hoiked,1
hoist,5
hoisted,7
hoists,1
hokey,1
hol,15
hola,2
holbeach,4
holby,2
hold,1500
hold-over,1
holdall,6
holdam,1
holded,1
holden,9
holder,52
holder-on,6
holders,76
holding,354
holdings,14
holds,104
holdup,2
hole,465
holed,1
holeless,1
holes,209
holey,2
holgate,3
holi,3
holid,1
holiday,1019
holiday-maker,1
holidaying,3
holidaymaker,3
holidaymakers,4
holidays,390
holier,3
holiness,5
holistic,2
holland,109
holler,2
hollered,2
hollering,3
hollies,5
hollingworth,4
hollis,2
hollow,14
holloway,5
hollowness,1
hollows,2
holly,92
hollyhead,4
hollywell,2
hollywood,21
hollywood-style,1
holm,4
holmans,2
holmer,1
holmes,7
holn,2
holocaust,12
hologram,7
holograms,3
holograph,2
holographic,1
holographs,1
hols,2
holst,8
holsten,3
holster,15
holstered,7
holsters,1
holston,1
holt,7
holy,282
holyhead,28
holywell,3
hom,1
homage,3
home,5229
home-baked,1
home-brew,1
home-grown,1
home-helps,1
home-like,1
home-loss,1
home-made,18
home-maker,1
homebase,5
homeboys,1
homecare,1
homecoming,1
homed,5
homeland,4
homelands,1
homeless,89
homelessness,35
homely,10
homemade,12
homeopathic,4
homeostasis,1
homer,3
homes,514
homesdale,1
homesick,10
homesworks,1
homeward,4
homewood,1
homework,306
homeworking,1
homeworks,7
homicide,6
hominas,2
homing,4
hominis,1
homkirk,1
homo,5
homogeneous,3
homogenous,2
homoiothermic,1
homologous,1
homology,3
homophobia,1
homophobic,6
homosexual,15
homosexuality,8
homosexuals,7
hon,3
honan,1
honason,1
honda,8
hondas,1
honduras,1
hone,3
honer,1
hones,1
honesom,1
honest,630
honestly,442
honesty,39
honey,110
honeybee,2
honeycomb,2
honeymoon,24
honeymooned,1
honeysu,1
honeysuckle,6
hong,43
honing,1
honiton,4
honk,1
honked,3
honkey,1
honking,3
honky,4
honolulu,2
honor,1
honorarium,2
honorary,24
honour,68
honourable,336
honourably,1
honourary,10
honoured,25
honouring,3
honours,46
hoo,72
hoo-ha,2
hooch,2
hood,56
hoodlums,1
hoods,4
hoodwinked,2
hooey,1
hoof,4
hoofs,2
hooh,1
hooha,3
hook,149
hooke,1
hooked,30
hooker,15
hooking,7
hooks,38
hoola,1
hooligan,10
hooliganism,5
hooligans,15
hoooo,1
hoop,53
hooped,1
hooper,2
hoopla,1
hoops,21
hoorah,1
hooray,72
hoot,5
hooted,1
hooter,3
hooting,2
hoots,6
hoover,77
hoovered,9
hoovering,16
hoovers,3
hooves,5
hop,39
hopa,7
hopcroft,6
hope,2393
hoped,100
hopef,1
hopeful,55
hopefully,580
hopeless,68
hopelessly,2
hopelessness,10
hopers,1
hopes,115
hopeworths,1
hopgrove,2
hoping,404
hopkins,9
hopkirk,1
hopped,3
hopper,44
hoppers,15
hopping,11
hoppum,1
hops,2
hopscotch,4
hoptastic,1
hor,7
horace,10
horizon,42
horizons,11
horizontal,24
horizontally,7
horizontals,1
horley,8
horlicks,3
hormo,1
hormon,2
hormonal,6
hormonally,2
hormone,25
hormones,14
horn,59
hornbeam,1
hornblower,1
hornby,7
horncastle,1
horned,1
horner,4
horners,1
hornes,4
hornet,1
hornets,4
horniest,1
horns,30
hornsea,6
hornton,4
horny,9
horoscope,3
horoscopes,5
horr,3
horrendous,71
horrendously,9
horri,3
horrible,582
horribly,14
horrid,35
horrific,23
horrified,29
horrifying,14
horrily,2
horror,79
horrors,6
hors,2
horse,638
horse-drawn,7
horse-trading,1
horseback,7
horsebox,4
horseboxes,1
horsefields,1
horseguards,1
horsell,4
horseman,18
horsemen,4
horsepower,20
horseracing,5
horseradish,9
horses,510
horseshoe,1
horsewatch,1
horsey,11
horsfall,1
horsham,16
horsie,1
horsley,1
horstead,1
horstell,1
horsy,9
horti,1
horticultural,7
horticulture,7
horticulturist,1
horton,51
horwich,2
hos,5
hose,48
hosepipe,9
hoses,4
hosiery,21
hosing,1
hoskin,13
hoskins,4
hosni,1
hosp,1
hospice,12
hospit,1
hospita,1
hospitable,1
hospital,1004
hospitalised,3
hospitality,20
hospitalized,3
hospitals,193
host,75
host-based,2
hostage,32
hostages,51
hosted,7
hostel,28
hostelling,2
hostelries,1
hostelry,2
hostels,14
hostess,6
hostesses,1
hostied,1
hostile,36
hostilities,1
hostility,12
hosting,6
hosts,15
hot,995
hot-line,1
hotch,1
hotchpotch,2
hotel,394
hotelier,2
hoteliers,5
hotels,80
hotfoot,1
hothouse,2
hothouses,1
hotline,4
hotly,2
hotpoint,14
hotpoints,1
hotpot,1
hotpots,1
hotrods,1
hots,3
hotspur,11
hotspurs,1
hottened,1
hotter,20
hottest,5
hotting,3
hottish,1
hou,28
houdini,2
houghton,4
houn,2
hound,23
hounding,4
hounds,30
houndslet,2
hounslow,21
hour,2012
hour-and-a-half,2
hourglass,1
hourly,16
hours,1977
hous,9
house,4817
house-bound,1
house-builders,1
house-building,3
house-dress,1
house-holders,1
house-husband,1
house-person,2
house-to-house,3
house-wife,1
housebound,5
housebreak,1
housebuilders,1
houseby,2
housecoat,1
housecoats,1
housed,22
houseful,3
household,146
householder,3
householders,7
households,72
househusband,1
housekeena,1
housekeep,1
housekeeper,20
housekeeping,33
houseload,2
housemaid,2
housemaids,2
housemaster,6
housemistress,2
housent,1
houseperson,1
houseplant,1
houses,1020
housewarming,1
housewife,47
housewifes,1
housewive,1
housewives,23
housework,43
housin,1
housing,925
housings,1
houston,13
hout,4
hove,20
hovel,1
hovels,3
hover,4
hovercraft,4
hovered,1
hovering,17
hovers,1
hovis,6
how,19558
howar,6
howard,84
howardian,1
howarth,2
howay,1
howe,10
howell,16
howerd,2
howev,1
however,930
howick,1
howitt,2
howl,4
howler,6
howling,15
howls,3
hows,3
howsons,1
howstead,1
howthe,1
howtown,1
hoy,15
hoyland,1
hoyle,2
hs,24
hu,32
hub,12
hubbard,2
hubbardy,1
hubble,6
hubbling,1
hubbub,4
hubby,12
hubcaps,2
hubs,1
huck,1
huckleberry,2
hucklecote,7
hucknall,17
hucknell,1
huckstep,2
huddersfield,10
huddle,1
huddled,5
huddling,2
hudds,1
huddy,1
hudsbeth,1
hudson,11
hudson-evans,1
hudspeth,1
hue,3
huff,20
huffed,2
huffing,1
huffy,2
hug,11
huge,463
hugely,11
hugged,5
hugging,2
huggins,1
huggy,2
hugh,108
hughes,38
hughey,18
hughie,21
hugo,6
hugs,3
huh,285
huip,1
hula,9
hula-hoops,3
hulk,15
hulkham,1
hulks,3
hull,68
hullabaloo,1
hullo,2
hulls,2
hulme,2
hulsta,2
hulton,5
hum,19
human,597
humana,1
humane,17
humani,1
humanism,1
humanist,3
humanistic,1
humanitarian,9
humanities,10
humanity,23
humanize,1
humankind,2
humanly,9
humanoid,2
humans,33
humber,9
humberside,42
humbersome,1
humberstone,1
humble,32
humbled,4
humblest,1
humbling,3
humbly,2
humbug,2
humbugs,1
humby,2
humdrum,1
hume,14
hume-adams,1
humid,9
humidity,9
humiliate,3
humiliated,10
humiliating,10
humiliation,7
humiliations,1
humility,11
hummed,2
hummels,1
humming,6
hummus,2
humongous,1
humorous,21
humorousness,1
humour,56
humours,4
hump,19
humpback,1
humphrey,13
humphreys,3
humphries,1
humping,9
humps,10
humpty,14
humpy,2
hums,2
hun,23
hunan,6
hunch,1
hunches,2
hund,14
hundr,3
hundre,2
hundred,10610
hundred-and-eighty-sided,1
hundred-year-old,1
hundredfold,2
hundreds,319
hundredth,49
hundredths,15
hundredweight,4
hung,108
hungar,1
hungarian,3
hungarians,6
hungary,18
hunger,37
hungerford,2
hungrier,1
hungry,209
hunk,7
hunks,1
hunky,4
hunky-dory,3
hunkydory,5
hunniford,2
hunnington,1
hunsdon,1
hunstead,9
hunt,117
hunted,5
hunten,1
hunter,35
hunters,20
hunting,201
huntingdon,18
huntington,4
hunton,4
hunts,8
huntsman,1
huntsmen,1
hup,10
hur,2
hurar,2
hurd,26
hurdle,28
hurdles,13
hurdling,2
hurgh,1
hurl,3
hurled,1
hurling,5
hurls,1
hurly-burly,2
hurn,1
hurrah,1
hurray,16
hurricane,20
hurricanes,2
hurried,6
hurriedly,2
hurry,258
hurrying,9
hurschell,1
hurst,19
hurt,436
hurted,1
hurtful,7
hurting,76
hurtling,4
hurts,135
hus,3
husba,2
husband,833
husbanding,1
husbandry,1
husbands,70
husby,1
hush,34
hushed,2
husk,1
husky,2
hussein,53
hussy,8
hustings,2
hustle,3
hustled,1
hut,76
hutch,3
hutches,1
hutchins,1
hutchinson,1
huton,1
huts,21
hutton,3
huw,4
hy,3
hyacinth,4
hyacinths,4
hyam,5
hybrid,12
hybridization,1
hybridize,3
hybridizing,3
hybrids,1
hycal,1
hyde,20
hydrangeas,1
hydrant,4
hydrants,4
hydraulic,14
hydraulically,2
hydraulics,3
hydro,16
hydro-carbon,1
hydro-carbons,2
hydro-electric,4
hydro-electrical,1
hydro-electricity,2
hydrocarbon,1
hydrocarbons,6
hydrocephalus,1
hydrochloric,41
hydrocortisone,1
hydroelectric,7
hydroelectricity,1
hydrogen,141
hydrogenated,1
hydrogens,5
hydrographic,1
hydroplane,4
hydros,2
hydrosphere,1
hydrostatic,1
hydrostatics,3
hydrotherapy,3
hydrothermal,1
hydroxide,38
hydroxides,4
hyena,2
hyenas,3
hygena,2
hygiena,2
hygiene,34
hygienic,3
hygienist,4
hymn,26
hymnal,3
hymns,22
hymopholus,2
hymophylus,1
hynish,1
hyogenic,1
hyong,1
hyp,1
hype,11
hyped,7
hyper,10
hyper-critical,1
hyper-flex,1
hyperactive,4
hyperactivity,1
hyperathan,1
hyperbaric,3
hyperbole,1
hypercolour,3
hypercritical,2
hyperglycaemia,2
hypermarket,5
hyperpolarization,1
hyperpolarize,4
hyperpolarized,2
hyperpolarizes,1
hyperpolarizing,1
hyperspace,1
hypertension,2
hyperventilate,1
hyphen,9
hyphenated,4
hypnosis,4
hypnotherapist,1
hypnotherapy,1
hypnotises,1
hypnotist,5
hypnotized,8
hypnotizing,1
hypo,2
hypochloride,1
hypochlorite,3
hypochondria,1
hypochondriac,4
hypocris,1
hypocrisy,13
hypocrite,6
hypocrites,2
hypocritical,11
hypocritically,1
hypocro,1
hypodermic,2
hypoglycaemia,1
hypostatize,1
hypot,1
hypotenuse,49
hypothalamus,1
hypothecated,1
hypothermia,8
hypothes,2
hypotheses,5
hypothesis,34
hypothesised,1
hypothesize,1
hypothetical,26
hypothetically,3
hypothyroidism,1
hyrodotus,4
hyson,6
hysterectomy,10
hysteria,3
hysterical,11
hysterically,2
hysterics,7
hythe,2
hywel,1
i,310636
i-a,1
i-linked,1
i-s,3
iain,3
ian,431
ianotta,4
ibama,1
ibanez,2
ibania,1
ibbotson,1
iberia,2
ibis,3
ibiza,4
ibsen,2
ice,320
ice-breaker,1
ice-cream,39
ice-creams,3
iceberg,19
icebergs,1
icebreaker,2
icecream,12
iced,12
iceflow,4
iceland,23
icelandic,4
ich,2
ici,1
icicles,1
icing,40
icings,1
ick,2
ickle,9
icknield,1
icksworth,2
ico,1
icon,11
iconic,1
icons,11
ics,1
icuma,1
icy,16
id,74
ida,13
idaho,1
idan,1
iddles,1
iddy,1
idea,2625
ideal,263
idealisation,1
idealism,9
idealist,2
idealistic,8
idealists,1
idealization,1
idealize,2
idealized,2
idealizes,2
idealizing,1
ideally,77
ideals,27
ideaology,1
ideas,723
ideford,2
iden,2
ident,1
identi,2
identical,51
identically,1
identifiable,15
identification,66
identifications,2
identified,262
identifies,33
identify,278
identifying,79
identities,8
identity,60
ideog,1
ideological,39
ideologically,7
ideologies,6
ideologues,1
ideology,33
ides,2
idigo,1
idiom,13
idiomatic,23
idiomatically,2
idioms,7
idiosyncrasies,2
idiosyncrasy,1
idiosyncratic,2
idiot,88
idiotic,5
idiots,27
idle,38
idle-itis,1
idleness,3
idler,1
idling,2
idly,3
idol,16
idolatrous,1
idolatry,5
idolitus,1
idolize,1
idols,7
idris,10
idyllic,2
ie,8
iesus,2
iewa,1
if,47177
iff,2
iffley,7
iffy,27
iffyish,2
ifs,7
ifut,1
ig,1
igi,1
igloo,4
ignas,1
ignatian,1
ignatius,7
ignite,7
ignited,2
ignites,1
igniting,1
ignition,10
ignitions,2
ignoble,3
ignorable,1
ignorance,37
ignorant,32
ignorantly,1
ignore,209
ignored,78
ignores,12
ignoring,44
igor,2
iguanas,1
ihibit,1
ii,3
iii,2
ike,3
ikea,9
il,11
ilford,4
iliad,3
ilias,14
iliescu,3
ilk,4
ilkeston,6
ilkley,2
ill,436
ill-advised,2
ill-conceived,3
ill-defined,2
ill-equipped,2
ill-fated,1
ill-feeling,2
ill-formed,4
ill-formedness,3
ill-founded,2
ill-gotten,1
ill-health,7
ill-informed,1
ill-judged,1
ill-mannered,2
ill-treat,1
ill-treated,3
ill-usage,1
illegal,101
illegality,2
illegally,7
illegible,4
illegitimate,8
illicit,4
illicitly,5
illingworth,1
illinois,5
illiquidous,1
illiteracy,3
illiterate,17
illkeston,1
illness,166
illnesses,51
illogical,9
ills,7
illu,1
illuminarc,1
illuminate,3
illuminated,4
illuminating,3
illumination,6
illumined,1
illuminist,1
illuminous,1
illus,1
illusion,42
illusioned,1
illusions,16
illusory,2
illustra,1
illustrate,51
illustrated,27
illustrates,16
illustrating,5
illustration,63
illustrations,33
illustrative,3
illustrator,2
illustrious,2
illyria,5
im,50
ima,4
imag,1
image,251
image-building,1
image-making,1
imagery,7
images,66
imaginable,7
imaginary,32
imagination,87
imaginations,5
imaginative,15
imagine,965
imagined,33
imagines,7
imaging,4
imagining,18
imaginings,1
imam,1
imanan,1
imbalance,10
imbalanced,1
imbalances,4
imbecile,2
imbeciles,1
imbedded,1
imbibe,1
imbit,1
imbues,1
imelda,1
imitate,6
imitating,2
imitation,12
imitations,3
imm,1
immac,9
immaculate,18
immaculately,3
immaterial,12
immature,18
imme,2
immeasurable,1
immed,1
immediacy,9
immediat,1
immediate,165
immediate-term,1
immediately,459
immeding,1
immemorial,2
immense,35
immensely,29
immersed,1
immersion,19
immigrant,6
immigrants,8
immigration,26
imminent,19
imminently,1
immobile,8
immobility,3
immobilization,1
immobilized,2
immoderate,1
immonuments,1
immor,1
immoral,11
immorally,2
immortal,6
immortalised,1
immortality,4
immovable,1
immune,34
immunelytic,1
immunisation,4
immunisations,1
immunity,25
immunization,2
immunizations,1
immunoglobulins,1
immunological,6
immunology,9
imogen,2
imp,8
impact,388
impacted,2
impacts,18
impair,5
impaired,11
impairment,2
impairments,2
impalement,1
impalpable,1
impar,1
impart,10
impartation,1
imparted,2
impartial,10
impartiality,1
impartially,3
imparting,1
impartment,2
impasse,2
impassive,1
impatience,2
impatient,12
impatiently,2
impeachable,1
impeccable,7
impeccably,3
impede,2
impeded,3
impedes,1
impediment,3
impediments,2
impeding,1
impel,1
impelled,1
impending,4
imperative,11
imperatively,1
imperceptibly,1
imperfect,13
imperfection,1
imperfections,1
imperfectly,1
imperial,32
imperialism,12
imperialist,2
imperialistic,1
imperishable,1
impermeable,1
impersonal,9
impersonate,1
impersonating,1
impersonation,2
impersonations,1
impertinent,1
impetigo,2
impetu,1
impetus,15
impinge,10
impinged,2
impinging,2
impl,1
implant,7
implantation,1
implanted,2
implanting,1
implants,6
imple,2
implemation,1
implement,92
implemental,1
implementation,73
implementations,1
implemented,66
implementing,36
implements,13
implicated,4
implicating,3
implication,84
implications,172
implicit,20
implicitly,1
implied,41
implies,64
implima,1
implore,1
implores,1
imply,43
implying,28
impo,4
impoi,1
impolite,2
imponderables,4
imponderants,2
imponderous,1
impor,2
import,59
importa,1
importance,262
important,2904
importantly,79
imported,33
importer,3
importers,6
importing,23
imports,25
importunate,1
importuned,1
importuning,1
importunity,1
impos,1
impose,90
imposed,90
imposes,11
imposing,34
imposition,15
impositions,1
imposs,1
impossibilities,1
impossibility,11
impossible,244
impossibly,2
imposters,1
impotence,2
impotent,5
impoverished,7
impoverishment,2
impracticable,2
impractical,12
impractically,1
impre,1
imprecise,4
imprecision,1
impregnable,2
impregnated,1
impresario,1
impress,42
impressed,172
impresses,1
impressing,3
impression,292
impressionable,5
impressionism,5
impressionisms,1
impressionist,4
impressionists,1
impressions,16
impressive,78
impressively,1
imprimatur,1
imprint,5
imprints,1
imprison,1
imprisoned,5
imprisonment,15
improbable,5
improbably,1
impromptu,3
improper,15
improperly,2
impropriety,2
improv,1
improvable,1
improval,1
improvance,1
improve,397
improved,219
improvement,180
improvements,119
improver,3
improvers,1
improves,14
improving,136
improvisation,5
improvise,2
improvised,1
improvising,1
imprudence,1
imprudent,2
imps,1
impudence,1
impudent,2
impugn,1
impulse,9
impulses,7
impulsive,1
impulsively,1
impune,1
impunity,3
impure,1
impurities,1
impurity,5
imput,1
imputed,1
imputing,1
in,136404
in-bill,1
in-bound,1
in-built,2
in-crowd,1
in-date,1
in-depth,9
in-expensive,1
in-fighting,3
in-filled,1
in-filling,1
in-flight,1
in-flood,2
in-growing,1
in-house,38
in-joke,1
in-law,4
in-laws,8
in-patient,2
in-patients,3
in-service,18
in-step,1
ina,2
inability,17
inaccessibility,1
inaccessible,11
inaccurable,1
inaccuracies,4
inaccurate,19
inact,1
inactivate,1
inactivated,2
inactivates,1
inactivating,2
inactivation,7
inactive,4
inactivity,2
inadequa,1
inadequac,1
inadequacies,6
inadequacy,6
inadequate,56
inadequately,7
inadequates,1
inadmissibility,1
inadmissible,14
inadvertent,2
inadvertently,11
inadvisable,2
inaltruism,1
inane,2
inanimate,4
inantiamorse,1
inantipas,1
inapplicable,1
inappreciable,1
inappropriate,45
inappropriately,4
inappropriateness,1
inarticulate,1
inasmuch,1
inaudible,3
inaugural,6
inaugurated,4
inauguration,2
inaugurations,2
inauspicious,3
inavailability,2
inavase,2
inbet,1
inbetween,3
inboard,1
inborn,2
inbound,2
inbred,5
inbreeding,1
inbuilt,3
inc,6
incalculable,1
incandescent,2
incap,1
incapable,28
incapacitated,3
incapacity,3
incarceration,2
incarnated,3
incarnating,1
incarnation,6
incarnations,1
incendiaries,1
incendiary,3
incense,6
incensed,4
incenses,1
incentive,88
incentives,25
inception,6
inceptions,1
incessant,3
incessantly,3
incest,26
incestuous,4
inch,216
inches,190
inci,1
inciden,1
incidence,34
incidences,5
incident,174
incidental,7
incidentally,120
incidentals,5
incidently,6
incidents,61
incinerated,1
incinerator,5
incinerators,2
incisive,3
incisiveness,1
incisors,1
incited,1
inciting,1
incl,1
inclement,4
inclination,17
inclinations,4
incline,6
inclined,89
inclines,1
inclining,1
includ,2
include,366
included,311
includes,187
including,492
inclusion,32
inclusive,21
inco,1
incognito,1
incoherence,1
incoherent,1
incohesion,1
income,834
income-led,1
income-type,1
incomer,2
incomers,1
incomes,50
incomience,1
incoming,43
incomings,1
incomparable,2
incompatibility,4
incompatible,12
incompetence,15
incompetency,1
incompetent,26
incompetents,2
incomplete,9
incompleteness,1
incompoundable,1
incomprehensible,8
incon,2
inconceivable,7
inconclusive,2
incongruous,1
inconsequentially,1
inconsiderable,1
inconsiderate,3
inconsistencies,3
inconsistency,10
inconsistent,23
inconspicuous,1
inconspicuously,1
incontinent,8
inconve,1
inconvenience,29
inconvenienced,4
inconveniences,1
inconveniencing,1
inconvenient,10
incorporate,56
incorporated,53
incorporates,18
incorporating,19
incorporation,5
incorrect,40
incorrectly,12
incorrects,1
incorrupt,2
incorruptibility,2
incr,1
incre,1
increa,1
increase,1045
increased,393
increases,181
increasin,1
increasing,333
increasingly,142
incred,2
incredible,139
incredibly,71
incredulity,1
increment,7
incremental,9
incrementally,1
incrementic,1
increments,11
incriminate,1
incriminated,1
incru,1
incubated,1
incubating,2
incubator,4
incubators,4
inculcate,1
incumbent,12
incumbents,2
incur,19
incurable,5
incurred,28
incurring,7
incurs,1
incursion,2
incursions,5
incy,1
ind,14
indadit,1
inde,4
indebted,7
indebtedness,4
indecency,1
indecent,4
indecently,2
indecipherable,1
indecision,1
indecisive,4
indee,1
indeed,1720
indefatigable,2
indefensible,5
indefinables,1
indefinite,2
indefinitely,16
indelible,4
indelicate,2
indemnified,1
indemnify,1
indemnities,2
indemnity,7
indent,8
indented,9
indenting,2
indents,2
indenture,2
indepen,1
independence,105
independency,1
independent,434
independently,34
independents,8
inder,1
indes,1
indesit,2
indestructible,3
index,95
index-linked,14
index-linking,1
indexation,3
indexes,16
indexing,1
indi,3
india,133
indian,120
indian-asian,1
indiana,6
indians,49
indic,2
indicart,1
indicat,2
indicate,173
indicated,134
indicates,60
indicating,38
indication,164
indications,26
indicative,17
indicator,31
indicators,30
indices,14
indictable,2
indicted,2
indictment,13
indies,22
indifference,3
indifferent,12
indigenous,16
indigestion,18
indignant,5
indignantly,1
indignation,2
indignity,3
indigo,9
indipau,8
indirect,35
indirecti,1
indirectly,21
indis,1
indiscretionary,1
indiscriminate,4
indiscriminately,8
indispensable,2
indispensably,1
indisputable,2
indissoluble,2
indistinct,1
indistinguishable,2
indiv,4
individ,3
individual,805
individualism,8
individualist,2
individualistic,9
individuality,16
individualized,2
individually,65
individuals,320
individuate,5
individuates,7
individuating,3
individuation,14
indivisib,1
indivisible,3
indo,1
indo-china,5
indoctrinated,2
indoctrination,2
indonesia,7
indonesian,4
indonesians,1
indoor,34
indoors,43
indu,2
induce,10
induced,14
inducements,1
induces,1
inducted,2
induction,30
indulge,15
indulged,5
indulgence,14
indulgent,4
indulges,1
indulging,5
indus,1
indust,1
industrial,392
industrialised,3
industrialist,4
industrialists,14
industrialization,47
industrialize,5
industrialized,6
industrializes,2
industrializing,1
industrially,4
industrials,1
industries,138
industrious,8
industrist,1
industry,801
indwelling,4
indwells,3
indy,1
ine,3
ineffective,12
ineffectual,3
inefficiencies,3
inefficiency,8
inefficient,31
inelastic,9
inelasticity,1
inelegant,1
ineligible,4
inema,1
inentiamorse,1
ineptitude,2
ineptly,1
ineq,1
inequalities,30
inequality,22
inequitable,1
inequities,1
inequity,6
iner,1
ineradicable,1
inerent,1
inert,3
inertia,11
inertial,1
inescapable,6
inescapably,1
inestimable,1
inevi,1
inevitability,3
inevitabl,2
inevitable,56
inevitably,77
inexcusable,2
inexorability,1
inexorable,2
inexpendible,1
inexpensive,4
inexperience,6
inexperienced,7
inexpert,1
inexplicable,2
inextricably,4
inf,6
infa,1
infallibility,1
infallible,3
infamous,2
infancy,11
infant,36
infanticide,3
infantile,3
infantilism,2
infantry,9
infants,38
infat,1
infatuated,3
infatuation,4
infe,1
infeasible,2
infect,4
infected,24
infecting,2
infection,62
infections,10
infectious,11
infective,6
infectives,1
infects,2
infer,13
inference,14
inferences,9
inferential,1
inferior,31
inferiority,2
infernally,1
inferno,3
inferred,2
infertility,5
infested,6
infidel,1
infidels,1
infighting,1
infill,1
infilling,3
infiltrate,2
infiltrated,3
infin,1
infini,2
infinite,31
infinitely,14
infinitive,5
infinity,48
infirm,4
infirmary,27
infirmatory,1
infirmities,3
infirmity,7
infl,3
inflamed,7
inflammable,5
inflammation,19
inflammatory,7
inflatable,4
inflate,2
inflated,7
inflating,1
inflation,221
inflation-proof,2
inflationary,6
inflations,1
inflatory,1
inflect,1
inflection,4
inflections,1
inflects,1
inflexibility,2
inflexible,10
inflict,10
inflicted,11
inflicting,5
inflicts,1
inflight,1
inflow,3
influ,1
influence,288
influenced,66
influencer,1
influences,37
influencing,49
influential,21
influenza,2
influenzi,2
influx,14
info,10
infomix,2
inform,65
informa,3
informal,61
informality,3
informally,22
informant,1
informants,1
informat,1
informatio,1
information,2137
information-sharing,1
informational,2
informations,3
informative,20
informed,170
informer,9
informers,1
informing,15
informs,7
infra,8
infra-red,13
infrared,1
infrastructure,62
infrequent,5
infrequently,4
infringe,7
infringed,1
infringement,15
infringing,7
infu,2
infuriate,1
infuriated,4
infuriates,1
infuriating,4
infuse,2
infusion,2
ing,11
ingalls,1
ingaselectric,1
inge,4
ingen,1
ingenious,4
ingenuity,7
ingeria,1
ingersoll,3
ingham,1
ingleby,1
inglenook,2
ingleston,19
inglestone,1
ingoing,1
ingot,4
ingots,2
ingrained,4
ingratiating,1
ingredient,13
ingredients,31
ingrid,1
ingrowing,4
ingy,6
inhab,1
inhabit,2
inhabitable,1
inhabitant,1
inhabitants,6
inhabited,7
inhabiting,2
inhabits,2
inhalation,3
inhale,3
inhaled,2
inhaler,14
inhalers,6
inhe,1
inherent,27
inherently,16
inherit,22
inheritance,73
inherited,52
inheriting,3
inheritors,1
inherits,3
inhibi,1
inhibit,8
inhibited,19
inhibiting,1
inhibition,5
inhibitions,4
inhibitor,5
inhibitors,2
inhibitory,1
inhibits,9
inhuman,8
inhumane,1
inhumanity,1
ini,1
inimitable,3
ininghams,1
iniquities,1
iniquitous,2
iniquity,6
init,2
initia,1
initial,190
initially,196
initials,37
initiate,13
initiated,39
initiates,3
initiating,5
initiation,10
initiations,1
initiative,176
initiatives,78
inj,1
inject,27
injected,12
injecting,4
injection,46
injections,21
injector,1
injects,5
injunction,11
injunctions,1
injure,6
injured,120
injures,1
injuries,71
injurious,1
injury,137
injustice,33
injustices,10
ink,62
ink-black,1
ink-pens,1
inkahta,2
inkborough,1
inking,1
inkling,9
inks,1
inkstone,1
inkwell,1
inlaid,1
inland,62
inlay,3
inlet,4
inlets,1
inmate,1
inmates,12
inn,47
innards,3
innate,15
inner,210
inner-city,1
innerlaken,1
innermost,1
inners,2
innes,14
innings,17
innnit,1
innocence,10
innocent,82
innocently,7
innocents,1
innocuous,11
innovation,20
innovations,9
innovative,21
innovator,5
innovators,9
innovatory,2
inns,2
innsbruck,3
innsworth,1
innuendo,3
innuendos,2
innumerable,4
innumeracy,1
inoculate,1
inoculating,1
inoculation,1
inoffe,1
inoffensive,3
inombrable,1
inopportune,2
inordinate,3
inordinately,2
inorganic,15
inositol,4
inotta,5
inp,1
inpatient,1
input,207
inputs,35
inputted,1
inputting,6
inquest,13
inquests,1
inquire,1
inquired,1
inquires,1
inquiries,21
inquiring,2
inquiry,76
inquisities,1
inquisition,1
inquisitive,2
inro,2
inroad,3
inroads,7
inrush,1
ins,45
insane,7
insanity,1
inscribe,1
inscribed,6
inscription,8
inscriptions,1
insect,10
insecticides,1
insects,11
insecure,19
insecurities,2
insecurity,9
inseficus,1
inseminate,2
inseminated,1
insemination,7
insensibility,1
insensitive,8
insensitivity,1
inseparable,5
inseparably,1
insert,53
inserted,28
inserting,5
insertion,4
insertive,1
inserts,9
inset,68
insets,2
insetting,5
inshore,1
insi,2
inside,1088
inside-out,3
insider,4
insiders,2
insides,21
insidious,2
insight,41
insights,23
insignia,3
insignificance,6
insignificant,12
insignificantly,1
insincerity,1
insinuate,1
insipid,1
insist,78
insisted,48
insistence,15
insistent,9
insisting,18
insists,11
insole,2
insolence,3
insolent,1
insoluble,3
insolvency,9
insolvent,2
insom,1
insomnia,2
insomuch,1
inspe,2
inspect,30
inspected,20
inspecting,5
inspection,86
inspections,32
inspector,223
inspectorate,30
inspectorates,2
inspectors,59
inspects,1
inspiration,19
inspirations,2
inspire,11
inspired,27
inspirer,1
inspires,2
inspiring,9
inst,2
instability,17
instable,1
instal,7
install,35
installation,37
installations,9
installed,39
installers,1
installing,11
installs,3
instalment,1
instalments,5
instamatic,1
instan,1
instance,95
instances,54
instant,72
instantaneous,12
instantaneously,6
instantly,51
instate,1
instead,233
instep,2
insthrope,1
instigate,7
instigated,3
instigating,2
instigation,1
instigator,2
instigators,2
instil,7
instill,1
instilled,5
instilling,1
instinct,32
instinctive,5
instinctively,4
instincts,14
instinctual,3
institute,118
instituted,9
institutes,17
instituting,1
institution,86
institutional,23
institutionalisation,1
institutionalised,4
institutionalized,7
institutionally,1
institutions,117
instore,1
instruct,25
instructed,36
instructing,3
instruction,89
instructional,1
instructions,194
instructive,6
instructor,29
instructors,14
instructress,1
instructs,3
instrument,54
instrumental,12
instrumentalists,2
instrumentally,1
instrumentation,7
instrumentations,1
instrumented,1
instruments,61
insu,3
insubordination,2
insufficiency,1
insufficient,32
insufficiently,3
insular,3
insulate,6
insulated,4
insulates,2
insulating,3
insulation,15
insulations,1
insulator,7
insulators,6
insulin,14
insult,44
insulted,14
insulting,18
insults,9
insur,2
insurability,15
insurable,1
insurance,674
insurance-related,1
insurances,23
insure,36
insured,69
insurer,9
insurers,15
insures,1
insurgency,1
insuring,12
insurmountable,2
insurrection,5
insurrections,2
insy,17
int,613
intact,18
intag,1
intaglio,2
intake,27
intakes,2
intangible,1
intasun,1
inte,3
intec,1
integer,10
integers,4
integral,34
integrally,1
integrals,2
integrate,117
integrated,91
integrates,2
integrating,32
integration,60
integrational,2
integrature,1
integrity,52
intel,6
intell,1
intellect,52
intellects,5
intellectual,77
intellectualism,1
intellectuality,1
intellectualizing,1
intellectually,13
intellectuals,13
intelli,1
intelligen,1
intelligence,90
intelligence-wise,1
intelligent,134
intelligently,2
intelligibility,1
intelligible,8
intend,183
intended,158
intending,71
intends,20
intense,44
intensely,9
intensification,2
intensified,7
intensifies,2
intensify,2
intensities,4
intensity,17
intensive,56
intensively,7
intent,39
intention,197
intentional,3
intentionally,7
intentioned,1
intentions,54
intently,3
intents,7
inter,25
inter-agence,1
inter-agency,2
inter-club,7
inter-company,1
inter-coopt,1
inter-denominational,1
inter-dependence,1
inter-dependent,1
inter-directory,1
inter-industry,1
inter-linked,1
inter-male,6
inter-marriage,1
inter-operable,2
inter-operate,2
inter-operating,2
inter-personal,11
inter-personally,1
inter-relate,1
inter-related,7
inter-relating,1
inter-relationship,1
inter-relationships,2
inter-site,3
inter-tribal,1
inter-uterine,1
inter-visibility,1
interact,23
interacted,1
interacting,14
interaction,45
interactions,15
interactive,8
interactively,2
interacts,5
intercapillary,1
interceding,2
intercellular,2
intercensal,1
intercept,23
intercepted,3
interception,2
interceptor,3
intercession,3
interchange,30
interchangeable,3
interchangeableness,1
interchangeably,1
interchanges,3
interchanging,1
interchurch,2
intercity,34
intercom,7
intercommunion,3
interconnect,3
interconnected,4
interconnectialism,1
interconnecting,1
intercontinental,3
intercostal,1
intercourse,11
interdenominational,1
interdependent,1
intere,2
interes,5
interest,1390
interested,1164
interesting,1513
interestingly,55
interests,315
interface,46
interfaced,1
interfaces,8
interfacing,1
interfere,53
interfered,8
interference,23
interferer,1
interferes,7
interfering,35
interferior,2
interfirm,1
intergovernmental,1
intergraph,1
interim,91
interims,3
interior,30
interiors,3
interject,2
interjection,2
interjections,2
interlaced,1
interleave,1
interline,3
interlink,2
interlinked,3
interlinking,1
interlock,3
interlooping,1
interlude,1
intermediaries,4
intermediat,1
intermediate,40
intermediates,2
intermingled,4
intermission,1
intermit,1
intermittent,6
intermittently,1
intern,3
internal,181
internalise,1
internalising,2
internalization,4
internalized,1
internally,53
internals,3
internat,1
internation,1
international,394
internationale,1
internationalist,6
internationally,30
internationals,3
internees,1
interning,2
internment,18
interp,1
interpersonal,4
interplay,1
interpolate,4
interpose,1
interposing,1
interpret,74
interpretate,1
interpretation,114
interpretations,26
interpreted,42
interpreter,10
interpreters,3
interpreting,20
interpretive,1
interprets,2
interregnum,1
interrelated,2
interrelates,1
interrelationship,3
interrelationships,2
interring,1
interrogated,3
interrogation,2
interrogational,1
interrupt,58
interrupted,31
interrupting,25
interruption,9
interruptions,28
interrupts,6
intersect,5
intersected,1
intersecting,2
intersection,2
intersections,2
intersocial,1
interspatial,1
interspersed,5
intersport,1
intersports,3
interstate,1
interstellar,8
intertwine,1
interv,2
interval,49
intervals,57
intervene,45
intervened,18
intervenes,7
intervening,23
intervention,76
interventionist,1
interventions,3
interview,342
interviewed,98
interviewee,1
interviewees,2
interviewer,24
interviewers,7
interviewing,79
interviews,122
intervoo,2
interwoven,1
intest,1
intestacy,19
intestate,1
intestine,5
intestines,5
inthralenthropy,1
intifada,3
intimacy,6
intimate,16
intimated,3
intimately,11
intimating,1
intimation,1
intimations,2
intimida,1
intimidate,4
intimidated,14
intimidates,4
intimidating,10
intimidation,11
into,11075
intolerable,12
intolerance,7
intolerant,6
intonation,9
intonational,1
intonations,1
intoxicants,1
intoxicating,7
intr,4
intra,12
intra-ec,3
intra-indu,1
intra-industry,11
intracellular,6
intractable,5
intransig,1
intransigence,2
intransigent,2
intransitive,4
intravascular,1
intravenous,3
intre,2
intrepid,1
intri,1
intric,2
intricacies,4
intricate,11
intricately,1
intrigue,11
intrigued,17
intrigues,3
intriguing,24
intriguingly,1
intrinsic,6
intrinsically,5
intro,13
introd,3
introdu,1
introduc,1
introduce,275
introduced,304
introducers,1
introduces,19
introducing,98
introduction,227
introductions,27
introductory,24
introspection,2
introspective,1
introversion,1
introvert,11
introverted,7
introverts,7
intrude,4
intruder,6
intruders,5
intrusion,9
intrusive,3
intubated,1
intuition,12
intuitive,16
intuitively,2
inundated,21
inure,1
inured,3
inv,4
inva,1
invade,5
invaded,15
invader,1
invaders,6
invades,1
invading,5
inval,1
invalid,20
invalidate,4
invalidated,3
invalidates,1
invalidating,1
invalidity,30
invalids,1
invaluable,21
invariable,2
invariably,56
invasion,48
invasions,1
invasive,10
inve,1
inveighing,1
inveigled,2
invent,21
invented,45
inventing,9
invention,16
inventions,3
inventive,3
inventiveness,1
inventor,11
inventories,4
inventory,7
inver,3
inveraray,2
invergordon,1
inverleith,1
inverness,12
inverse,48
inversely,3
inversion,1
invert,3
inverted,53
inverting,1
inves,1
invest,143
investable,1
invested,57
investicl,1
investigate,66
investigated,31
investigates,2
investigating,54
investigation,106
investigations,33
investigative,6
investigator,27
investigators,24
investigatory,1
investing,61
investitures,1
investment,555
investments,78
investor,15
investors,60
invests,5
invi,2
inviability,1
invidious,6
invigilate,1
invincible,4
inviolate,2
invisibility,1
invisible,29
invitation,78
invitations,10
invite,212
invited,234
invites,14
inviting,63
invitingly,1
invo,1
invocation,1
invoi,1
invoice,47
invoiced,3
invoices,30
invoicing,7
invoke,8
invoked,7
invoking,3
involuntarily,1
involuntary,12
involv,2
involve,197
involved,1450
involveme,1
involvement,151
involvements,3
involves,110
involving,101
inward,91
inwardly,7
inwards,11
iodin,1
iodine,4
ion,24
iona,4
ionaz,1
ionic,7
ioniser,3
ionization,3
ionized,1
ionizes,1
ionizing,1
ions,19
iota,3
iou,1
iowa,5
ipea,3
ipsleigh,1
ipsum,4
ipswich,163
iq,3
ir,5
ira,1
iran,29
irani,2
iranian,6
iranians,4
iranis,1
iraq,106
iraqi,64
iraqis,12
iraqui,15
iraquis,6
irate,4
ire,3
irela,1
ireland,297
irelander,1
irene,87
iri,3
iridium,1
iris,101
irises,2
irish,203
irishman,15
irishmen,8
irishness,4
irked,1
irksome,2
iro,1
iron,375
ironcrest,1
ironed,27
ironic,26
ironical,6
ironically,20
ironies,1
ironing,94
ironmaking,1
ironmonger,3
ironmongers,2
irons,23
ironweed,3
ironwork,4
irony,25
irr,1
irradiated,6
irradiation,9
irradification,1
irrational,13
irrationally,1
irrationals,1
irreducible,1
irregardless,1
irregular,8
irregularities,4
irregularity,2
irregularly,2
irregulated,1
irrel,1
irrelative,1
irrelevance,7
irrelevancies,1
irrelevant,54
irreparable,1
irreparably,1
irreplaceable,3
irrepr,1
irrepressible,1
irresistible,1
irrespective,2
irresponsibility,1
irresponsible,26
irresponsibly,1
irresponsive,1
irretrievable,1
irretrievably,2
irreverent,1
irreversible,2
irrevocable,2
irri,1
irriacs,1
irrigate,1
irrigation,4
irritable,6
irritant,1
irritants,1
irritate,17
irritated,14
irritates,19
irritating,33
irritatingly,3
irritation,9
irritations,1
irun,1
irvine,1
irving,1
irwin,3
is,288915
isa,2
isaac,7
isabel,6
isabella,2
isabelle,4
isagree,1
isaiah,23
iscariot,1
ish,9
isham,1
ishitu,1
ishmael,1
ishmal,3
isl,1
islam,11
islamabad,1
islamic,16
islamics,1
islan,1
island,190
islander,2
islands,56
islay,3
isle,75
isles,29
islets,1
isleworth,1
islington,15
ismar,2
isms,1
isn,4
iso,1
isobel,32
isolate,19
isolated,86
isolates,2
isolating,6
isolation,44
isolationists,1
isolations,1
isomer,13
isomerism,25
isomerisms,2
isomers,51
ison,1
isosceles,8
isotonic,1
isotope,7
isotopes,8
israel,100
israeli,21
israeli-occupied,1
israeli-palestinian,1
israelis,5
israelite,1
israelites,2
iss,7
issue,1272
issued,159
issues,833
issuing,40
ist,1
istanbul,1
it,254355
ital,3
italia,2
italian,152
italianer,1
italianers,1
italians,40
italic,5
italicize,1
italicizes,1
italicizing,1
italics,1
itals,1
italy,161
itch,8
itched,1
itches,4
itching,14
itchy,16
ite,1
item,703
itemise,2
itemised,2
itemize,2
itemized,7
itemizes,1
items,380
iteration,1
iterations,1
iterative,1
ites,1
ith,2
itinerant,1
itineraries,1
itinerary,4
itl,1
itn,3
its,3508
itself,1089
itti,1
itty,2
itty-bitty,1
itus,1
ium,1
iv,4
ivan,27
ivanhoe,1
ive,3
iver,2
ivere,1
ives,1
ivies,3
ivities,1
ivor,12
ivories,1
ivory,20
ivy,61
ivybri,1
ivybridge,1
iza,1
izekial,2
iziah,1
j,391
ja,42
jab,8
jabbed,1
jabber,3
jabbering,2
jabbing,1
jabs,2
jack,463
jack-pot,1
jackals,1
jackanory,2
jacked,2
jacket,234
jacketed,1
jackets,36
jackety,1
jackie,215
jacking,3
jackknife,1
jackknifed,1
jacklin,1
jackline,1
jacko,1
jackpot,5
jackpots,2
jacks,21
jackson,53
jacksons,6
jacky,2
jacob,24
jacobean,1
jacobi,1
jacobs,4
jacobsen,2
jacovitch,2
jacquard,7
jacquards,1
jacque,10
jacqueline,55
jacques,5
jacqui,6
jacuzzi,9
jade,57
jaded,1
jadeite,2
jadey,5
jadie,1
jaeger,2
jaffa,10
jag,12
jagged,13
jagger,3
jags,1
jaguar,22
jaguars,5
jahwohl,1
jail,71
jailed,24
jailer,6
jailing,4
jails,4
jailside,1
jake,33
jam,168
jam-packed,5
jamaica,17
jamaican,6
jamaicans,2
jamaitis,4
jamas,3
jamb,2
jame,1
jameel,1
james,641
jamesie,1
jameson,16
jamesy,1
jamey,2
jamie,41
jamieson,1
jamison,2
jammed,18
jamming,5
jammy,21
jams,9
jan,125
jana,5
jane,580
janeiro,2
janek,1
janet,120
janey,5
jangle,2
jangling,3
janice,23
janie,8
janine,14
janitor,1
janna,7
janu,1
januar,2
january,422
jap,2
japan,101
japane,1
japanese,128
japans,2
japs,9
jaques,1
jar,95
jardea,8
jardiniere,1
jargon,61
jargonistic,1
jarma,1
jarmies,1
jarmon,1
jarmy,1
jarring,1
jarrow,2
jars,34
jarva,2
jarver,1
jarveys,1
jas,1
jashav,1
jasmine,22
jason,110
jasons,3
jasper,11
jaundice,5
jaundiced,5
jaunt,4
java,1
javelin,19
javelle,1
javier,2
jaw,44
jawa,1
jawline,1
jaws,44
jay,32
jay-walking,1
jayne,34
jaz,4
jazz,37
jazzed,4
jazzy,2
jcts,1
je,34
jealous,47
jealousies,1
jealously,5
jealousy,17
jean,512
jean-claude,6
jeanette,2
jeanie,6
jeannette,6
jeannie,8
jeans,130
jebb,7
jec,4
jeckyl,1
ject,1
jed,13
jedburgh,1
jeddah,3
jeds,1
jedsa,1
jeep,6
jeepers,1
jeeps,6
jeepy,1
jeer,1
jeered,6
jeering,1
jeers,4
jees,1
jeeves,3
jeez,8
jeff,68
jefferies,1
jeffery,11
jeffrey,30
jeffs,1
jegs,1
jeho,1
jehovah,70
jekyll,6
jell,1
jellies,5
jelly,97
jem,1
jemima,10
jemma,7
jemson,1
jen,8
jenkins,22
jenkinson,3
jenni,18
jennie,1
jennifer,58
jennings,1
jenny,323
jensen,1
jenskies,1
jenson,1
jeopardise,1
jeopardised,2
jeopardising,1
jeopardize,6
jeopardized,2
jeopardizing,5
jeopardy,7
jer,1
jerem,1
jeremiah,5
jereminy,2
jeremy,43
jericho,6
jerk,14
jerked,9
jerkin,1
jerking,1
jerks,6
jerky,4
jerod,1
jerome,5
jerry,36
jerry-built,3
jersey,62
jerseys,6
jerusalem,45
jes,18
jess,40
jesse,10
jessica,62
jessie,48
jessy,1
jest,3
jester,1
jesu,2
jesus,1042
jet,36
jetlag,1
jets,10
jetsam,2
jetta,4
jettas,1
jetting,1
jettison,1
jettisoned,2
jetty,8
jeune,1
jew,15
jewel,11
jewelled,2
jeweller,3
jewellers,14
jewellery,56
jewels,14
jewess,2
jewish,80
jewitt,39
jews,59
jewson,1
jeyes,3
jfk,1
ji,10
jib,11
jibe,2
jif,7
jiff,1
jig,16
jigcar,1
jigged,1
jigger,2
jiggered,5
jiggery-pokery,1
jigging,2
jiggle,3
jiggling,1
jiggly,1
jigs,5
jigsaw,44
jigsaws,4
jihad,2
jill,75
jilly,4
jim,607
jim-jams,4
jimbo,1
jimbos,1
jimi,1
jiminy,1
jimmi,3
jimmy,189
jimmy-jams,1
jingle,35
jingly,1
jingoism,2
jinx,2
jip,1
jitter,1
jitterbug,1
jitterbugging,1
jitterbugs,1
jive,1
jizzling,1
jo,177
joan,224
joanie,3
joanna,41
joanne,103
joannie,1
joans,1
job,3967
job-seeker,1
jobbie,1
jobbies,1
jobby,7
jobbys,2
jobless,4
jobs,1183
jobshare,1
jochim,36
jock,16
jockey,45
jockeying,1
jockeys,26
jocklyn,1
jocks,8
jockstrap,5
jockstraps,1
jocularly,1
jode,1
jodhpurs,2
jodi,1
jodie,14
jody,9
joe,326
joel,4
joelle,29
joey,37
jog,22
jogged,2
jogger,2
jogging,32
jogs,3
jogsuit,1
joh,2
johanna,2
johannesburg,9
johannis,1
johhny,1
john,2706
johnathan,1
johnnie,6
johnnies,4
johnny,151
johns,14
johnson,78
johnsonian,2
johnston,23
johnstone,4
johnstown,9
joi,3
join,624
joined,333
joiner,34
joiners,18
joinery,6
joining,177
joins,43
joint,396
jointed,1
jointer,1
jointing,1
jointly,43
joints,49
joist,3
joists,1
jok,1
joke,275
joked,2
joker,24
jokers,1
jokes,77
jokey,2
joking,204
jokingly,8
joky,1
jollied,1
jollifications,1
jollily,1
jollity,1
jollop,2
jolly,197
jolsen,2
jolson,1
jolt,5
jolts,1
jon,44
jon-ee-than,1
jona,1
jonathan,347
jonathon,5
jones,92
jonesy,6
jong,2
jonny,4
jono,3
jonson,2
joo,1
jord,1
jordan,65
jordanian,7
jordanian-iraqi,1
jordanians,4
jordans,1
jordon,1
jos,1
jose,12
josef,1
joseph,81
josephine,19
josh,31
joshing,3
joshua,24
josie,61
joss,3
jossom,11
jostle,1
jostled,1
jostling,4
jot,27
jotted,4
jotter,2
jotters,3
jotting,2
joules,1
jour,5
journ,1
journal,30
journalism,17
journalist,51
journalistic,2
journalists,40
journalizes,1
journals,14
journey,239
journeyed,1
journeying,2
journeyman,1
journeymen,4
journeys,40
jours,1
jove,7
jovi,2
jovial,1
jowers,1
joy,240
joy-riding,1
joy-stick,3
joyce,174
joycie,2
joyest,1
joyful,8
joyfully,1
joyous,3
joyrided,1
joyrider,1
joyriders,6
joyriding,8
joys,9
joystick,9
joysticks,1
jps,2
js,2
jsut,1
ju,238
juan,4
jubbly,3
jubilation,2
jubilee,15
jud,1
judaea,1
judaens,1
judaeo-christianity,1
judah,6
judaism,13
judas,3
judd,4
juddery,3
jude,1
judea,1
judg,1
judge,306
judged,42
judgemen,1
judgement,139
judgemental,3
judgements,18
judges,82
judging,58
judgment,72
judgmental,1
judgments,18
judi,2
judicator,1
judicial,18
judiciary,10
judicious,5
judiciously,3
judiciousness,1
judith,62
judo,4
judson,1
judy,74
jug,66
jugful,1
juggernaut,3
juggernauts,1
juggle,20
juggled,2
juggler,2
juggles,4
juggling,24
jugle,3
jugs,11
jugular,1
juice,162
juices,13
juicier,1
juicy,30
juji,1
jujitsu,1
jujujujuja,1
juke,2
jukebox,2
jukeboxes,1
jul,9
jule,1
jules,6
julia,83
julian,72
juliano,1
julias,1
julie,211
julieanne,2
julienne,2
juliet,45
juliette,2
julio,8
julius,9
juls,1
july,395
jum,2
jumble,33
jumbled,3
jumbles,1
jumblies,2
jumbo,9
jumbos,4
jump,348
jumped,152
jumped-up,1
jumper,180
jumpers,45
jumping,145
jumps,60
jumpsuit,1
jumpsuits,2
jumpy,3
jun,1
junc,1
junction,189
junctions,83
juncture,11
june,635
juney,6
jung,2
jungle,40
jungles,1
junie,1
junio,1
junior,116
juniors,17
juniper,3
junipers,2
junk,40
junket,2
junketing,2
junkets,2
junkie,3
junkies,1
junky,1
junta,1
jupiter,17
jurassic,6
jurisdiction,21
jurisdictionable,1
jurisdictional,2
jurisdictionals,1
jurisdictions,1
jurisprudence,1
juror,1
jurors,6
jury,176
jus,123
jusk,1
jusque,1
jussy,8
just,39907
justice,250
justices,11
justifi,1
justifiable,12
justifiably,5
justification,91
justifications,5
justified,103
justifies,19
justify,115
justifying,14
justin,28
justine,3
justly,7
justy,1
jut,5
jute,2
juts,2
jutted,1
jutting,2
juvenile,23
juveniles,3
juventous,1
juventus,3
juxtaposing,1
juxtaposition,2
k,1187
k-nine,3
ka,12
kaboulu,1
kaburdian,1
kachenend,1
kafka,1
kaftans,2
kagouls,1
kai-shek,5
kaiser,5
kaiserman,1
kaitung,1
kaki,1
kalahari,1
kaleb,1
kaleidoscope,7
kaleidoscopic,1
kaley,25
kaliber,2
kami,1
kamik,1
kamikaze,6
kaminskaya,1
kan,1
kana,1
kanchelski,1
kanchelskis,2
kane,10
kangaroo,9
kangaroos,1
kannchelsk,1
kans,1
kansas,1
kantian,1
kaolin,2
kaput,1
karachi,1
karaoke,11
karaokes,1
karate,36
karati,1
karbalnov,1
kare,1
karen,241
kari,2
karie,1
karina,1
karioke,1
karl,12
karla,2
karloff,1
karma,1
kart,1
karts,1
kashmir,1
kasparov,1
kass,1
kastenpuck,1
kat,7
katana,1
kate,129
kath,109
katheaton,1
katherine,39
katherines,1
kathle,1
kathleen,73
kathryn,1
kathy,58
katie,56
katkin,1
katmandu,1
katri,1
katriane,2
katrin,2
katrina,28
kats,1
kattomeat,3
katy,15
kaufman,5
kawasaki,1
kay,63
kaylie,1
kays,2
kazakhstan,2
kazakhstanis,1
kazie,2
ke,54
keagan,5
keanu,1
kearin,1
kearsley,2
keat,1
keating,3
kebab,4
kebabs,5
kebick,1
keble,2
keddleston,1
kedge,1
kee,13
keeh,1
keel,11
keele,9
keeled,4
keeling,1
keels,1
keema,1
keen,368
keenan,4
keened,1
keener,4
keenest,1
keenly,2
keenness,1
keens,1
keep,4674
keep-fit,2
keeper,93
keepers,20
keepi,1
keeping,528
keeps,506
keepsake,1
keg,4
keglet,1
keighley,9
keiley,1
keilly,4
keira,9
keith,194
kel,9
kelham,1
kell,1
keller,2
kellogg,2
kelloggs,6
kelly,194
kellydonald,1
kelp,2
kelsall,4
keltic,1
kelvedel,1
kelvin,2
kelvins,3
kemp,1
kempson,2
ken,430
kencot,1
kendal,15
kendall,1
kengroms,1
kenn,1
kennedy,51
kennedys,1
kennel,20
kennels,7
kenneth,80
kenning,1
kennington,6
kenny,34
kens,1
kensington,8
kent,101
kentford,1
kentish,4
kenton,5
kentucky,13
kenwood,3
kenya,40
kenyan,3
kenzian,1
kenzie,1
kep,8
kept,1171
ker,3
kerawski,1
kerb,21
kerbs,6
kerfante,1
kerfuffle,4
kermey,1
kermit,2
kermuffle,1
kernel,2
kernigan,6
kerosene,2
kerpow,2
kerr,10
kerry,84
kersal,2
kersley,2
kerswell,1
kessingland,1
kessler,1
kester,1
kestrel,2
keswick,1
ketch,1
ketchup,12
ketomine,1
kettering,10
kettle,188
kettleborough,4
kettlepan,2
kettles,6
kev,44
kevenmour,2
kevin,261
kevinmour,1
kevins,1
kew,4
key,825
key-ring,1
keyboard,70
keyboarding,2
keyboards,12
keyed,9
keyhole,15
keyholes,1
keying,5
keyknow,1
keyman,2
keynes,21
keynote,8
keypad,2
keyring,2
keys,252
keysham,1
keystone,3
keyways,1
keyword,1
keywords,1
keyworth,2
khaki,4
khaled,2
khamoun,2
khan,6
khartoum,8
khazakstan,1
khazi,1
khieu,1
khmer,10
khomeni,2
khrushchev,12
khulna,1
khyber,4
ki,40
kia,9
kiang,1
kiathas,1
kich,1
kick,360
kick-boxing,1
kick-in,1
kick-off,4
kick-offs,1
kick-start,5
kick-started,1
kick-starts,1
kickboxer,1
kicked,129
kicker,2
kicking,117
kicks,33
kid,318
kidbrook,1
kidbury,1
kidd,4
kidder,1
kidderminster,10
kiddie,5
kiddies,36
kidding,72
kiddiwinks,1
kiddos,1
kiddy,8
kiddy-fied,1
kidlington,28
kidnap,6
kidnapped,23
kidnapper,4
kidnappers,2
kidnapping,10
kidnaps,1
kidney,56
kidneys,17
kids,1232
kie,7
kieran,52
kiescraper,1
kiev,7
kievs,1
kil,3
kilbest,1
kilbride,11
kilburn,11
kildare,1
kildingy,2
kildray,1
kilkeel,3
kilkern,1
kilkline,2
kill,364
killed,443
killer,41
killers,16
killing,132
killinghall,23
killings,9
killingworth,5
killjoy,3
killogrammes,2
kills,53
kilmarney,1
kilmarnock,5
kiln,15
kilo,37
kilobocals,1
kilobyte,1
kilogram,6
kilogramme,5
kilogrammes,2
kilograms,14
kilohertz,3
kilom,1
kilometers,2
kilometre,14
kilometres,74
kilos,39
kilow,1
kilowatt,10
kilowatts,27
kilpack,1
kilpacks,1
kilray,6
kilroy,1
kilrush,1
kilt,10
kilter,1
kilts,5
kilty,1
kim,121
kimber,1
kimberley,7
kimberly,1
kimble,1
kimbo,1
kimmy,20
kimome,1
kimometres,2
kimon,1
kimono,3
kimper,1
kin,23
kinase,2
kinbolton,3
kind,2835
kinda,24
kinder,13
kindergarten,4
kindergartens,2
kindest,4
kindle,2
kindling,1
kindly,54
kindness,16
kindnesses,2
kinds,282
kinemakolour,2
kinetic,15
kinetically,1
kinetics,3
king,432
king-size,3
kingbury,1
kingdom,220
kingdoms,2
kingfisher,11
kingfishers,1
kingham,2
kingly,2
kingmaker,3
kingp,1
kingpin,1
kingpins,3
kings,72
kingsbury,2
kingsford,2
kingship,1
kingsize,2
kingslane,1
kingslangley,2
kingsley,16
kingsmill,5
kingsmoor,1
kingston,28
kingstonian,2
kingsway,5
kingswood,13
kingsworth,6
kink,6
kinkier,2
kinking,1
kinks,7
kinky,7
kinl,1
kinlochbervie,1
kinnock,79
kinsale,2
kinsbury,1
kinsey,14
kinseys,1
kinship,6
kinsman,19
kinson,2
kintbury,6
kinte,1
kiosk,4
kiosks,2
kip,19
kiplin,5
kipling,5
kipper,4
kippers,3
kipping,1
kipps,1
kipsigies,1
kipsigy,3
kiral,3
kirby,28
kirey,1
kiri,2
kirk,23
kirkby,7
kirkcaldy,1
kirkham,4
kirkharl,1
kirkland,1
kirklees,1
kirksandle,1
kirkwall,52
kirkwallian,1
kirkyard,5
kirkyards,3
kirl,1
kirsch,1
kirschberry,4
kirshaws,2
kirst,7
kirsten,1
kirstie,1
kirsty,55
kirtlington,2
kish,2
kiss,239
kiss-in,1
kiss-off,1
kissed,30
kisser,5
kisses,27
kissett,1
kissing,42
kissinger,6
kissy,6
kists,1
kit,117
kit-kat,14
kit-kats,5
kitbag,1
kitch,4
kitchen,777
kitchen-wise,1
kitchener,1
kitchenette,1
kitchens,34
kitcheny,1
kite,18
kite-flying,1
kite-mark,1
kitemark,4
kites,5
kitkat,4
kits,15
kitson,1
kitted,3
kitten,26
kittens,25
kitting,1
kittsbeil,1
kittsbeile,1
kitty,43
kivanagh,1
kiwi,5
kiwis,1
kix,8
kiy,1
kkeerr,1
klammer,1
klaus,4
klausovitz,2
kleenex,2
kleptomania,1
klerk,20
klingon,1
klingsor,2
klondike,3
klonks,1
kn,48
knack,11
knacked,1
knacker,5
knackered,55
knackering,1
knackers,2
knacks,1
knap,8
knapsack,2
knaresborough,84
knave,1
knavesmire,2
kne,4
kneading,3
knebworth,1
knee,164
kneecap,11
kneecaps,2
kneed,1
kneeing,1
kneel,8
kneeled,1
kneeling,13
knees,131
knell,5
knelt,5
knew,1743
kni,2
knick,5
knicker,1
knickerbocker,3
knickerbockers,2
knickers,90
knife,186
knifed,1
knifes,3
knight,25
knighthood,1
knighting,1
knightingale,1
knights,10
knilton,2
knit,66
knits,4
knitted,37
knitters,2
knitting,85
knitwear,18
knives,52
kno,42
knob,44
knobbly,1
knobs,26
knoc,1
knock,434
knock-down,1
knock-on,9
knock-out,1
knock-outs,1
knocked,343
knocker,2
knockers,4
knocking,186
knockings,1
knockout,3
knockouts,2
knocks,48
knockshannoch,1
knorr,1
knossos,3
knot,55
knots,30
knott,2
knotted,8
knottingley,3
knotty,2
know,57559
know-how,6
know-nothing,1
knowed,1
knoweth,1
knowhow,1
knowing,360
knowingly,6
knowl,1
knowle,1
knowledgable,1
knowledgaebly,1
knowledge,379
knowledgeable,9
knowledgeably,3
known,995
knows,1264
knox,3
knuckle,15
knuckle-duster,2
knuckled,1
knuckles,20
knuckling,4
knumdrum,1
knutsford,1
knwo,1
koala,4
kodak,4
koffka,1
kohl,8
koi,4
komenchi,1
kommen,3
kondor,1
kong,48
konstantin,1
koo,2
kop,2
kopilov,1
kor,1
koran,2
kore,1
korea,41
korean,16
koreans,6
koreas,1
koresh,71
korma,14
kormas,2
koro,2
kosher,1
koslov,2
kowtow,1
kowtowed,1
kowtowing,1
kozo,1
kr,1
kraft,7
krait,1
kratolsov,1
kray,2
krays,7
kremlin,8
krishna,2
krishnas,1
krispie,2
krispies,22
krispy,1
krista,3
kristian,1
krona,12
kronas,1
kronenburg,1
krook-lo,1
krook-lok,1
kroto,1
kruger,2
krumfettmahanamanahulamoranosecanosemahanaritiraoosalalaramalapalapapopapopobaalacataltootoochepereelong,1
krupp,1
krypton,3
ks,3
kudos,4
kuhn,1
kukri,2
kulaks,1
kumar,1
kunavi,1
kunta,1
kuomintang,30
kurdish,8
kurds,2
kurt,5
kurtz,4
kurzon,1
kushner,1
kuwait,178
kuwaiti,46
kuwaitis,15
kwa,3
kwang,1
kwangju,3
kwick,1
kwicksave,1
kwik,17
kwik-save,1
kwiksave,12
kwondo,1
kyle,105
kyles,1
kylie,9
l,1334
l-drivers,1
l-plates,2
l-shaped,2
la,742
la-de-das,1
lab,36
label,126
labelled,39
labeller,1
labelling,20
labels,96
laboratories,22
laboratory,48
laboratorys,2
laborgie,2
laborious,4
laboriously,5
labour,1845
labour-intensive,1
labour-led,2
labour-only,1
laboured,5
labourer,27
labourers,29
labouring,10
labourite,1
labours,4
labrador,9
labradors,2
labs,11
labyrinth,4
labyrinths,1
lace,90
lace-up,1
lace-ups,4
laced,4
laceration,1
laces,21
lacey,4
lachennes,2
lacing,2
laciride,1
lack,297
lacked,10
lackeys,1
lacking,30
lacks,20
lacots,1
lacoude,1
lacquer,7
lacquered,3
lacquering,2
lacrosse,2
lactating,1
lactic,8
lacy,5
lacydere,2
lad,440
lada,12
ladakh,3
ladakhis,1
ladbrokes,5
ladd,1
ladder,150
ladders,46
laddie,14
ladding,2
laddo,1
laddy,1
laden,8
ladened,1
lader,1
ladford,1
ladies,437
ladle,12
ladled,1
ladles,2
lads,363
lady,1015
ladybird,13
ladybirds,1
ladygrove,1
ladyish,1
ladyki,1
ladykirk,1
ladylike,2
ladywood,3
laepol,1
lafferty,1
lag,15
lager,55
lagers,3
lagged,2
lagging,7
lagoon,2
lagoons,3
lags,1
lai,1
laid,290
laid-back,1
laid-out,1
laine,1
laing,2
lair,3
laird,13
lairds,13
lairgs,5
laissez,1
laiston,1
laity,1
lake,106
lakehoff,5
lakenheath,1
laker,3
lakes,25
lakeside,12
lally,4
lama,2
lamade,1
lamarck,6
lamarckenis,1
lamarckian,10
lamarckians,3
lamarckism,25
lamb,129
lambasted,1
lambasting,1
lambda,3
lambear,4
lamberhurst,1
lambert,8
lamberts,1
lambeth,7
lambing,10
lamborghini,5
lamborgini,1
lambourginis,1
lambourn,5
lambresco,3
lambrusco,2
lambs,25
lambswater,1
lamby,1
lame,6
lament,6
lamentable,2
lamentation,1
lamentations,1
laminated,3
laminates,1
lamingtons,1
lamley,1
lamont,22
lamp,105
lamp-man,1
lamp-post,2
lamp-shade,1
lampett,1
lamplaugh,1
lamplight,1
lamplighter,1
lampodetonmiocenic,1
lamppost,6
lampposts,3
lamps,60
lampshade,2
lampshades,4
lamstor,1
lan,11
lanacka,1
lanarkshire,4
lancashire,189
lancaster,47
lancasters,2
lancastrian,4
lancastrians,1
lance,22
lancer,6
lancers,4
lancia,9
lancias,1
lancs,5
lancy,1
land,1859
land-based,1
land-lock,2
land-take,12
landau,1
landaus,2
landed,116
lander,16
landfill,8
landfills,1
landform,2
landforms,1
landful,1
landing,95
landladies,2
landlady,18
landless,7
landlo,2
landlor,1
landlord,125
landlordism,5
landlords,170
landlubber,1
landmark,8
landmarks,5
landmine,4
landmines,1
landowner,8
landowners,15
landrover,5
lands,37
landsbergis,2
landscape,129
landscaped,5
landscapes,8
landscaping,7
landsford,1
landslide,1
landu,1
lane,539
lanes,77
lang,3
langbar,1
langdale,1
langford,10
langley,13
langmere,3
langston,2
langstone,1
language,818
language-wise,2
languages,96
languishing,2
languor,1
langwith,2
lank,1
lanka,25
lankan,2
lankans,3
lanky,4
lannock,2
lanston,2
lantern,4
lanterna,1
lanterns,8
lanyon,1
lanzarote,3
lanzear,1
laos,5
lap,47
lap-top,1
laparoscopy,1
laparotomy,1
lapel,4
lapels,1
laplink,2
laplinking,1
lapped,3
lapping,7
laps,8
lapsang,3
lapse,23
lapsed,12
lapses,5
laptops,1
lar,4
larches,3
lard,9
larder,2
larders,2
lardiness,1
larg,1
large,1202
large-scale,5
largely,136
largened,1
larger,249
largesse,2
largest,118
largish,4
larine,1
lark,25
larkin,1
larking,3
larkins,1
larks,1
larming,1
larna,4
larry,32
larson,2
larvae,1
lary,33
laryngitis,1
las,14
lasagna,2
lasagne,27
laser,50
laserjet,6
lasers,7
lash,5
lashed,3
lashes,3
lashing,6
lashings,1
lashley,10
lashmere,1
lass,38
lasser,1
lasses,17
lassie,11
lassies,1
lasso,1
last,8551
last-minute,1
lasted,94
lasting,35
lastly,54
lasts,51
lat,3
latch,21
latched,8
latching,1
late,1297
late-comers,1
latelier,1
lately,120
laten,1
latency,6
lateness,3
latent,22
later,2207
lateral,6
laterally,2
laters,5
lates,7
latest,240
lathe,13
lathenham,2
lather,10
lathered,2
latherham,1
lathers,1
lathery,1
lathes,8
lati,1
latimer,1
latin,52
latinism,2
latinisms,1
latinize,1
latish,2
latitude,6
latitudes,1
latlogan,1
latrines,1
latter,57
latter-day,1
latterday,1
latterly,7
lattice,6
lattice-work,1
lattices,2
latton,5
latvia,2
latvian,1
lau,2
laudable,4
lauded,1
laugh,498
laughable,7
laughed,96
laughing,308
laughingly,1
laughs,16
laughter,21
laughton,5
laun,1
launch,103
launched,83
launchers,1
launches,1
launching,28
launderette,11
laundering,3
laundry,25
launton,4
laura,164
laurel,7
laurels,6
lauren,10
laurence,11
laurencekirk,1
laurent,2
laurie,11
lauries,1
lauriot,1
lautro,4
lav,1
lava,5
lavatera,2
lavatories,6
lavatory,13
lavender,31
lavenham,3
lavina,1
lavish,1
lavished,2
law,919
law-abiding,1
law-dominated,1
law-making,2
lawford,21
lawful,13
lawfully,2
lawless,3
lawmakers,1
lawn,132
lawned,1
lawnmower,11
lawnmowers,3
lawnmowing,1
lawns,18
lawrence,154
lawrenson,1
lawrie,2
laws,247
lawson,8
lawsuit,3
lawsuits,1
lawton,1
lawyer,58
lawyers,57
lax,8
laxa,1
laxative,7
laxatives,3
laxed,2
laxer,2
laxing,1
lay,341
lay-by,4
lay-man,1
lay-off,3
lay-offs,1
lay-visiting,1
layabouts,3
layby,2
laybys,7
laycock,14
layed,1
layer,88
layered,6
layering,1
layers,65
laygal,1
laying,123
layla,5
layman,12
laymen,5
layout,62
layouts,8
lays,33
laytoners,2
layup,1
laz,1
lazard,5
lazards,1
lazarite,2
lazarus,4
laze,1
laziest,1
laziness,3
lazing,2
lazio,6
lazlo,2
lazy,104
lazzard,2
lazzards,5
lcc,1
ld,1
le,202
lea,19
leach,9
lead,715
lead-up,1
leaded,14
leader,372
leaders,157
leadersh,1
leadership,114
leaderships,2
leadgate,1
leading,295
leadless,2
leads,189
leaf,86
leafing,2
leaflet,149
leafleted,2
leafleters,2
leafleting,3
leaflets,97
leafy,3
league,362
leagues,14
leah,10
leak,37
leakage,12
leakages,1
leaked,19
leaking,34
leaks,14
leaky,2
leaming,1
leamington,6
lean,52
lean-to,2
lean-tos,1
leander,1
leaned,3
leaner,4
leaning,52
leanings,2
leanne,17
leanness,1
leans,5
leant,9
leap,57
leaped,2
leaper,1
leapers,1
leapfrog,1
leapfrogging,1
leapfrogs,1
leaping,17
leaps,10
leapt,12
lear,9
learing,1
learn,883
learned,161
learner,21
learners,5
learning,438
learns,18
learnt,293
leas,2
lease,76
leased,10
leasehold,3
leaseholders,1
leasers,1
leases,10
leash,4
leashman,1
leasing,5
least,275
leather,160
leather-bound,1
leatherhead,4
leathering,1
leatherjackets,1
leathers,9
leav,2
leave,3142
leaved,1
leaver,2
leavers,9
leaves,335
leaving,462
leavis,5
lebanese,1
lebanon,14
lec,4
lech,1
leching,1
leckernby,1
lectern,1
lecterns,5
lector,1
lectu,1
lecture,287
lectured,9
lecturer,41
lecturers,35
lectures,168
lecturing,22
led,253
ledbury,2
ledge,18
ledger,14
ledgers,3
ledges,3
lee,247
lee-way,2
leeas,2
leech,2
leeches,3
leeds,340
leek,23
leeke,2
leekie,3
leeks,11
leeky,1
leeming,3
leering,1
leet,4
leets,2
leeway,17
lef,1
left,3744
left-hand,23
left-handed,6
left-hander,4
left-wing,5
leftish,3
leftist,9
leftover,5
leftovers,2
lefts,2
leftwinger,1
lefty,4
leg,529
legacy,21
legal,429
legali,1
legalistic,4
legalities,2
legality,6
legalization,1
legalize,2
legalized,8
legalizing,2
legally,51
legato,2
legend,20
legendary,6
legends,5
leger,2
legful,1
legg,2
legged,9
leggings,40
leggio,1
leggy,1
leghorns,2
legi,1
legible,7
legibly,1
legila,1
legilay,1
legion,35
legionnaire,5
legionnaires,4
legions,6
legislate,6
legislated,3
legislating,4
legislation,331
legislations,3
legislative,33
legislator,1
legislators,3
legislature,5
legislatures,3
legit,5
legitimacy,5
legitimate,75
legitimately,21
legitimize,1
legitimized,1
legl,1
legless,6
lego,68
legos,2
legs,533
legwork,1
lei,1
leia,1
leibfraumilch,1
leic,1
leica,2
leices,1
leicester,306
leicestershire,60
leiden,1
leigh,47
leighbridge,1
leighs,3
leipzig,1
leisha,2
leiston,6
leisure,149
leisurely,5
leisureworld,1
leith,25
lellow,5
lemar,10
lemington,2
lemmings,6
lemmon,1
lemon,112
lemonade,61
lemonades,1
lemonheads,1
lemons,7
lemony,1
lemsip,2
lemy,5
len,37
lena,5
lend,130
lender,7
lenders,11
lending,41
lendings,1
lends,12
leng,2
length,375
lengthen,3
lengthened,2
lengthening,2
lengths,48
lengthwise,1
lengthy,33
leniency,2
lenient,11
leniently,1
lenin,9
lening,1
leningrad,2
leninism,1
lennie,3
lennon,5
lennox,10
lenny,12
lens,33
lenses,28
lent,69
lental,1
lenten,3
lentils,3
lenton,3
lentor,1
leo,26
leominster,1
leon,18
leona,2
leonard,25
leonardo,3
leonards,4
leonora,1
leopard,2
leopards,1
leopold,4
leos,3
leotard,7
lepers,5
leprechaun,3
leprosy,2
leprous,1
ler,2
lerrick,2
lert,1
les,165
lesbian,34
lesbianism,2
lesbians,9
lesher,2
lesion,4
lesions,4
lesley,64
leslie,41
lesmahagow,3
lesotho,4
less,1970
lessen,10
lessening,5
lessens,1
lesser,60
lessie,1
lesson,283
lessons,237
lest,7
lester,16
lesy,3
let,4109
let-down,1
let-up,1
letchworth,4
letcombe,1
letdown,1
lethal,24
lethane,1
lethargic,8
lethbridge,1
letraset,3
lets,137
lett,3
letter,1370
letter-spacing,1
letterbox,3
letterboxes,1
letterboxing,1
lettered,1
letterhead,4
letterheads,1
lettering,8
letterpress,4
letters,608
letting,201
lettings,2
lettres,1
lettuce,41
lettuces,2
leukaemia,21
leukaemias,1
lev,6
level,1938
levelled,17
leveller,2
levellers,1
levelling,10
levels,502
leven,1
lever,44
leverage,21
leveraged,1
leveraging,2
leveringham,1
leverington,2
leverosatory,2
levers,12
levi,1
leviathan,1
levied,6
levies,4
levington,1
levis,3
levitating,1
levite,1
levitt,2
levity,2
levy,39
levying,4
lewes,49
lewis,155
lewisham,6
lewiston,1
lexicon,10
lexir,1
lexis,1
lexton,1
lexy,1
ley,4
leyburn,5
leyland,9
leyland-daf,1
leylandi,1
leys,10
leyton,8
leytonstone,1
lezzypal,1
lhasa,5
li,207
lia,1
liabilities,18
liability,81
liabl,1
liable,58
liaise,25
liaised,2
liaising,3
liaison,76
liam,49
lianne,14
liar,47
liars,2
lib,13
libby,1
libel,7
libelously,1
liberal,264
liberalise,1
liberalising,1
liberalism,27
liberalization,4
liberalize,2
liberalizing,1
liberally,4
liberals,64
liberate,8
liberated,17
liberates,1
liberating,1
liberation,39
liberations,1
liberator,1
liberators,1
liberia,5
liberistic,1
libertarians,2
liberti,1
liberties,22
liberty,54
libertys,3
libian,2
libidinal,7
libido,33
libra,7
librare,1
librarian,27
librarians,8
librarianship,3
libraries,50
library,426
librium,2
libs,4
libya,10
libyan,1
libyans,1
lic,1
lice,8
licea,1
licence,294
licences,25
licencing,2
licens,1
license,55
licensed,17
licensee,16
licensees,4
licenses,8
licensing,28
lichen,4
lichfield,10
lick,87
licked,16
licking,29
licks,6
lid,107
lidbrook,1
liddy,1
liden,1
lidmouth,1
lidney,2
lido,1
lidocaine,1
lids,16
lie,318
lie-in,3
liebrand,1
liechtenstein,10
lied,29
lies,202
lieu,14
lieutenant,35
lieutenants,1
lif,1
life,3037
life-changing,1
life-form,3
life-giving,1
life-guards,1
life-long,3
life-saving,1
life-sense,1
life-size,1
life-support,4
life-threatening,2
life-time,1
lifeblood,6
lifeboat,44
lifeboats,6
lifeguard,1
lifeguarding,1
lifeguards,4
lifeless,3
lifelike,1
lifeline,8
lifelines,1
lifelong,4
lifesaver,1
lifesaving,1
lifespan,10
lifestyle,54
lifestyles,6
lifetime,68
lifetimes,3
liffey,1
lift,399
lift-up,1
lifted,95
lifter,5
lifters,1
lifti,1
lifting,61
liftoff,1
lifts,30
ligament,5
ligaments,10
ligan,1
ligand,6
ligands,2
ligatures,1
light,1356
light-blues,2
light-headed,1
light-hearted,1
light-proof,1
lightbown,9
lightbulb,4
lightbulbs,1
lighted,5
lighten,3
lightened,4
lightener,1
lightening,1
lighter,94
lighters,12
lightest,9
lightfitting,1
lightheaded,3
lighthearted,3
lighthouse,30
lighthouses,5
lighting,135
lightish,1
lightly,33
lightmoor,1
lightning,22
lights,596
lightship,5
lightweight,7
lightweights,1
lightwood,1
ligicharf,1
like,38369
like-minded,1
likeable,3
liked,537
likelihood,41
likeliness,1
likely,963
liken,2
likened,11
likeness,3
likes,520
likewise,38
liking,34
likud,1
lil,15
lilac,20
lilian,9
lilies,4
lillan,1
lilles,1
lilley,13
lillian,6
lillie,7
lilliput,2
lilly,11
lillycups,2
lilt,1
lily,29
lim,3
lima,2
limassol,3
limb,35
limbhood,1
limbless,1
limbo,13
limbs,27
lime,37
lime-free,1
lime-wash,2
limed,1
limekiln,1
limekilns,4
limelight,4
limerick,5
limes,1
limestone,15
limewater,1
limimited,1
liming,1
limit,297
limitation,16
limitations,30
limite,1
limited,324
limitedness,2
limiters,1
limities,1
limiting,25
limitless,5
limits,121
limo,2
limoges,2
limousine,4
limousines,2
limousins,1
limp,12
limped,2
limpet,1
limping,13
limps,2
lin,10
lina,2
linberg,1
linc,1
lincoln,130
lincolnian,1
lincolnshire,100
linda,203
lindard,1
lindburg,1
lindel,1
linden,2
lindisfarne,1
lindley,1
lindon,5
lindorm,1
lindos,2
lindsay,14
lindsey,45
lindsleys,1
lindsy,1
lindy,13
lindzi,1
line,1899
line-outs,1
line-up,1
lineage,1
linear,44
linearity,1
linearly,2
lined,58
linekar,1
linekars,1
lineker,18
linekers,1
linen,26
linens,2
liner,21
liners,15
lines,587
linesman,14
linesmen,1
lineup,2
linford,1
ling,9
lingard,9
linger,4
lingered,1
lingering,2
lingers,1
lingfield,3
lingley,1
lingo,3
lingraves,1
linguis,1
linguisism,1
linguist,2
linguistic,15
linguistically,1
linguistics,11
linguists,2
lingus,1
liniment,3
lininecarn,1
lining,35
linings,2
linium,2
link,308
link-up,2
linkage,10
linkages,7
linked,165
linking,57
linkings,1
linkmail,4
links,220
linkum,1
linkway,2
linnchurping,1
linnet,2
linnhe,1
lino,24
linoey,1
linoleum,1
linotype,3
linseed,12
linslade,1
lint,3
lintel,7
lintels,1
lintrethen,1
linx,3
linzell,1
lion,47
lionel,19
lionesses,2
lionheart,2
lions,17
lip,53
liphook,2
lipid,2
lipidic,2
lipids,2
lipman,5
lippers,2
lippy,2
lips,63
lipstick,35
lipsticks,2
lipsy,2
lipton,1
lipvinoff,1
liqueur,3
liqueurs,2
liquid,98
liquidate,3
liquidated,7
liquidation,21
liquidations,3
liquidem,1
liquidity,2
liquidize,5
liquidizer,1
liquids,6
liquified,7
liquifies,2
liquify,6
liquifying,2
liquor,11
liquorice,9
liquors,4
lira,2
lire,1
lis,13
lisa,208
lisbon,4
lisburn,7
lise,2
lisle,16
lisles,1
lisp,2
lisps,2
list,1257
listed,112
listen,1312
listened,150
listener,23
listeners,42
listening,749
listens,29
lister,1
listeria,2
listing,32
listings,6
listless,5
lists,121
lit,102
litany,1
litchet,1
litchfield,8
lite,4
literacy,43
literal,28
literally,256
literals,1
literary,35
literate,12
literature,114
lithgo,2
lithium,9
litho,1
lithuania,28
lithuanian,4
lithuanians,3
litigation,18
litmus,1
litre,81
litres,35
litt,1
litten,1
litter,41
littered,6
littering,3
litters,2
little,7179
little-un,3
little-uns,2
littlehampton,1
littlemore,3
littleover,2
littler,3
littlest,4
littleton,1
littlewood,4
littlewoods,23
liturgical,4
liturgies,1
liturgy,1
liv,6
live,1896
live-aid,1
live-in,1
liveable,2
lived,837
liveish,1
livelier,1
livelihood,11
livelihoods,5
liveliness,1
lively,58
liven,8
livened,4
livens,1
liver,67
liverp,2
liverpool,327
liverpudlian,3
livers,4
livery,2
lives,791
livestock,15
livid,6
living,1270
living-dining,1
livings,1
livingston,4
livingstone,2
liz,142
liza,11
lizard,8
lizards,8
lizzie,17
lizzy,2
ll,3
lla,1
llama,4
llamas,4
llan,1
llanberis,1
llandudno,19
llandyssul,4
llaneilian,37
llangywneth,1
lloyd,39
lloyd-evans,2
lloyds,40
lo,211
loa,5
load,642
loaded,100
loadened,2
loader,3
loading,61
loadings,1
loads,667
loaf,75
loafers,2
loafs,1
loan,133
loaned,3
loanhead,1
loaning,5
loans,69
loath,1
loathe,15
loathed,2
loathing,1
loathsome,3
loaves,16
lob,18
lobbed,3
lobbied,6
lobbies,6
lobby,55
lobbying,34
lobbyist,3
lobbyists,1
lobe,2
lobelia,3
lobes,4
lobo,3
lobotomy,2
lobster,6
lobsters,1
loc,5
loca,3
local,3342
localised,1
localities,6
locality,25
localization,1
localize,1
localized,6
localizing,1
locally,176
locals,33
locate,30
located,92
locates,1
locating,11
location,254
locational,26
locations,100
loch,40
lochan,1
lochans,1
lochassynt,7
lochinver,2
lochs,4
lock,406
lock-making,1
lock-out,1
lock-up,2
lockable,8
locke,73
locked,180
locker,26
lockerbie,7
lockers,7
locket,4
lockets,1
locking,22
lockington,2
lockjaw,6
locklees,1
lockmakers,1
lockman,1
lockout,1
locks,146
locksmith,8
locksmithing,1
locksmiths,3
lockstitch,1
lockwood,1
lockwoods,1
loco,14
locomotion,2
locomotive,6
locomotives,7
locos,4
locoscript,4
locum,2
locus,2
locuses,1
locust,7
locusts,3
lode,1
lodestone,2
lodge,81
lodged,17
lodger,16
lodgers,13
lodges,4
lodging,29
lodgings,15
lodose,1
loft,65
loftb,1
lofts,5
lofty,5
log,141
log-in,1
log-ins,1
logagun,2
logan,1
logarithm,3
logarithmic,5
logged,14
loggen,1
logger,1
loggerheads,1
loggers,9
logging,36
logic,96
logical,108
logically,15
logics,2
logistic,3
logistical,2
logistics,18
logjam,1
logo,42
logos,5
logs,31
loin,4
loing,1
loinshendale,1
loiter,3
loitered,1
loitering,4
lol,6
lollies,4
lolling,2
lollipop,26
lollipops,2
lolly,13
lolworth,1
lom,1
lomas,1
lombar,1
lombard,1
lombardy,1
lomond,4
lon,6
lond,1
londis,3
london,1373
london-bound,1
londonderry,6
londoner,5
londoners,1
lone,27
loneliness,29
lonely,57
loner,11
loners,2
lonesome,2
long,5334
long-cherished,1
long-distance,1
long-drawn-out,1
long-established,1
long-haired,1
long-haulers,1
long-held,1
long-lasting,1
long-life,3
long-line,5
long-lived,1
long-necked,1
long-range,4
long-reaching,3
long-run,2
long-service,1
long-standing,2
long-stay,2
long-term,82
long-uns,1
long-winded,2
longbay,1
longboat,1
longbridge,6
longdon,2
longeaton,5
longed,9
longer,693
longer-term,2
longest,74
longevity,2
longfellow,1
longhand,3
longhope,7
longhurst,2
longing,14
longings,1
longish,4
longitudinal,1
longjohns,2
longlasting,1
longlegs,2
longliness,2
longly,2
longman,43
longmans,22
longridge,3
longrow,1
longs,5
longstanding,9
longtemps,2
longterm,1
longways,2
longwell,1
longwinded,2
lonnie,5
lonny,1
lonrho,2
lons,1
lonsdale,3
lonsdeen,1
lonsdene,1
loo,135
loo-la,2
looby,1
loofah,2
loogoo,1
look,14005
look-alike,2
look-outs,2
lookalike,3
looked,2169
looker,1
looki,2
lookin,1
looking,4451
lookout,6
lookouts,3
looks,2414
loom,11
looming,7
looms,11
loonies,3
looniest,1
loons,1
loony,6
loop,33
looped,3
loophole,4
loopholes,7
looping,4
loops,14
loopsala,1
loopy,9
loos,11
loose,226
loose-leaf,12
loosed,1
loosely,14
loosen,17
loosened,6
loosener,1
loosening,1
loosens,1
looser,5
looses,1
loosing,15
loot,15
looted,5
looting,8
loots,1
lop,4
lopez,1
lopped,1
loppers,4
lopsided,3
lor,7
lorazepam,1
lord,1589
lords,251
lordship,211
lordships,63
lordy,6
lore,3
loren,2
lorenzo,1
loretta,5
lori,2
lorn,2
lorna,96
lorne,4
lorr,1
lorraine,41
lorries,114
lorrum,1
lorry,215
lorry-load,1
los,20
lose,731
losec,1
loser,25
losers,26
loses,55
losing,288
loss,321
loss-making,1
losses,88
lossiemouth,1
lossing,1
lost,1803
lostness,3
lot,8308
lothar,1
lothian,28
lotion,9
lotions,1
lots,1313
lotta,1
lotteries,1
lottery,63
lottie,3
lotto,3
lotus,28
lou,43
louche,2
loud,217
louder,72
loudest,2
loudhailer,1
loudly,18
loudness,2
loudspeaker,1
louey,2
loughborough,10
loughgall,4
loughton,3
louie,1
louis,19
louisa,5
louise,91
louises,1
louisiana,4
lounge,156
lounger,1
loungers,1
lounges,3
lounging,3
lounslow,2
lourdes,1
loused,1
lousier,1
lousy,20
lout,3
loutish,2
louts,9
louvre,7
louvres,10
lov,6
lovable,4
lovage,1
love,2555
love-knot,1
lovebirds,1
lovebites,7
lovechild,1
loved,226
lovedale,2
lovejoy,10
lovelace,1
lovelier,2
loveliest,2
loveliness,1
lovell,5
lovely,2399
lover,32
loverks,1
lovers,12
loves,225
lovey,27
lovey-dovey,1
loving,76
lovingly,3
low,979
low-cost,2
low-grade,4
low-key,5
low-loaders,1
low-lying,1
low-paid,2
low-price,1
low-rise,2
low-risk,1
low-skilled,1
low-start,1
low-waged,1
lowbrow,1
lowdham,3
lowdown,3
lowe,5
lowell,1
lower,495
lower-priced,1
lowered,15
lowerick,1
lowering,14
lowers,2
lowest,112
lowestock,1
lowestoft,15
lowish,1
lowlands,1
lowlights,1
lowly,6
lowood,8
lowry,1
lows,3
lowton,3
lowtown,3
loyal,44
loyala,1
loyalist,17
loyalists,5
loyally,1
loyalties,7
loyalty,26
loyd,2
lozenges,1
lp,3
ls,14
lt,1
ltd,2
lu,18
lub,7
lubricant,8
lubricated,3
lubricating,1
lubyanka,1
luc,2
lucan,2
lucas,8
luccini,3
luce,13
lucia,3
lucid,3
lucidas,9
lucidity,1
lucidly,1
lucien,1
lucifer,1
lucinda,12
luck,284
luckier,2
luckiest,2
luckily,77
luckman,1
lucky,593
lucozade,12
lucrative,11
lucy,204
lucy-woosy,2
lud,1
ludabelle,1
ludicrous,28
ludlow,7
ludowick,1
ludwig,1
ludwitt,11
luff,5
luffing,3
luft,2
luftwaffe,6
lug,8
lugano,2
lugg,1
luggage,13
lugged,1
lugging,9
lughole,1
lugs,1
lugubrious,1
luhmann,2
luigieans,3
luka,2
luke,77
lukewarm,2
lukey,1
lulabelle,1
lull,4
lulled,1
lulling,1
lulls,1
lulton,1
lulu,5
lulworth,1
lum,7
lumbago,1
lumbar,2
lumbatologist,1
lumber,1
lumbered,13
lumbering,1
lumberjack,1
lumberjacking,1
lumbers,1
lumen,1
luminaries,1
luminary,1
luminous,8
lumley,3
lump,227
lumped,3
lumping,2
lumpish,1
lumps,38
lumpy,19
lumsbury,1
lun,3
luna,1
lunacy,5
lunanspach,1
lunar,8
lunatic,12
lunatics,1
lunch,733
lunch-break,1
lunch-time,2
lunchbox,3
luncheon,16
lunches,13
lunching,1
lunchtime,170
lunchtimes,8
lund,1
lundgren,1
lung,45
lunge,4
lungs,60
lunn,7
luny,1
lupescoo,1
lupesku,1
lupin,3
lupins,1
lurch,2
lurcher,1
lure,4
lured,3
lures,1
lurgan,3
lurgy,1
lurid,1
lurked,1
lurking,17
lurky,2
lurpak,1
lus,2
luscious,2
lush,10
lushe,2
lusitania,2
lusman,4
lust,22
lustful,2
lusting,1
lustorol,2
lustre,2
lustril,1
lusts,1
luther,5
lutheran,3
luton,37
lutterworth,7
lutts,2
luv,2
luve,1
lux,3
luxe,1
luxembourg,27
luxor,2
luxuries,5
luxurious,10
luxury,84
ly,1
lybrand,4
lyceum,22
lychee,3
lycra,12
lycropolysacrulite,2
lyddon,1
lyde,1
lydia,9
lye,1
lying,305
lyle,1
lyme,5
lymestock,1
lymphees,1
lyn,36
lynch,1
lynched,2
lynchpin,1
lynda,52
lyndford,1
lyndhurst,1
lyndon,1
lyndsey,29
lyne,9
lyneham,2
lyness,15
lynette,1
lynn,119
lynne,28
lynnette,7
lynnie,1
lynsey,9
lynton,2
lynwood,2
lynwoods,1
lynx,10
lyon,12
lyons,7
lyric,2
lyrical,2
lyrics,18
lysander,2
lysette,2
lysochine,2
lysol,2
lytham,2
lytic,2
lyton,2
lytons,1
m,3077
m-nineteen,2
ma,528
ma-in-law,1
maastricht,76
mabalub,2
mabel,13
mablecross,2
mablethorpe,1
mac,54
maca,1
macabre,1
macari,2
macarie,1
macaroni,7
macarr,1
macarthur,34
macarthy,1
macau,7
macaukin,3
macaulay,2
macauley,2
macaw,1
macaws,1
macbeth,2
maccarthy,1
macchicken,2
macclaren,1
macclesfield,11
maccresin,1
macdonald,19
macdonalds,40
macduff,1
mace,5
mace-bearers,1
maceeter,2
macelveen,1
maces,2
macgregor,17
macgregors,1
mach,5
macha,1
machavellio,2
machete,2
machi,2
machiavellian,1
machination,1
machine,927
machine-man,1
machined,1
machinery,121
machines,292
machining,10
machinist,2
machinists,5
macho,30
macintosh,22
mack,4
macked,1
mackem,3
mackenna,1
mackenzie,10
mackerel,20
mackerels,2
mackeson,14
mackhurst,1
mackintosh,5
mackintoshes,2
maclaren,3
maclean,4
macmillan,7
macnuggets,1
macon,1
macouly,4
macphearson,3
macro,19
macrophage,1
macrophages,6
macros,5
macroscopic,6
macrows,3
macs,4
mactaggert,1
maculatum,1
mad,363
mad-house,3
mada,1
madagascar,2
madam,206
madame,17
madames,1
maddened,1
madder,4
maddock,3
maddors,1
made,5592
made-to-measure,2
made-up,2
madechie,1
madeira,3
madelade,1
madeleine,13
madeline,8
mademoiselle,42
madge,51
madhouse,1
madly,7
madman,3
madness,29
madonna,37
madrid,13
madrigal,1
mae,7
maelstrom,1
maestricht,1
maestro,4
maff,3
mafford,2
mafia,23
mafier,1
mag,12
magazine,234
magazines,139
magbag,1
magda,1
magdalen,10
magdelen,1
magenta,1
maggi,20
maggie,162
maggot,4
maggots,6
maggy,1
magi,8
magic,141
magical,13
magically,3
magician,22
magicians,2
magics,1
magil,1
magilton,25
magin,2
maginot,1
magist,1
magistracy,3
magistrate,49
magistrates,128
magna,4
magnanimous,1
magnatic,1
magnesia,3
magnesium,28
magnesiums,1
magnet,13
magneti,1
magnetic,19
magnetism,1
magnetite,4
magneto,4
magnets,15
magnification,1
magnificent,35
magnificently,7
magnifico,1
magnified,2
magnifier,2
magnifies,1
magnify,2
magnifying,12
magnitude,13
magnolia,3
magnolias,2
magnox,1
magnum,1
magnums,1
magnus,5
magnuson,1
magpie,7
magpies,5
magrar,1
magrew,1
mags,9
maguinness,1
maguire,2
mah,2
mah-jongg,4
mahals,1
mahammama,2
mahat,1
mahatma,2
mahlon,1
maho,1
mahogany,32
mahon,3
mai,3
maibai,1
maid,55
maiden,39
maidenhead,13
maidens,3
maidment,1
maids,14
maidstone,14
maigret,3
mail,171
mail-out,2
mailbox,4
mailboxes,2
mailed,3
mailer,3
mailers,2
mailing,36
mailings,7
mails,13
mailshot,13
mailshots,6
mailshotting,1
mailsort,1
maim,1
maimed,6
main,1437
maincrop,3
maine,4
mainframe,52
mainframes,1
mainin,1
mainland,43
mainline,3
mainly,398
mains,64
mainsheet,16
mainsheets,1
mainstay,3
mainstream,15
maintain,215
maintained,121
maintaining,70
maintains,13
maintenance,226
mainwaring,1
maio,3
mais,3
maisie,9
maisonette,11
maisonettes,5
maisy,4
maitlands,1
maitlin,3
maize,6
maiziere,1
maj,3
majestic,4
majesty,33
major,1364
major-like,1
majorca,8
majoring,1
majorite,1
majorities,2
majority,526
majors,11
mak,10
makarios,1
make,10220
make-up,40
maker,58
makers,51
makes,1686
makeshift,2
maketh,2
makeup,1
maki,2
making,2387
makings,1
mal,8
mal-administration,1
mal-practice,1
maladaptive,1
maladjusted,1
maladministration,4
malaise,2
malamud,1
malan,1
malaria,20
malarmie,1
malawi,8
malaya,2
malaysia,15
malaysian,5
malborough,9
malbou,1
malc,1
malcky,1
malcolm,148
malcom,1
malden,3
male,398
male-orientated,1
males,173
malevolent,3
malformed,1
malgood,1
malham,2
malibou,3
malibu,6
malice,4
malicious,5
malign,4
malignancy,1
malignant,7
maligned,2
malingerers,1
malita,1
mall,13
mallaig,1
mallard,7
mallards,8
mallarme,1
malleability,1
malleable,10
mallet,28
mallets,2
mallin,1
mallory,3
mallow,5
malls,4
malnourished,2
malnutrition,3
malo,1
malone,4
malonovski,1
malpractice,12
malt,5
malta,14
malted,6
malter,1
maltesers,2
maltings,1
malton,18
malvern,3
mam,131
mama,36
mamas,1
mamatoto,3
mamma,16
mammal,15
mammalian,4
mammals,18
mammogram,1
mammoth,10
mammoths,2
mammy,7
mampy,1
mams,9
man,4264
man-about,1
man-created,1
man-days,1
man-eater,1
man-eating,1
man-in-charge,1
man-killer,3
man-killers,1
man-machine,2
man-made,2
man-of-war,1
man-power,2
mana,4
manag,3
manage,521
manageable,9
managed,492
managem,1
management,1053
management-wise,1
managements,10
manager,675
manageress,14
managerial,36
managering,1
managers,255
managership,1
manages,35
managing,155
manana,1
manch,1
manchago,1
manchester,319
manchester-based,1
mancho,1
manchuria,5
manciple,1
manciples,1
mand,2
manda,10
mandarin,3
mandate,21
mandated,3
mandates,2
mandatory,30
mandela,45
mandelas,2
mandeville,2
mandolin,5
mandolins,1
mandy,94
mane,2
manfield,1
manfred,1
mang,1
manganese,6
mange,12
manger,13
mangers,1
mangle,14
mangled,1
mangles,6
mangling,1
mangly,1
mango,11
mangoes,5
mangy,2
manhandle,1
manhattan,7
manhole,5
manhom,17
mania,12
maniac,19
maniacs,4
manias,1
manic,7
manica,1
manically,1
manichaean,1
manicure,2
manicured,1
manicures,3
manifest,34
manifestation,3
manifested,6
manifestly,3
manifesto,38
manifestos,2
manifests,3
manifold,6
manikins,1
manila,5
manilla,1
manilow,2
manip,1
manipulate,16
manipulated,7
manipulates,1
manipulating,13
manipulation,9
manipulations,1
manipulative,4
manipulatives,1
mankind,23
manky,3
manlike,1
manly,1
manmade,7
mann,7
manned,11
mannequin,1
mannequins,1
manner,138
mannered,9
mannerisms,7
manners,22
mannie,1
manning,23
mannings,3
manningtree,3
mannock,1
manny,2
manoeuvrability,1
manoeuvre,37
manoeuvred,2
manoeuvres,3
manoeuvring,8
manola,2
manor,78
manorial,1
manos,1
manpower,19
mans,7
manse,7
mansell,15
manselle,1
manservant,3
manservants,1
mansfield,104
mansfields,1
mansion,29
mansions,2
manslaughter,2
manso,1
manstral,2
mansus,1
manta,3
mantel,4
mantelpiece,5
mantises,1
mantle,6
mantlepiece,3
mantlepieces,1
mantles,1
mantleshelf,1
manto,3
mantua,4
manu,3
manual,165
manually,11
manuals,12
manuel,1
manuela,4
manuelle,1
manufa,2
manufac,1
manufactory,2
manufacture,44
manufactured,65
manufacturer,58
manufacturers,71
manufactures,23
manufacturing,167
manure,26
manures,1
manuscript,16
manuscripts,5
manx,1
many,6739
many-many,3
many-one,41
many-ones,1
manyana,1
manyara,16
mao,100
maoist,6
maori,1
maoris,1
map,207
mapgies,1
maple,8
maples,4
mapletoft,1
mapley,4
mappa,5
mapped,7
mapperley,5
mapping,51
mappings,9
maps,61
mar,40
mara,1
maradonna,1
marakir,1
marathon,31
marathons,5
marauders,5
marb,1
marbella,5
marble,38
marbled,3
marbles,23
marbly,1
marc,18
marca,1
marcato,1
marcel,22
marcel-albertine,1
marcels,2
march,493
marcham,2
marched,29
marchers,4
marches,13
marching,44
marchioness,4
marco,3
marconi,8
marconis,1
marcus,49
mardell,1
mardy,5
mare,15
maread,1
marelli,1
mares,23
marg,84
margaret,469
margarets,4
margarette,2
margarine,61
margarite,4
margate,3
marge,39
margin,77
marginal,74
marginalised,1
marginalize,1
marginalized,2
marginally,26
marginals,1
margins,36
margo,1
margolis,2
margot,30
marguerite,3
marguerites,1
mari,1
maria,53
mariah,2
marian,22
marianne,27
marias,1
marie,106
marie-ann,3
marie-anne,3
mariental,1
maries,1
marig,1
marigo,1
marigold,2
marigolds,1
marijuana,8
marilyn,23
marina,21
marinas,1
marinated,2
marine,20
mariner,1
mariners,1
marines,12
marini,1
marino,2
mario,9
marion,60
marionettes,1
marisa,2
marisha,1
marital,13
maritime,10
marius,3
marje,6
marjie,2
marjorie,10
marjory,4
mark,1325
mark-up,8
marked,212
markedly,2
markenham,1
marker,40
markers,18
market,1452
market-led,1
marketable,2
marketed,9
marketeers,3
marketing,254
marketplace,23
markets,109
marketthorpe,1
markfield,1
markham,28
marking,81
markings,31
markist,1
markly,1
markovitch,8
marks,595
marksman,3
marksmen,1
marky,12
marla,1
marlan,2
marland,2
marlborough,7
marlene,10
marley,11
marlin,6
marlon,1
marlow,5
marlowe,7
marmalade,94
marmaratis,1
marmit,2
marmite,64
marmites,1
marne,4
marner,3
marnes,1
marnier,1
maroon,14
marooned,2
maroony,4
marple,5
marquee,5
marquess,1
marquis,15
marr,1
marred,8
marri,3
marriage,221
marriageable,1
marriages,30
married,961
marries,9
marring,1
marriot,2
marriots,2
marriott,1
marriotts,3
marrow,19
marrows,1
marry,92
marrying,32
mars,43
marscham,1
marsden,2
marsei,1
marseillaise,7
marseille,1
marseilles,7
marsey,1
marsh,34
marsha,6
marshal,3
marshall,19
marshalled,3
marshalling,7
marshals,1
marshes,3
marshlands,1
marshmallow,1
marshmallows,3
marsting,1
marston,15
mart,4
marten,4
martens,1
martha,21
marthus,5
marti,1
martial,12
martians,2
martin,515
martina,3
martindales,1
martine,16
martinet,1
martini,10
martinis,2
martino,2
martins,2
martinville,1
martlesham,7
marton,1
marty,9
martyr,12
martyrs,3
marv,2
marvel,5
marvelled,2
marvellous,331
marvellously,9
marvelon,7
marvelous,1
marvels,3
marvin,13
marwick,2
marx,35
marxian,2
marxism,18
marxist,30
mary,531
mary-ann,8
mary-jane,2
mary-lou,18
maryann,2
maryanne,7
marygate,1
maryland,11
marylebone,5
marylin,1
maryport,2
marzipan,16
mas,2
mascara,4
maschotrometer,2
maschotrometers,1
mascot,7
mascots,1
masculine,5
masculinity,8
maseratis,1
mash,30
mashed,35
masher,1
mashing,1
mask,35
maska,1
masked,9
masking,6
masks,19
maso,1
masochist,4
masochistic,1
masochistically,2
mason,27
masonic,6
masonics,1
masonry,4
masons,10
masquerade,3
masquerades,1
masquerading,3
mass,238
mass-produced,1
mass-production,3
massachusetts,5
massacre,7
massacres,2
massage,41
massaged,1
massages,1
massaging,6
massala,1
massalas,2
masse,1
massed,1
masses,62
massey,3
massie,1
massination,1
massing,2
massive,337
massively,7
mast,26
mastectomy,2
masted,1
master,304
mastercard,1
masterclass,1
mastercover,1
mastered,14
masterline,1
masterly,1
mastermind,1
masterpiece,8
masterpieces,1
masters,44
masterstroke,1
mastery,3
mastitis,1
masts,3
masturbate,4
masturbated,1
masturbation,9
mat,74
matador,2
matawa,3
match,558
match-guise,3
match-guising,3
matchbox,6
matched,31
matches,181
matching,44
matchland,1
matchless,1
matchline,1
matchmakers,2
matchmaking,2
matchpots,2
matchstick,3
matchsticks,3
matchwood,1
mate,522
mated,3
mateless,2
mater,2
materia,2
material,470
materialised,2
materialism,1
materialistic,3
materialize,6
materialized,3
materially,12
materials,167
maternal,7
maternity,63
mates,103
matey,34
matfield,1
math,8
mathaking,1
mathematic,2
mathematica,2
mathematical,50
mathematically,5
mathematician,19
mathematicians,17
mathematics,78
mathematize,1
mathics,1
maths,384
matilda,3
matinee,13
mating,16
matings,1
mativ,1
matlin,4
matlock,3
matmalamo,1
matric,5
matrices,13
matriculation,1
matrimonial,1
matrix,20
matrixes,1
matron,12
matronly,1
matrons,1
mats,33
matt,153
matted,2
matter,2496
mattered,12
mattering,1
matters,560
matth,1
matthew,236
matthews,13
mattle,1
mattress,51
mattresses,26
matty,3
matur,1
mature,85
matured,15
maturer,1
matures,8
maturing,7
maturity,27
mau,2
maud,6
maude,4
maulden,1
mauled,2
maulkin,1
maundy,4
maung,1
maureen,93
mauriac,1
maurice,12
mauritania,3
mauritius,1
maury,1
mauve,14
mauvey,1
maverick,1
mavis,15
mawpers,1
max,73
maxat,3
maxi,3
maxi-dowment,2
maxi-endowment,1
maxie,4
maxim,5
maxima,1
maximilian,1
maximise,11
maximised,1
maximising,3
maximization,2
maximize,15
maximized,2
maximizers,1
maximizes,1
maximizing,15
maximum,277
maximums,2
maxine,38
maxted,1
maxton,1
maxwell,123
maxwell-owned,1
maxwell-type,1
maxwellian,1
may,5511
mayall,3
maybe,3122
maybes,1
mayday,11
mayes,3
mayeur,1
mayfair,10
mayfield,1
mayhem,5
mayhew,8
mayhill,1
maynard,2
maynard-smith,8
mayonnaise,24
mayor,480
mayoral,2
mayorality,1
mayoralties,2
mayoralty,7
mayoress,11
mayors,13
maypole,5
mays,4
mazda,6
maze,14
mb,1
mcalpine,1
mcarthur,5
mcateer,1
mcbrady,1
mcbrayne,1
mccaffery,3
mccain,1
mccallum,4
mccann,1
mccarie,1
mccarroll,1
mccarthy,13
mccartney,3
mccartneyish,1
mccaskill,1
mccauley,2
mccauls,1
mcclaine,1
mcclair,1
mcclaren,1
mcclarens,2
mccloud,6
mccoffey,3
mccoist,2
mccolgan,1
mcconnell,6
mccoy,4
mccoys,10
mccrae,1
mccrillock,1
mccrirrick,1
mccullock,2
mccutcheon,1
mcdonald,10
mcdonalds,7
mcdowell,4
mcenroe,2
mcewan,3
mcgarrat,1
mcgarry,1
mcgee,4
mcgere,1
mcgoldrick,3
mcgovern,3
mcgowan,1
mcgraw,1
mcgregor,12
mcgregors,2
mcguillion,1
mckay,2
mckays,2
mckenzie,4
mckinley,1
mckinney,1
mckinny,1
mcknight,6
mclaren,6
mclarens,1
mclaus,1
mclellan,1
mcleod,1
mcmain,1
mcmillan,1
mcmillans,1
mcnabb,1
mcnair,2
mcnally,1
mcnamara,1
mcneill,2
mcnichols,1
mcqueen,3
mcquillam,1
mcsimon,1
mcsimons,3
mcvicar,3
md,2
me,27778
mea,8
meacher,1
mead,22
meading,1
meadow,38
meadowbank,3
meadows,13
meadway,2
meagre,8
meal,432
meals,172
meals-on-wheels,2
mealy,3
mealy-mouthed,2
mean,23550
mean-minded,1
mean-tested,1
meandering,1
meanest,2
meaning,216
meaningful,48
meaningless,22
meanings,27
meanness,3
means,2306
means-tested,1
meant,1066
meanti,1
meantime,84
meanwhile,87
meaple,2
meas,3
measles,8
measly,6
measur,2
measurable,27
measure,418
measured,123
measurement,55
measurements,39
measurer,1
measures,182
measuring,90
meat,423
meatballs,2
meatier,1
meats,6
meaty,8
mebson,2
mecca,6
meccano,3
mech,2
mecha,1
mechanic,30
mechanical,73
mechanically,9
mechanicals,1
mechanics,28
mechanisation,1
mechanism,123
mechanisms,54
mechanistic,4
mechaniz,1
mechanization,10
mechanize,4
mechanized,7
meconium,1
med,10
medal,25
medalling,1
medallists,1
medals,11
medcalfe,2
meddle,13
meddlers,1
meddles,1
meddling,2
mede,1
meded,1
medes,1
medi,3
media,290
media-worthy,2
mediaeval,9
median,4
mediant,9
mediastinal,1
mediate,3
mediated,8
mediates,2
mediation,1
mediator,3
medica,1
medical,378
medically,15
medicals,2
medicaments,1
medication,29
medications,2
medici,1
medicinal,7
medicine,166
medicines,54
medics,1
medieval,71
medilline,1
mediocre,7
mediocrity,2
meditate,2
meditating,3
meditation,8
mediterranean,28
medium,163
medium-ranks,1
medium-sized,3
medium-term,5
mediums,2
mediwell,4
mediwipe,3
mediwipes,2
medley,7
medleycote,7
medlo,1
medsi,1
medway,10
mee,2
meed,1
meek,2
meekly,1
meekness,1
meely,1
meeny,1
meeow,1
meer,3
mees,1
meet,1039
meeting,2223
meetings,554
meets,71
mefalle,1
mefem,1
mefile,1
meg,38
mega,35
mega-expensive,1
mega-jam,1
mega-media,1
mega-millions,1
megabucks,1
megabyte,6
megabytes,14
megadeath,1
megadrive,12
megadrives,2
megahertz,3
megahits,1
megan,3
megaphone,1
megastars,1
megastores,1
megatons,2
megawatt,1
megazone,1
megditure,1
megiture,1
megs,2
mehetabelle,1
mehmet,1
mein,3
meing,1
meir,2
meister,1
mel,41
melamine,2
melancholy,1
melanie,60
melanoma,1
melanovski,1
melba,2
melbourne,19
meldrew,1
melee,3
melford,2
melinda,1
melior,7
melissa,24
melissico,3
melkrom,5
mella,2
mellies,1
mellor,3
mellow,5
mellowed,3
mellower,1
mellowing,2
melly,2
melo,1
melodeon,4
melodions,1
melodious,1
melodramatic,2
melody,14
melon,6
melon-baller,1
melorose,1
melphor,1
melrose,2
melt,47
meltdown,1
melted,11
melthane,1
melting,19
meltis,1
melton,1
melts,12
melville,28
melvin,18
melvyn,1
mem,15
memb,1
membe,1
member,882
membering,1
members,2325
membership,372
memberships,4
membrane,66
membranes,7
memento,7
mementoes,3
memet,1
memo,52
memoir,7
memoire,1
memoirs,18
memorabilia,3
memorable,12
memoranda,1
memorandum,31
memorandums,1
memorex,2
memorial,57
memorials,1
memories,153
memorise,1
memorised,2
memorising,1
memorization,1
memorize,11
memorized,2
memorizing,1
memory,393
memos,15
memphis,4
men,2327
menace,21
menaces,7
menacing,1
menageries,1
menai,9
menarche,8
mencap,14
mencken,1
mend,56
mendacious,1
mended,18
mendel,2
mendelians,1
mendelising,1
mendelism,1
mender,6
mending,16
mends,2
mendy,1
menfolk,5
menial,2
meningitis,13
meninigitipitus,1
menley,1
menopausal,2
menopause,29
menorca,2
mens,14
mensile,1
menson,1
menstrual,1
menstruate,2
menstruating,2
menstruation,3
menswear,2
ment,1
mental,198
mentality,17
mentally,91
mentally-disabled,1
mentalness,1
mentha,2
menthol,1
mentholyptus,1
menti,1
mention,586
mentioned,1148
mentioning,78
mentions,33
mentmore,5
mentor,3
mentwater,1
menu,134
menus,24
menzies,2
meoooww,1
meouw,2
meow,37
meowing,1
mepham,1
mephile,2
meppem,1
meps,2
mer,4
merc,4
mercadante,1
mercantile,3
mercedes,16
mercenaries,1
mercenary,6
mercer,7
merchandise,15
merchandiser,1
merchandising,4
merchant,33
merchantable,5
merchanting,3
merchants,31
merci,2
mercia,4
merciful,8
mercifully,1
merco,1
mercs,3
mercury,143
mercutio,10
mercy,81
merde,1
mere,55
meredith,4
merely,187
merest,2
merge,27
merged,9
mergence,1
merger,50
mergers,9
merges,2
merging,9
mericlean,3
meridian,6
meringer,1
meringue,13
meringues,1
merit,64
merita,3
merited,2
merito,3
merits,49
meritus,1
merkin,1
merle,4
merlin,4
merlyn,1
mermaid,6
mermaids,1
mermy,1
merrel-lynch,2
merri,1
merridale,3
merridown,2
merrier,3
merrily,40
merrith,1
merrivale,1
merry,32
merry-go-round,2
merryland,1
merrymaking,1
merryvale,1
mersea,16
mersey,10
merseys,1
merseyside,20
merseyview,1
merson,3
merthyr,7
merton,9
merv,9
mervia,1
mervin,2
mervy,2
mervyn,4
meryl,4
mes,9
meself,30
mesen,7
mesh,6
meshes,1
meshing,2
mesmeric,1
mesmerised,1
mesmerist,1
mesmerized,2
meson,5
mesons,4
mesopotamia,1
mess,441
mess-room,1
message,424
message-based,4
messages,101
messed,44
messenger,26
messengers,2
messes,7
messiah,29
messier,1
messiness,1
messing,122
messrs,3
messy,62
met,750
meta-fiction,1
meta-metal,1
metabolic,1
metabolism,4
metabolize,2
metal,333
metalbox,4
metallic,10
metallist,1
metallurgy,1
metals,83
metalwork,1
metamerism,1
metamorphic,1
metaphor,9
metaphorical,4
metaphorically,5
metaphors,7
metaphysical,8
metaphysics,2
metastasis,3
meted,2
meteor,5
meteoric,1
meteorite,2
meteorites,2
meteorological,1
meteorology,1
meteors,1
meter,88
metered,7
metering,9
metermarism,1
meterological,1
meters,31
meth,1
methane,14
methanol,3
metheringham,1
methile,49
methinks,1
metho,1
method,283
methodi,1
methodical,10
methodically,4
methodism,1
methodist,46
methodists,1
methodological,3
methodologically,1
methodologies,1
methodology,25
methods,163
methoxy,10
methringham,5
meths,5
methyl,8
methylated,11
meticulous,5
meticulously,2
metr,1
metre,75
metre-steps,1
metres,218
metric,14
metrical,1
metrically,1
metrics,1
metro,53
metroland,1
metropole,2
metropolis,2
metropolitain,1
metropolitan,75
metros,6
metroset,1
mets,1
mettassler,1
metternich,9
mettle,6
metton,1
metzler,2
mewow,1
mews,4
mex,1
mexborough,2
mexican,15
mexicano,2
mexicans,1
mexico,27
meyer,3
mezzanine,2
mhm,7489
mi,161
mia,3
miami,2
miaow,6
miaowing,1
mic,7
mica,1
micado,1
mice,32
mich,1
michael,906
michael-le-belfry,1
michaela,1
michaelled,1
michaelmas,4
michaels,2
miche,1
michel,1
michelin,7
michelins,1
michelle,165
michelmore,1
michelob,1
michener,2
mick,258
mickey,127
mickie,1
micklethorpe,1
micklewhite,1
micky,12
mico,1
micras,1
micro,35
micro-chips,1
micro-climate,1
micro-computer,2
micro-computers,2
micro-electronic,6
micro-electronics,2
micro-kelvins,1
micro-mosaic,3
micro-nutrients,2
micro-processors,2
micro-seconds,1
micro-vascularity,1
micro-vessel,1
microamps,1
microbacterium,4
microbe,1
microbes,2
microbiologist,1
microbiology,2
microchef,1
microchi,1
microchip,5
microchips,1
microcircuitry,1
microcomputer,16
microcomputers,17
microcontrollers,1
microcosm,2
microelectronic,1
microelectronics,3
microfilm,6
microfilming,6
microfit,13
micrograph,1
microlight,3
micromail,8
micrometer,1
micronesian,1
microphone,289
microphoned,1
microphones,18
microprocessor,15
microprocessors,11
micros,7
microscope,14
microscopes,1
microscopic,8
microscopy,1
microsecond,1
microseconds,1
microsoft,51
microsystems,2
microtechnology,2
microtization,1
microwave,161
microwaves,11
microwaving,1
mid,127
mid-afternoon,3
mid-air,1
mid-blue,1
mid-brown,1
mid-concern,1
mid-day,4
mid-eightie,1
mid-eighties,5
mid-essex,1
mid-evening,1
mid-february,1
mid-field,27
mid-fielder,3
mid-fielders,1
mid-fifties,2
mid-forties,2
mid-glamorgan,1
mid-january,3
mid-lothian,2
mid-march,1
mid-markets,1
mid-morning,3
mid-nineteen,1
mid-nineteen-fifties,1
mid-nineteen-seventies,1
mid-ocean,4
mid-off,4
mid-on,6
mid-oxon,3
mid-period,1
mid-point,3
mid-range,3
mid-row,1
mid-sentence,1
mid-september,1
mid-seventies,1
mid-sixties,4
mid-summer,1
mid-table,1
mid-teens,1
mid-twenties,2
mid-twentieth,1
mid-ulster,1
mid-wales,5
mid-way,3
mid-week,6
mid-west,1
mid-winter,4
mid-year,3
midas,1
midcentrics,1
midday,39
middell,1
middl,2
middle,1297
middle-age,1
middle-aged,7
middle-class,2
middle-of-the-road,1
middlebrook,1
middlegate,1
middleham,3
middleman,1
middlemarch,11
middlemas,1
middles,11
middlesborough,4
middlesbrough,28
middlesbrugh,1
middlesex,11
middleton,8
middling,7
middy,1
midfield,25
midfielder,2
midfielders,1
midford,4
midget,4
midgets,1
midi,14
midi-system,1
midla,1
midland,130
midlands,168
midlands-north,1
midlothian,3
midmorning,2
midnight,119
midnightish,1
midpoint,1
midst,25
midsummer,9
midsummer-night,1
midway,18
midweek,17
midwest,1
midwife,31
midwifery,26
midwinter,5
midwives,11
miffed,2
migh,2
might,8413
mighte,1
mighten,4
mightiest,1
mights,1
mighty,27
migombo,2
migraine,5
migraines,2
migrant,14
migrants,20
migrat,1
migrate,23
migrated,7
migrates,1
migrating,13
migration,238
migrationary,2
migrative,1
migrators,1
migrolifs,2
migs,1
miguel,5
mij,1
mijarna,1
mika,3
mikado,1
mikael,2
mike,501
miked,1
mikes,7
mikey,3
mikhail,6
mikie,1
mikila,20
mikkyphone,2
mil,23
milan,11
milcombe,4
mild,89
mild-mannered,1
mildenhall,1
milder,7
mildest,1
mildew,6
mildewed,1
mildly,19
mildred,12
mile,330
mile-high,1
mileage,68
mileages,6
mileometers,1
miler,1
miles,864
milestone,10
milestones,6
milford,16
milhous,1
miliary,3
militant,16
militantly,1
militants,10
militaries,1
militarily,6
militaristic,1
military,196
militate,2
militates,2
militia,10
milk,666
milked,15
milker,1
milkfloat,1
milkie,1
milking,22
milkman,35
milkmen,3
milkround,2
milks,2
milkshake,4
milkwoman,1
milky,35
mill,258
millaires,2
millard,2
millbank,1
millbrook,1
milled,1
millenary,1
millennial,1
millennium,4
miller,40
millers,12
millet,4
millfield,4
millford,3
milli,2
milli-kelvin,1
milli-kelvins,1
milliamps,1
millie,19
milligan,3
milligrammes,1
milligrams,9
millilitres,5
millime,1
millimetre,23
millimetres,58
millimolar,2
milliners,2
millinery,2
milling,12
millio,1
million,1629
millionaire,31
millionaires,16
millionairess,2
millionish,1
millions,203
millionth,6
millionths,2
millisecond,1
milliseconds,2
millivolts,8
mills,71
millstream,1
millwall,19
milly,8
milne,1
milner,1
mils,6
milsch,1
milton,153
milton-under-wychwood,1
miluk,1
milvia,12
milwall,15
milward,1
mima,1
mime,9
mimed,1
mimic,5
mimicry,3
mimics,8
miming,3
min,19
mince,105
minced,7
mincemeat,23
mincer,4
mincing,2
mind,4249
mind-altering,1
mind-blowing,2
mind-bogglingly,1
mind-stretching,1
mindblank,1
minded,115
mindedness,3
minder,9
minders,2
mindful,9
minding,12
mindless,4
minds,208
mine,1968
mine-workings,1
mined,7
minefield,4
minefields,3
minehead,5
minelli,3
miner,53
mineral,29
mineralized,1
minerals,27
miners,113
minerva,1
mines,94
minesweeper,2
minesweepers,1
minesweeping,2
mineworkers,7
miney,2
ming,4
minge,3
mingle,5
mingled,1
mingling,2
mingy,4
mini,130
mini-bites,1
mini-budget,1
mini-cruise,2
mini-goose,1
mini-holiday,1
mini-lectures,1
mini-roundabouts,1
mini-series,1
mini-skirt,1
mini-swimming,1
miniature,26
miniatures,5
minibus,63
minibuses,6
minicassette,2
minicassettes,4
minim,9
minima,3
minimal,48
minimally,1
minimata,5
minimise,6
minimising,1
minimize,27
minimized,1
minimizes,3
minimizing,10
minims,11
minimum,341
minimums,2
mining,77
minions,2
minis,4
miniscule,1
minister,581
ministered,1
ministerial,14
ministering,2
ministero,1
ministers,169
ministries,13
ministry,156
minit,1
mink,9
minky,1
minneapolis,2
minnesota,1
minnie,3
minnows,1
minogue,11
minor,256
minorca,2
minorial,1
minorities,20
minority,97
minors,1
mins,1
minster,22
minstrel,2
minstrels,9
mint,41
minted,2
mintoe,1
minton,5
mints,18
minty,2
minu,6
minuet,4
minus,1306
minuscule,6
minuses,16
minut,1
minute,2296
minuted,9
minutely,2
minutes,2632
minuting,1
minuty,1
minx,1
miocencia,2
miocenia,20
miocenic,1
miocenics,1
miond,1
mips,2
miquaman,1
mirac,1
miracle,58
miracles,25
miraculous,9
miraculously,3
mirage,4
miranda,5
miras,2
mire,2
mirelda,1
mirey,1
miriam,9
miring,1
mirren,3
mirror,208
mirror-image,1
mirrored,10
mirroring,1
mirrors,38
mirth,3
mis,17
mis-allocation,1
mis-appropriation,1
mis-changed,1
mis-classified,1
mis-designed,1
mis-dialled,1
mis-filed,1
mis-guided,1
mis-information,1
mis-informed,1
mis-judged,1
mis-kicked,1
mis-management,1
mis-match,2
mis-parking,1
mis-routing,1
mis-specified,2
mis-spelt,1
mis-translation,1
misallocation,2
misapprehension,4
misapprehensions,2
misappropriated,2
misappropriation,3
misbegotten,1
misbehave,3
misbehaves,1
misbehaving,2
misbehaviour,2
miscalculated,1
miscalculations,1
miscarriage,4
miscarriages,2
miscarried,2
miscellaneous,11
mischance,1
mischecked,1
mischief,20
mischievous,6
mischievously,1
misconceived,5
misconception,3
misconceptions,2
misconduct,1
misconstruction,1
misconstrued,2
miscount,1
miscounted,1
misdeeds,1
misdemeanour,1
misdemeanours,1
misdescribed,1
misdirect,1
misdirected,2
miseducating,1
miser,2
miserable,104
miserables,6
miserably,8
miseria,1
miseries,2
misers,2
misery,58
misfit,1
misfits,1
misformed,3
misfortune,6
misfortunes,2
misgivings,5
misguided,13
misguiding,1
mish-mash,5
misha,1
mishandled,2
mishandling,2
mishap,1
mishaps,2
misheard,5
misindica,1
misinformation,2
misinformed,1
misinterpret,3
misinterpretation,2
misinterpreted,6
misinterpreting,2
misjudge,2
misjudged,7
misjudgement,1
misjudging,2
misjudgments,1
mislabelling,1
mislaid,1
mislay,1
mislead,21
misleading,46
misled,8
mismanaged,1
mismanagement,13
mismatch,6
misnamed,1
misnomer,11
misogynist,4
misogynists,1
misogyny,15
misperception,1
misplace,1
misplaced,7
misprint,2
mispronounced,1
misquoted,3
misread,7
misreading,3
misrepresentational,1
misrepresentative,1
misrepresented,1
misrepresenting,4
miss,1175
missed,586
misses,27
misshapen,1
missile,52
missiles,43
missing,316
mission,147
missionaries,11
missionary,19
missions,26
mississippi,7
missive,1
missouri,1
misspell,2
misspelling,1
misspelt,1
misspent,1
missus,25
missy,1
mist,26
mista,1
mistake,329
mistaken,21
mistakenly,7
mistakes,147
misted,1
mister,114
mistimed,3
mistook,5
mistreat,1
mistreatment,3
mistress,21
mistresses,4
mistrust,5
mistrustful,2
mists,1
mistur,1
misty,23
misunderstand,4
misunderstanding,33
misunderstandings,9
misunderstood,28
misuse,12
misused,6
misuses,1
misusing,2
mita,1
mitch,14
mitcham,2
mitchell,5
mitchenham,1
mitchinson,2
mitchum,1
mite,1
mites,9
mithranee,1
mitigate,5
mitigated,1
mitigates,1
mitigating,1
mitigation,11
mitre,1
mits,1
mitsibushi,5
mitsubishi,1
mitt,1
mitten,1
mittens,4
mitterand,7
mitterrand,2
mitts,3
mitty,1
mix,223
mix-up,3
mixed,366
mixer,15
mixers,1
mixes,12
mixing,34
mixture,135
mixtures,10
mjc,2
mji,2
mm,32824
mm-ing,1
mmd,6
mmf,6
mmi,1
mmm,57
mmmm,7
mmmmmm,1
mmmmmmm,1
mmoo,2
mnemonic,4
mo,177
moab,3
moabias,2
moabite,2
moabites,1
moabitess,3
moah,1
moan,60
moaned,11
moaner,1
moaning,85
moans,18
moany,1
moars,3
moat,45
moating,1
moats,1
mob,7
mobbed,3
mobbs,9
moben,1
mobil,1
mobile,103
mobiles,5
mobilise,1
mobilising,1
mobilities,1
mobility,25
mobilization,33
mobilize,24
mobilized,3
mobilizes,1
mobilizing,4
mobray,2
mobs,5
mobsters,1
mock,33
mock-up,2
mock-ups,1
mocked,8
mockers,3
mockery,6
mocking,5
mocks,3
mod,6
modal,6
modality,1
mode,58
model,478
modele,1
modelled,11
modelling,41
modelly,1
models,76
modem,1
moderate,75
moderated,2
moderately,7
moderating,2
moderation,9
moderator,124
moderators,3
modere,2
modern,515
modernisation,5
modernised,2
modernism,2
modernization,9
modernize,5
modernized,5
modernizer,2
modernizers,11
modernizing,11
modes,14
modest,71
modestly,8
modesty,8
modicum,2
modification,27
modifications,10
modified,21
modify,29
modifying,7
modular,6
modulation,2
modulator,13
module,29
modules,18
modulist,1
moeketsi,5
moffat,1
mogadishou,5
mogadishu,1
moggies,3
moggy,3
mogs,2
moguls,1
mohair,6
mohali,1
mohammed,23
mohammedians,2
mohican,3
mohicans,1
moi,7
moira,40
moire,1
moist,18
moisten,1
moistened,2
moistens,1
moister,1
moisture,15
moisturiser,2
moisturize,7
moisturized,2
moisturizer,27
mojave,1
mojos,1
moke,1
mokey,5
molar,3
molars,1
molasses,3
molby,2
mold,19
molds,1
mole,37
molecular,23
molecule,24
molecules,45
molehills,1
moles,13
moleskin,4
molesly,1
molest,2
molested,6
molesterer,1
molignengo,1
moller,1
mollie,17
mollinees,3
mollington,2
mollusc,3
molluscs,1
molly,46
mollycoddle,1
mollyrange,7
molotov,1
molten,12
molto,1
molton,1
molyneaux,1
molyneux,20
mom,35
mombasa,1
momegictiture,1
momegiture,3
momegliture,2
momen,1
moment,2957
momentarily,5
momentary,1
momentictiture,1
momento,1
momentous,8
moments,103
momentum,23
mommy,5
mon,20
mona,6
monaco,7
monahan,3
monarch,16
monarchical,1
monarchism,3
monarchs,1
monarchy,49
monasteries,3
monastery,8
monastic,2
monasticism,1
mond,3
monda,1
monday,1352
mondays,43
monde,1
mone,1
monet,3
monetarily,2
monetarism,1
monetarists,1
monetarium,1
monetary,29
money,6608
money-hungry,1
money-wise,3
moneybags,1
moneylenders,3
moneymaker,1
moneymakers,2
moneys,4
moneytalk,1
moneywise,1
mong,1
mongering,1
mongers,2
mongey,2
mongol,2
mongolia,2
mongoloid,1
mongoose,1
mongrel,7
mongy,1
moni,5
monica,21
monie,1
monied,2
monies,47
moniker,1
monique,3
monistic,1
monit,6
monitor,121
monitored,29
monitoring,79
monitors,16
monitory,1
monk,18
monka,1
monkees,5
monkey,88
monkeying,2
monkeys,28
monkgate,1
monkhouse,2
monkland,1
monklands,8
monks,4
monksome,3
monkton,1
monmouth,1
monmouthshire,2
mono,9
mono-culture,1
monochrome,2
monochromes,2
monogamous,4
monogamy,5
monogram,1
monolithic,2
monologue,11
monopolies,7
monopolise,1
monopolistic,1
monopolization,1
monopolize,1
monopoly,40
monorail,3
monorails,1
monos,1
monosodium,1
monosyllabic,2
monosyllables,1
monotheism,1
monotheist,1
monotheistic,6
monotone,5
monotonous,11
monotype,14
monoxide,48
monroe,1
mons,1
monseigneur,2
monsieur,7
monsignor,6
monsoon,5
monster,73
monsters,12
monstrosities,1
monstrosity,5
monstrous,7
mont,2
montage,1
montagu,1
montague,11
montana,1
monte,13
montego,3
montesago,1
montgomery,2
month,1530
month-long,1
month-old,1
monthlies,1
monthly,153
months,2187
monticello,1
montpasset,1
montreal,6
montrose,5
montu,1
monty,8
monument,7
monumental,2
monumentally,1
monuments,3
moo,19
mooch,4
mooching,1
mood,161
moodily,1
moods,6
moody,19
moon,245
moonboots,3
mooney,1
moonie,1
moonies,9
moonlight,39
moonlit,1
moons,15
mooo,1
moor,40
moore,25
moored,5
moores,6
moorfield,1
moorford,2
moorgate,1
moorhen,6
moorhens,6
moorhouse,3
mooring,5
moorings,4
moorish,1
moorland,3
moors,15
moose,12
mooses,1
moosh,1
moot,5
mooted,8
mootty,1
mooty,13
mop,29
moped,10
mopeds,3
moping,1
mopped,2
mopping,3
mops,1
moquette,1
mor,27
morag,9
moral,165
morale,40
moralistic,10
moralists,1
morality,39
morally,22
morals,17
morass,2
moratorium,2
morbey,1
morbid,12
morbidity,11
morbry,1
morby,1
morcambe,1
morden,1
more,16351
more-or-less,2
morecambe,27
moregreen,1
moreish,3
morel,1
moreland,1
morell,1
moreover,12
mores,4
morescombe,1
moreton,1
moreton-in-marsh,1
moreville,1
morgan,40
morgan-grenfell,1
morgen,1
morgue,2
moriarty,1
morland,7
morley,11
morleys,1
mormon,5
mormonism,1
mormons,5
morn,6
morna,6
morni,4
morning,4761
mornings,110
morningside,1
mornington,5
morocco,9
morolity,1
moron,10
morons,3
morpeth,11
morphia,1
morphine,8
morphological,3
morphology,4
morphometric,1
morrell,3
morrell-pollock,1
morrells,2
morri,3
morris,67
morrison,9
morrisonian,1
morrisons,10
morrissey,1
morroc,2
morrow,5
morse,27
morsel,1
morses,1
morsey,1
morsoleum,1
mortal,5
mortality,51
mortally,1
mortals,2
mortar,27
mortaring,1
mortars,2
mortenson,1
mortgage,386
mortgaged,6
mortgages,41
mortgaging,2
mortice,8
morticed,1
mortices,3
mortified,7
mortify,2
mortimer,10
mortise,4
mortlock,1
morton,16
mortuary,6
mos,9
mosaic,1
moscavisi,4
moscow,54
moseism,1
moseley,7
moselle,1
mosely,8
moses,53
mosey,1
mosh,1
moskovicy,1
moslem,4
moslems,3
mosques,1
mosquito,9
mosquitoes,7
moss,42
mosses,1
mossgate,1
mosside,2
mossley,2
mossy,2
most,4772
mostin,1
mostly,274
moston,2
mostyn,2
mot,8
motels,1
moth,11
moth-eaten,1
mothballing,1
mothballs,4
mother,1915
mother-fucker,2
mother-fuckers,4
mother-fucking,1
mother-in,1
mother-in-law,36
mother-in-waiting,1
motherboard,1
mothercare,10
motherfucker,3
motherfuckers,1
motherhood,5
mothering,4
motherland,1
motherly,2
mothers,147
mothersole,1
motherwell,12
moths,11
motif,18
motifs,1
motion,1231
motional,1
motioning,1
motionless,1
motions,144
motivate,13
motivated,49
motivating,19
motivation,53
motivational,1
motivations,12
motivator,3
motive,21
motiveless,1
motives,24
moto,2
moton,1
motor,267
motorbike,63
motorbikes,16
motorcade,1
motorcar,4
motorcars,5
motorcross,1
motorcycle,12
motorcycles,11
motorcycling,1
motorcyclist,7
motoring,19
motorist,12
motorists,24
motorized,5
motors,25
motorway,200
motorways,44
motown,5
mots,1
mott,12
motteose,2
motterstone,6
mottingham,7
mottled,5
mottley,3
motto,11
motty,1
mou,5
moul,1
mould,37
moulded,18
moulder,1
mouldiest,1
moulding,5
mouldings,2
moulds,6
mouldy,18
moulinex,5
moult,1
moultons,2
moun,1
mound,4
mounding,1
mounds,3
mount,74
mountai,1
mountain,150
mountaineering,2
mountainous,3
mountains,84
mountainside,1
mountbatten,1
mounted,34
mountfield,2
mountie,4
mounting,23
mountive,1
mounts,10
mountwich,2
mourn,3
mourne,1
mourned,2
mourners,2
mournful,1
mourning,11
mourns,1
mouse,174
mouses,4
mousetrap,3
mousing,1
mousse,25
moussed,1
moustache,34
moustaches,4
mouth,486
mouthful,25
mouthfuls,3
mouthing,9
mouthpiece,3
mouths,31
mouthwash,4
mouthwashes,1
mouthwatering,1
mouthy,9
mov,3
move,2894
moveable,2
moved,1105
movement,498
movemente,2
movements,77
mover,28
movers,20
moves,167
movie,63
movies,36
moving,1043
mow,7
mowbray,1
mowed,4
mower,39
mowers,3
mowing,9
mowlam,2
mowmows,1
mown,2
moxie,2
moy,1
moya,3
moyra,2
mozambiquan,1
mozambique,14
mozart,28
mozzarella,5
mp,8
mpb,1
mps,30
mr,5869
mri,1
mrs,1557
ms,28
mt,1
mu,91
mubarak,2
muc,2
mucg,1
much,12404
muchness,2
muck,106
muck-spreading,2
mucked,19
muckier,1
mucking,37
muckle,10
mucklehouse,1
mucks,6
mucky,40
mucosa,1
mucrotic,2
mucus,1
mud,136
muddied,1
muddier,1
muddies,1
muddle,22
muddled,21
muddled-headed,1
muddleton,1
muddletonian,3
muddletonians,10
muddly,2
muddy,30
muddying,1
mudguards,2
muds,2
muesli,9
mufaro,8
muff,3
muffet,6
muffin,12
muffins,9
muffled,5
muffles,2
muffs,2
mufti,1
mug,66
mugged,26
muggers,2
mugging,7
muggings,7
muggins,4
muggy,6
mugs,28
muhammad,8
muir,4
muirhead,3
muirlins,3
muk,1
mul,3
mulberry,2
mulbridge,1
mulch,1
mulches,2
mulching,1
muldoons,1
mule,10
mulican,1
mull,6
mulled,5
mullen,1
muller,3
mulligan,1
mulligatawny,1
mulling,4
mullins,1
mult,1
multa,1
multi,28
multi-agency,2
multi-c,1
multi-choice,2
multi-colour,1
multi-coloured,1
multi-company,1
multi-cultural,4
multi-culturalism,1
multi-dimensional,1
multi-disciplinary,1
multi-element,1
multi-ethnic,1
multi-faceted,1
multi-fibre,1
multi-functional,1
multi-guess,1
multi-lane,1
multi-lateral,1
multi-linearity,1
multi-location,1
multi-locational,7
multi-locking,1
multi-media,1
multi-million,2
multi-millionaire,2
multi-millionairess,1
multi-national,20
multi-nationals,4
multi-occupation,2
multi-occupied,1
multi-party,1
multi-path,1
multi-processor,1
multi-product,1
multi-purpose,7
multi-ra,1
multi-racial,3
multi-regional,1
multi-role,4
multi-school,1
multi-sexual,1
multi-skilled,1
multi-skilling,1
multi-stone,1
multi-storey,8
multi-threaded,4
multi-tone,1
multi-track,1
multi-training,1
multi-variant,4
multi-vendor,4
multi-vitamin,2
multi-warhead,1
multicultural,4
multilabel,1
multilateral,2
multilaterally,1
multilingual,1
multimedia,23
multimeter,1
multimicroprocessor,1
multimillion,3
multinational,6
multinationals,7
multing,1
multip,1
multiple,100
multiple-occupancy,1
multiples,6
multiplicand,3
multiplication,36
multiplicational,2
multiplications,3
multiplicity,5
multiplied,59
multiplier,34
multipliers,1
multiplies,2
multiply,198
multiplying,58
multiprocessor,1
multistorey,8
multitude,25
multitudes,2
multivariate,1
mulwell,1
mum,4255
mumalissimo,2
mumble,2
mumbling,5
mumby,4
mumma,5
mummies,12
mummified,1
mummmy,1
mummy,1650
mummy-in-law,1
mumps,2
mums,80
mumsy,11
mun,1
munch,11
munched,2
munchen,1
munchengladback,1
munchengratz,2
muncher,1
munching,11
munchkins,1
mundane,11
mundi,6
munich,9
municipal,9
municipality,1
municipally,1
munition,1
munitions,5
munn,3
munnford,7
munro,1
munroe,2
munroes,1
munster,6
munsters,9
munton,1
muon,1
muons,3
muppet,4
muppets,2
mural,2
murals,7
murch,1
murder,153
murdered,39
murderer,19
murderers,5
murdering,32
murderous,4
murders,20
murdoch,26
murfield,1
murghhh,1
muriel,20
murky,11
murmansk,1
murmur,4
murmuring,3
murmurs,2
murphy,27
murray,12
murray-smith,1
murrayfield,3
murrays,1
mus,14
muscadet,1
muscle,126
muscle-wise,3
muscled,1
muscles,112
muscly,8
muscovite,1
muscular,7
muse,8
mused,1
muses,1
museum,126
museums,22
mush,16
mushed,2
mushies,1
mushroom,32
mushroomed,1
mushrooming,2
mushrooms,91
mushy,17
musi,1
music,793
musical,74
musicale,1
musically,1
musicals,7
musician,21
musicians,29
musk,2
musket,4
musketeer,1
musketeers,3
muskets,3
muslim,11
muslims,6
muslin,6
muss,1
mussawi,1
musselburgh,2
mussels,4
mussolini,3
mussolinis,1
musson,1
mussy,7
must,6121
mustang,1
mustapha,1
mustard,55
mustardy,1
muster,6
mustering,2
mustique,1
mustoe,1
musty,1
mutant,29
mutants,2
mutated,2
mutates,1
mutation,22
mutational,1
mutations,11
mute,9
muted,3
mutford,1
mutilate,1
mutilated,6
mutilating,4
mutilation,1
mutinal,1
mutinies,1
mutiny,3
mutloe,1
mutt,6
mutter,3
muttered,2
muttering,5
mutterings,1
muttley,1
mutton,12
mutty,17
mutual,47
mutualistic,2
mutually,14
muziek,1
muzzle,4
muzzled,3
muzzles,1
muzzy,1
mws,1
my,23646
myers,2
myma,1
mymo,1
mymouse,11
myocardio,1
myra,1
myrene,1
myres,1
myriad,2
myriads,1
myrie,2
myrtle,2
myrtles,1
mys,3
myse,1
mysel,1
myself,1648
mysen,1
mysteries,14
mysterious,19
mysteriously,4
mysteriousness,1
mystery,73
mystic,6
mystical,7
mysticism,7
mystified,3
mystifies,2
mystique,6
myth,38
mythic,1
mythical,5
mytho,1
mytholmroyd,3
mythological,3
mythology,8
myths,10
myxomatosis,1
n,5911
na,14616
na-dene,4
naafi,1
naah,2
naan,1
naans,1
nab,3
nabbed,2
nabokov,1
naburn,4
nack,1
nacked,2
nacky,2
nacods,2
nadima,2
nadine,14
nadir,4
nae,3
naf,1
naff,41
naffed,2
naffest,1
nafr,1
nag,3
naga,1
nagasaki,3
nagden,2
nagged,7
nagging,12
nagines,1
nags,1
nah,110
nail,111
nailed,10
nailer,1
nailing,1
nails,114
nailsworth,5
nairobi,4
naive,44
naively,2
naivety,5
naked,81
nakhle,1
nalgo,20
nambia,1
namby-pamby,1
name,3233
name-dropper,1
name-tag,1
named,175
nameless,6
namely,79
names,707
namesake,1
namibia,5
namibian,1
naming,21
namoree,1
nan,200
nana,81
nanas,4
nance,8
nancy,26
nanette,10
naniel,1
nankypoo,1
nann,1
nanna,22
nannette,4
nannies,3
nanny,171
nannying,1
nanoamps,1
nanomolar,3
nanoseconds,2
nantpose,1
nantwich,4
nao,2
naom,1
naomi,72
nap,5
napalm,5
naphthalene,2
napier,29
napkin,4
napkins,10
naples,10
napoleon,25
napoleonic,8
nappies,30
nappy,59
narcissi,3
narcissism,7
narcissistic,7
narcissus,2
narcite,1
narcotic,1
nardy,1
narex,1
narf,9
nark,4
narked,2
narks,4
narky,2
narnia,5
narratable,1
narrating,1
narration,1
narrative,16
narratives,1
narrator,7
narro,1
narrow,177
narrowcast,1
narrowed,14
narrower,11
narrowest,3
narrowing,9
narrowings,1
narrowly,11
narrowmarsh,2
narrowminded,1
narrowness,4
narrows,9
nas,2
nasa,6
nasal,3
nash,5
nash-wortham,5
nasha,1
nasser,1
nastier,3
nasties,6
nastiest,3
nastily,4
nastiness,2
nasty,318
nasty-pasty,1
nat,77
nata,1
natal,5
natalie,52
natasha,13
nathan,19
nathaniel,3
natherton,1
nati,1
natio,2
nation,158
nation-state,2
nationa,2
national,1726
nationale,3
nationalisation,2
nationalise,2
nationalised,5
nationalism,43
nationalist,34
nationalistic,10
nationalists,22
nationalities,15
nationality,24
nationalization,49
nationalize,2
nationalized,20
nationally,105
nationals,18
nationhood,1
nations,157
nationwide,29
nationwides,1
native,25
natives,5
nativity,8
nato,31
natter,14
nattering,8
natty,2
natu,2
natural,460
naturali,1
naturalisation,1
naturalism,4
naturalist,9
naturalistic,1
naturalists,1
naturalization,4
naturalize,1
naturally,175
nature,657
natured,5
natures,1
natwest,1
nau,2
naught,4
naughtier,1
naughties,2
naughtiness,2
naughty,229
nausea,1
nauseated,2
nauseating,1
nauseous,1
nauseum,1
naut,1
nautic,1
nautical,5
nav,1
navada,4
navaid,1
naval,29
navar,1
navareno,4
navarious,1
navarone,3
navarro,1
nave,1
navel,10
navels,1
navi,1
naviazenya,1
navigable,1
navigate,6
navigated,1
navigating,1
navigation,29
navigator,12
navigators,2
navvies,4
navvy,1
navy,111
naw,3
nawa,5
nay,84
nayera,1
nayim,2
nazareth,6
naze,1
nazeing,8
nazi,9
nazi-ism,1
nazim,2
nazis,14
nazism,2
nd,1
ne,192
nea,3
neagus,1
neal,8
neanderthal,1
near,1326
near-darwinist,1
near-ruined,1
nearby,69
nearer,164
nearest,182
nearing,6
nearl,1
nearly,1315
nearness,1
nearside,14
neat,65
neaten,1
neater,13
neatest,1
neatly,37
neatness,8
nebbins,15
nebraska,1
nebulous,3
nec,9
nece,2
neces,2
necess,2
necessaire,1
necessarily,629
necessary,738
necessement,1
necessitate,2
necessitated,4
necessitates,1
necessitation,1
necessities,11
necessity,58
neck,329
necked,7
necklace,38
necklaces,8
necklets,1
neckline,2
necks,19
necktie,1
necrosis,1
necrotic,2
nectar,5
nectarine,1
nectarines,1
ned,14
nedd,3
neddy,3
nee,81
need,9035
need-to-be-paid,1
needed,804
needed-by,2
needful,1
needham,25
needing,65
needle,46
needlecord,2
needles,37
needless,24
needlessly,1
needlework,5
needn,1
needs,1817
needy,8
neen,2
neeow,5
neep,8
neeps,23
neesden,1
nefarious,1
neffortiti,2
neg,2
nega,2
negat,1
negate,7
negated,4
negative,403
negatively,12
negatives,32
negativing,1
negible,1
neglect,26
neglected,21
neglecting,8
negligee,2
negligence,32
negligent,10
negligible,7
negligibly,1
nego,1
negotia,2
negotiable,6
negotiat,1
negotiate,73
negotiated,52
negotiates,2
negotiating,75
negotiation,70
negotiations,144
negotiations-wise,1
negotiator,7
negotiators,13
negram,1
negro,4
negs,1
negus,1
nei,4
neigh,3
neighbour,115
neighbourhood,125
neighbourhoods,5
neighbouring,27
neighbourliness,1
neighbourly,3
neighbours,301
neight,1
neil,366
neill,3
neilson,3
neily,1
nein,4
neither,300
nel,1
nell,3
nellie,12
nelly,18
nelson,35
nelsons,2
nemet,1
nemine,1
neo,2
neo-fascism,1
neo-fascist,1
neo-natal,1
neo-nazism,1
neon,2
neonates,2
neovascularization,1
nepal,18
neph,1
nephew,33
nephews,10
nepotism,1
neptune,3
ner,32
nerd,1
nerdo,1
nerlove,5
nernst,3
nero,3
neroli,12
nerv,2
nerval,1
nerve,80
nerve-racking,1
nerve-wracking,3
nerves,135
nervewracking,1
nerving,1
nervo,1
nervosa,4
nervous,158
nervously,4
nervousness,14
nervy,1
nerys,3
nes,3
nesbit,1
nescafe,3
nesh,2
nesquick,1
ness,7
nest,94
nested,3
nesting,9
nestle,22
nestles,1
nestling,2
nests,16
net,318
netball,13
nether,3
netherdale,1
netherfield,1
netherhall,2
netherlands,15
netrasess,1
nets,33
netsuke,2
nett,7
netted,7
netteswell,7
netting,19
nettle,10
nettled,2
nettles,7
nettos,23
nettows,1
network,286
networked,3
networking,10
networks,43
neu,1
neucleus,1
neue-caledonia,3
neue-helvetica,2
neural,15
neuralgia,11
neuro,1
neuro-psychologist,1
neuro-sciences,1
neuro-toxin,1
neurological,7
neurologist,2
neurology,3
neuromuscular,2
neuron,9
neurones,4
neurons,4
neurophysiologist,1
neurophysiology,2
neurosis,5
neurosurgeon,2
neurosurgery,2
neurosurgical,1
neurot,1
neurotic,19
neurotics,2
neurotransmitters,3
neuter,2
neutered,1
neuto,1
neutragena,1
neutragone,1
neutral,49
neutralised,1
neutraliser,1
neutrality,2
neutralize,4
neutralized,1
neutralizer,1
neutralizing,1
neutrally,1
neutrinors,3
neutrinos,1
neutrionor,1
neutrionors,2
neutron,15
neutrons,27
nev,21
neve,2
never,7264
never-ending,2
never-the-less,3
neverth,1
nevertheless,269
neverthless,1
neville,30
new,6519
new-born,2
new-look,2
newark,127
newarks,2
newarkshire,1
newbold,1
newbon,6
newborn,6
newborns,1
newbridge,1
newbury,13
newby,3
newca,1
newcas,2
newcastle,116
newcastle-upon-tyne,2
newcey,1
newcomer,7
newcomers,3
newcut,4
newell,3
newer,24
newest,14
newfangled,3
newfoundland,16
newgate,1
newham,5
newhaven,9
newington,11
newint,1
newish,8
newland,2
newlands,2
newlow,1
newly,50
newly-appointed,1
newman,12
newmann,2
newmarket,41
newminster,4
newness,5
newport,7
newquay,3
news,1183
news-sheets,2
newsagency,2
newsagent,9
newsagents,8
newsbeat,2
newshound,1
newsize,3
newsletter,59
newsletters,2
newsman,4
newsnight,1
newsome-davis,1
newson,4
newspaper,257
newspapers,205
newspeak,2
newsprint,4
newsreader,3
newsreaders,1
newsreel,1
newsreels,5
newsroom,3
newsround,1
newssheet,1
newstat,13
newsweek,1
newsworthy,4
newsy,2
newt,12
newthorpe,3
newton,43
newtons,3
newtown,5
newts,9
newy,1
nex,6
next,6170
next-door,6
next-door-neighbour,1
nextdoor,7
nexus,2
ney,1
ng,1
ni,104
ni-night,18
niagara,4
niall,3
niapaland,2
nib,2
nibble,11
nibbled,2
nibbles,7
nibbling,10
nibs,1
nic,2
nicad,1
nicademus,1
nicads,2
nicam,7
nicaragua,7
nicaraguan,2
nice,6252
niceanile,1
nicely,211
niceness,1
nicer,96
nicest,28
niceties,3
nicety,1
niche,9
niches,1
nichol,4
nichola,2
nicholas,59
nicholle,2
nicholls,2
nichols,2
nicholson,19
nicish,1
nick,457
nick-named,1
nicked,98
nickel,1
nicker,1
nicki,2
nickick,1
nickie,1
nicking,19
nickle,1
nicknacky,2
nickname,35
nicknamed,5
nicknames,25
nicks,10
nicky,66
nico,1
nicocea,2
nicodemus,49
nicol,1
nicola,68
nicolas,1
nicole,20
nicosia,11
nicotine,9
nicotinic,2
nicta,1
nidd,4
niece,32
nieces,18
nielsen,5
nielson,3
nietzsche,1
niff,1
niffed,1
nifty,4
nig,13
nig-nog,1
nig-nogs,1
nige,3
nigel,172
niger,2
nigeria,17
nigerian,4
nigger,19
niggers,5
niggle,1
niggles,1
niggling,5
niggly,4
nigh,4
night,4823
night-duty,1
night-line,2
night-night,5
night-shift,1
night-shirt,1
night-time,6
night-times,1
nightclothes,1
nightclub,9
nightclubs,5
nightdress,12
nightdresses,1
nightgowns,1
nightie,14
nighties,2
nightingale,9
nightingales,3
nightly,7
nightmare,79
nightmares,12
nightmarish,1
nights,302
nightschool,2
nightshade,1
nightshelter,1
nightshift,1
nightshirt,2
nightshirts,3
nighttime,15
nightwear,1
nighty,1
nigo,3
nigra,1
nijinsky,1
nike,10
niki,2
nikita,2
nikki,8
nikolai,2
nikram,6
nil,550
nil-apartheid,1
nile,8
nilly,4
nils,1
nimbas,1
nimble,5
nimbus,1
nimmo,1
nimoy,3
nimrod,8
nimrods,1
nin,9
nina,22
nine,5936
nine-four,1
nine-ish,3
nine-thirty,1
nine-to-five,1
nine-year-old,1
nineish,2
ninepence,10
niner,13
nines,55
ninet,10
ninete,5
ninetee,4
nineteen,3846
nineteen-eighteen,4
nineteen-eighty,1
nineteen-eighty-six,1
nineteen-fifties,3
nineteen-fifty,1
nineteen-fifty-five,1
nineteen-fifty-six,1
nineteen-fourteen,1
nineteen-hundred,2
nineteen-hundreds,2
nineteen-nineties,1
nineteen-ninety,3
nineteen-ninety-four,1
nineteen-ninety-six,1
nineteen-seventies,1
nineteen-seventy,1
nineteen-seventy-five,1
nineteen-sixties,1
nineteen-ten,1
nineteen-thirties,1
nineteen-thirty-six,1
nineteen-twelve,2
nineteen-twenty,2
nineteenth,162
nineties,104
ninetieth,17
ninety,3547
ninety-eight,6
ninety-f,1
ninety-five,23
ninety-four,44
ninety-minute,1
ninety-nine,9
ninety-one,20
ninety-plus,1
ninety-seven,1
ninety-six,9
ninety-three,50
ninety-two,34
ninety-two-three,1
ninetyish,1
ninewells,2
ning,1
ninian,2
ninion,1
ninja,9
ninky,1
ninteen,3
nintendo,24
nintendos,1
ninth,177
ninths,5
ninti,1
nip,88
nipped,17
nipper,4
nippers,1
nipping,3
nipple,4
nipples,12
nippon,2
nippy,6
nips,1
nirdel,1
niro,2
nirvana,9
nirvanas,1
nis,1
nissan,31
nissans,1
nissen,1
nit,1
nit-picking,2
nited,1
nitpick,1
nitpicking,4
nitrate,31
nitrates,11
nitric,16
nitrite,2
nitro,2
nitrogen,41
nitroglycerine,1
nitromorse,2
nitrous,3
nits,2
nitty,12
nitty-gritties,2
nitty-gritty,1
nitwit,1
nivasher,1
niven,2
nix,9
nixon,13
nmts,1
nn,3
nnaa,1
no,58748
no-fault,1
no-go,2
no-good,1
no-gooders,1
no-hoper,1
no-man,1
no-no,2
no-o-o,1
no-one,117
no-pay,1
no-rights,1
no-score,1
no-smoking,3
no-trains,1
noad,1
noah,19
nob,10
nobble,3
nobbled,2
nobby,5
nobel,11
noble,211
nobler,2
noblest,1
nobod,2
nobodies,1
nobody,1494
nobs,1
nocturnal,4
nod,27
nodac,1
nodded,12
nodding,21
noddle,1
noddy,7
node,27
nodes,2
nods,6
nodules,3
noe,1
noel,66
noes,3
noevo,2
nogan,16
noggin,3
nogs,1
noi,2
noir,1
noise,430
noiseless,1
noiselessly,1
noises,61
noisey,1
noisier,3
noisiest,1
noisily,3
noisy,103
nola,7
nomad,1
nomadic,2
nomads,4
nomina,3
nominal,13
nominally,2
nominate,31
nominated,46
nominates,1
nominating,9
nomination,46
nominations,34
nominee,5
nominees,13
non,179
non-accidental,2
non-accountancy,1
non-active,1
non-adapted,1
non-agricultural,4
non-agriculture,1
non-alcohol,2
non-alcoholic,6
non-anglo,1
non-armed,2
non-assertive,1
non-attendance,1
non-audit,1
non-authorized,1
non-believers,1
non-blondes,1
non-branch,2
non-british,1
non-catholic,1
non-christian,3
non-closure,1
non-collection,1
non-committal,4
non-common,1
non-communist,2
non-competent,1
non-competitive,4
non-completion,1
non-conductors,1
non-conformance,2
non-conformances,4
non-conformist,2
non-conformists,4
non-contact,1
non-contentious,1
non-contributory,3
non-controversial,2
non-copper,3
non-core,2
non-corrosive,1
non-criminal,1
non-custodial,2
non-custody,1
non-damaged,1
non-decision,3
non-delegate,1
non-delegated,1
non-democratic,1
non-destructive,2
non-determination,1
non-differentiable,1
non-directional,1
non-discounted,1
non-distributable,1
non-divisional,1
non-domestic,5
non-drip,1
non-driver,1
non-drop,1
non-economic,2
non-egalitarian,1
non-elected,6
non-english,2
non-essential,1
non-event,1
non-exam,1
non-exeat,1
non-executive,17
non-existence,1
non-existent,10
non-famous,1
non-fiction,1
non-fire,1
non-flushing,1
non-forester,1
non-function,1
non-functional,1
non-gav,1
non-german,1
non-government,4
non-governmental,6
non-greenbelt,2
non-hard,1
non-human,3
non-identified,1
non-invasive,3
non-issue,1
non-jews,1
non-kuwaiti,1
non-league,3
non-leagues,1
non-linear,6
non-linearly,1
non-linguistic,1
non-local,5
non-locational,1
non-media,1
non-member,1
non-members,5
non-mental,1
non-metal,7
non-metals,12
non-metered,1
non-metro,3
non-metropolitan,4
non-microprocessor,1
non-midlands,1
non-military,1
non-mineral,1
non-modernized,1
non-muslim,1
non-national,3
non-nato,1
non-obstructed,1
non-oedipal,1
non-operating,3
non-pathogenic,2
non-payer,1
non-payers,5
non-payment,3
non-payments,1
non-pecuniary,6
non-penetrative,1
non-philosopher,2
non-pirate,1
non-plated,7
non-plateds,1
non-policy,1
non-political,7
non-polluting,1
non-preferred,1
non-price,1
non-prison,2
non-procedural,1
non-productive,1
non-professional,1
non-professionals,1
non-qualified,1
non-qualifying,3
non-quality,2
non-racist,1
non-recognition,1
non-recoverable,1
non-reflectives,1
non-registered,1
non-registers,1
non-related,1
non-relational,2
non-relative,2
non-renewable,2
non-residential,3
non-returning,1
non-routine,1
non-runner,1
non-running,1
non-russian,1
non-security,3
non-segregated,1
non-selective,2
non-selectively,1
non-selling,1
non-sensible,1
non-sequitur,1
non-sexist,6
non-sexists,1
non-sexual,1
non-skilled,1
non-slip,2
non-smoker,17
non-smokers,6
non-smoking,4
non-specialist,1
non-specific,2
non-standard,11
non-starter,2
non-statutory,5
non-stereo,1
non-stick,2
non-stock,1
non-stop,8
non-structured,1
non-superimposable,2
non-superimposed,1
non-symmetrical,4
non-target,1
non-tax,1
non-taxpayer,10
non-teaching,2
non-technical,2
non-therapeutic,1
non-threatening,2
non-trade,2
non-trivial,2
non-u,2
non-uniform,1
non-union,2
non-unionist,1
non-unionized,2
non-urgent,5
non-use,1
non-verbal,8
non-verbally,2
non-violent,2
non-wage,5
non-white,1
non-work,4
non-worker,1
non-working,4
nonagon,1
nonce,1
nonchalant,1
noncommissioned,1
noncommittal,1
noncompliance,4
nonconformance,3
nonconforming,4
nonconformist,3
nonconformists,1
nonconformity,2
none,735
none-the-less,1
nonessential,7
nonetheless,42
nonexistence,1
nonexistent,2
noninclusion,2
nonlinear,6
nonlinearity,1
nonnie,14
nonpolitical,1
nons,1
nonsavers,1
nonsense,124
nonsensical,7
nonstop,4
noo,16
noodle,7
noodles,46
nook,4
nooks,5
nooky,1
noon,25
noonan,1
noone,1
noons,1
nooo,2
noooo,1
noose,7
nope,94
nor,310
nora,29
noraday,4
norah,7
norbert,9
norbet,2
norblast,2
norborough,1
norbury,1
nord,1
nordex,1
nordon,1
noreen,4
norfolk,86
norfolkish,1
norimin,2
norjan,1
norlan,1
norlands,1
norm,69
norma,40
normal,917
normality,11
normalized,2
normally,1161
norman,171
normandy,12
normans,3
normative,1
normax,4
norms,15
norren,2
north,1386
north-east,3
north-west,2
north-western,1
northallerton,20
northampshire,3
northampton,54
northamptonshire,15
northanger,3
northants,4
northbound,10
northbridge,1
northbrook,2
northbrooks,4
northcliffe,1
northeast,19
northeasterly,2
northeastern,1
northend,5
northeners,1
norther,1
northerly,3
northern,432
northernish,1
northfield,6
northgate,11
northing,1
northleigh,6
northolt,1
northumberland,56
northumbria,4
northumbrian,1
northward,2
northwards,2
northway,8
northwest,12
northwestern,2
northwich,5
norton,60
norvex,3
norway,60
norways,1
norwegian,64
norwegians,10
norweigy,1
norwich,121
norwick,1
norwitz,1
norwood,21
nos,1
nose,372
nose-to-nose,1
nosebleed,1
nosebleeds,4
nosed,8
noseless,1
noses,32
nosette,1
nosey,13
nosh,4
nosing,7
noss,1
nossos,2
nossy,2
nost,1
nostalgia,7
nostalgic,6
nostalgically,1
noster,1
nostril,2
nostrils,6
nosy,22
not,175400
not-out,1
not-smoking,1
nota,1
notable,12
notably,15
notary,1
notation,32
notational,1
notations,1
notch,8
notched,1
notches,4
notching,1
note,716
note-keeping,1
notebook,10
noted,104
notedly,1
notepad,2
notepaper,15
notes,477
noteworthy,2
noth,16
nothi,3
nothing,4176
nothings,4
nothingy,1
notice,873
noticeable,25
noticeably,5
noticeboard,1
noticed,508
notices,65
noticing,16
notif,1
notification,13
notifications,1
notified,25
notify,30
notifying,3
notin,1
noting,23
notion,96
notional,13
notionally,1
notions,21
notley,1
notoriety,2
notorious,13
notoriously,5
notre,2
nots,1
nott,1
notting,3
nottingham,572
nottinghamshire,148
notts,140
notwithstanding,19
nou,2
nougat,3
nought,457
noughts,13
noun,36
nouns,13
nourished,2
nourishing,1
nourishment,8
nous,2
nouv,1
nouveau,10
nouvelle,2
nov,2
nova,16
novak,2
novasports,4
nove,1
novel,121
novelist,15
novelistic,1
novelists,14
novello,1
novels,28
novelties,3
novelty,16
novem,2
november,390
novice,4
novices,1
novo,1
now,29507
nowad,2
nowadays,260
nowhere,251
nown,1
nowt,134
noxious,7
nozzle,2
ns,6
nt,2
nth,1
nu,14
nuala,1
nuance,3
nuances,6
nub,3
nuclear,197
nucleate,1
nuclei,8
nucleons,1
nucleus,40
nude,11
nudge,10
nudged,4
nudges,1
nudging,5
nudiflorum,1
nudist,1
nudity,5
nudy,1
nuffield,13
nuffing,1
nuffink,19
nugget,1
nuggets,6
nuisance,73
null,17
nullify,1
num,23
num-lock,3
numb,8
number,5526
number-wise,2
numbered,42
numbering,11
numberplate,1
numberplates,1
numbers,1111
numbness,2
numeracy,17
numeral,10
numerals,4
numerate,5
numerative,1
numerator,7
numeric,9
numerical,24
numerically,8
numerically-controlled,1
numerological,1
numerous,63
nummer,1
numskulls,1
nun,16
nuneaton,4
nunkton,1
nuns,9
nupe,26
nuptia,1
nur,4
nuremberg,2
nurofen,2
nurofin,1
nurs,1
nurse,232
nursed,7
nursemaids,1
nurseries,18
nursery,240
nurseryman,1
nurses,176
nursing,176
nurture,4
nurtured,1
nurturing,4
nuryev,1
nustafa,1
nut,67
nut-case,2
nutcase,1
nutcracker,1
nuthall,2
nutmeg,9
nutr,1
nutrene,2
nutrient,2
nutrients,13
nutriment,1
nutrition,15
nutritional,5
nutritionally,1
nutritionist,1
nutritious,3
nuts,112
nutshell,12
nuttall,3
nutter,14
nutters,2
nutterworth,3
nuttey,1
nutties,2
nutton,3
nutty,36
ny,4
nyah,2
nyasha,23
nyclopone,1
nylon,17
nylons,3
nymph,1
nympho,2
nymphomaniac,2
nymphs,2
nyoka,5
o,3449
o-b-i-t-r-y,1
o-clock,1
o-level,4
o-levels,1
o-oh,1
oadby,6
oaf,1
oak,106
oakenshaw,1
oakes,5
oakham,3
oakhouse,1
oaklahoma,2
oakland,3
oakley,12
oaks,6
oakwood,5
oaps,1
oar,11
oars,6
oarsman,1
oases,1
oasis,10
oast,1
oasthouse,3
oat,10
oatcakes,2
oates,1
oath,19
oatmeal,6
oats,28
oay,1
ob,26
oban,1
obart,2
obedience,19
obediency,1
obedient,10
oberia,1
obese,6
obesity,3
obey,35
obeyance,2
obeyed,8
obeying,5
obeys,1
obfuscation,4
obfuscators,1
obi,1
obina,1
obit,1
obituary,14
obj,1
obje,2
objec,1
object,291
objected,29
objectify,1
objecting,19
objection,191
objectionable,5
objectional,1
objections,145
objective,266
objectively,13
objectives,256
objectivity,2
objector,6
objectors,27
objects,92
obli,1
obligation,61
obligations,52
obligatory,2
oblige,6
obliged,85
obliges,2
obliging,6
obligingly,1
oblique,10
obliquely,1
obliterate,2
obliterated,7
obliv,1
oblivion,2
oblivious,7
oblong,6
obnoxious,15
oboe,7
oboes,2
obous,1
obs,2
obscene,10
obscenities,2
obscenity,3
obscurantism,1
obscurantist,1
obscure,31
obscured,11
obscures,3
obscuring,1
obscurity,5
obser,1
observa,1
observable,4
observance,1
observances,2
observant,8
observat,1
observation,75
observations,70
observatories,1
observe,50
observed,44
observer,32
observers,15
observing,17
obsessed,28
obsession,22
obsessionals,2
obsessions,2
obsessive,3
obsessively,1
obsolete,7
obsoleting,1
obstacle,9
obstacles,16
obstantial,1
obstensively,1
obstetric,4
obstetricians,5
obstetrics,4
obstinate,1
obstreperous,1
obstruct,6
obstructed,7
obstructing,7
obstruction,24
obstructionism,1
obstructions,10
obstructive,13
obtain,91
obtainable,4
obtained,70
obtaining,38
obtains,3
obtrusive,4
obtrusively,1
obv,4
obverse,1
obvi,2
obviate,4
obviou,1
obvious,456
obviously,3071
oc,4
ocadu,1
occ,2
occa,1
occam,1
occas,1
occasion,259
occasional,55
occasionally,241
occasionals,1
occasioned,1
occasions,266
occidental,1
occu,2
occult,8
occupa,1
occupancy,23
occupant,8
occupants,18
occupation,99
occupational,39
occupationally,4
occupations,18
occupiable,1
occupied,91
occupier,5
occupiers,18
occupies,11
occupy,35
occupying,13
occur,172
occurred,167
occurrence,14
occurrences,4
occurring,45
occurs,75
oce,1
ocean,98
oceanic,1
oceanographers,1
oceanography,1
oceans,15
och,137
oche,4
ochre,3
ock,4
ocken,1
ockleigh,2
oct,5
octagon,6
octane,5
octave,11
octaves,1
octavius,1
octob,1
october,377
octogenarian,1
octopi,1
octopodes,2
octopus,11
od,1
odd,796
oddbins,2
odder,1
oddish,1
oddities,3
oddity,3
oddly,23
odds,117
odds-on,2
ode,1
odem,4
odens,1
odeon,4
odious,2
odness,8
odour,12
odourless,1
odours,1
odysseus,1
odyssey,3
oedema,1
oedipal,6
oedipus,3
oestraderm,1
oestrogen,5
oestrogens,1
oestrus,1
of,152227
of-ing,2
off,12199
off-chance,3
off-colour,2
off-licence,6
off-loading,1
off-market,1
off-peak,2
off-put,1
off-putting,6
off-scouring,1
off-scourings,1
off-set,2
off-shoots,1
off-shore,1
off-site,3
off-stage,1
off-street,3
off-the-shelf,5
offal,1
offbeat,1
offcuts,1
offen,1
offence,106
offenced,1
offences,55
offencmes,1
offend,17
offended,26
offender,20
offenders,47
offending,11
offends,5
offenham,1
offense,3
offenses,14
offensive,37
offensively,4
offer,672
offered,551
offering,175
offerings,2
offers,120
offgas,1
offhand,15
offhandedness,1
offi,2
offic,3
office,1743
office-wallah,1
officer,815
officers,904
offices,235
official,210
officialdom,3
officially,48
officials,131
officiate,1
officiating,1
officious,1
offie,3
offing,3
offload,2
offloaded,1
offloading,1
offs,7
offset,46
offsets,2
offsetting,8
offshoot,4
offshore,24
offside,32
offspotulates,1
offspring,146
offsprings,3
offstage,2
oft,5
ofte,1
oftel,1
often,1821
ofwat,1
ogden,3
oggy,6
ogilvey,1
ogilveys,1
ognell,1
ogres,1
oh,52413
ohh,11
ohhh,21
ohhhh,6
ohio,3
ohm,25
ohms,32
ohne,1
ohp,1
oi,294
oih,1
oil,497
oil-rich,1
oilcan,1
oiled,3
oils,22
oilseed,1
oilskin,4
oilskins,4
oily,7
oink,1
ointment,14
ok,282
okay,11197
okayed,2
okehampton,1
okey,16
okey-cokey,4
okey-doke,34
okey-dokey,18
okeydoke,1
okimono,7
okinowa,2
ol,24
olar,1
olayan,1
old,5500
old-age,1
old-fashioned,21
old-peoples,1
old-time,1
oldbourne,1
oldbury,1
olde,3
olden,17
older,684
older-fashioned,1
oldest,76
oldfield,37
oldham,37
oldie,1
oldies,3
oldish,4
oldland,1
olds,80
oldwood,1
oldy,1
oldy-worldy,3
olfactory,1
olga,5
oliand,1
olive,49
oliver,136
olivers,1
olives,7
olivey,1
olivia,6
olivier,11
oliviers,1
olivy,1
ollie,20
olly,4
olner,1
olufsen,1
olwen,1
olympia,5
olympic,38
olympics,22
olympus,9
om,13
oman,1
omani,1
omb,1
ombu,1
ombudsman,15
omega,14
omelette,14
omelettes,3
omen,6
omens,2
ominer,2
ominor,1
ominous,6
omission,16
omissions,1
omit,7
omits,6
omitted,19
omitting,5
omni,30
omnia,1
omnibus,6
omnicompetent,1
omt,1
on,78823
on-costs,1
on-disk,1
on-going,10
on-hand,2
on-hands,1
on-ish,1
on-line,1
on-screen,1
on-site,5
on-stream,2
on-street,2
on-target,1
on-the-spot,1
onc,1
once,2544
once-great,1
oncoming,7
one,57758
one-and-a-half,2
one-another,1
one-armed,1
one-bedroom,1
one-case,1
one-day,5
one-dimensional,2
one-fifty,1
one-goal,1
one-handed,3
one-ish,2
one-legged,1
one-liner,1
one-liners,1
one-man,2
one-many,10
one-manys,1
one-o-one,2
one-o-three,1
one-o-two,1
one-off,31
one-offish,1
one-oh-four,1
one-one,29
one-page,1
one-parent,1
one-parents,1
one-shot,1
one-sided,6
one-step,2
one-third,2
one-thirty,1
one-thousand-two-hundred,1
one-time,5
one-to-one,13
one-up,1
one-way,4
one-year,1
one-year-only,1
oneish,7
oneness,1
oner,2
onerous,14
ones,3301
oneself,9
ongar,1
ongoing,85
oni,1
onies,2
onigo,2
onigohydromo,1
onigohydromonous,1
onio,1
onion,89
onions,74
onis,1
onl,5
onli,1
online,34
onlooker,2
onlookers,1
only,13731
ono,3
ons,6
onset,16
onsetter,1
onsh,1
onshore,3
onside,2
onslaught,5
onstream,1
ont,3
ontario,1
onto,986
onty,1
onus,24
onward,5
onwards,62
ony,1
onyx,2
oo,9
oodle,1
oodles,1
ooearry,1
ooer,1
oof,2
oogamyflip,1
oogie,1
oogies,1
oogifibs,1
oogypip,2
ooh,4399
oohh,2
oohing,1
oohooh,1
oohs,2
ooking,1
oompah,5
oomph,3
oooaaah,1
ooof,1
oooh,11
ooohh,1
ooooh,4
ooooooh,1
ooosh,1
oop,27
oops,138
oopsy,1
ooshi,2
ooze,5
oozed,3
oozes,4
oozing,8
op,40
opal,2
opaque,2
opcas,4
ope,3
opel,9
open,2490
open-air,1
open-cast,1
open-ended,8
open-minded,4
opencast,2
opened,469
opener,25
openers,2
openest,1
openg,1
opening,379
openings,4
openly,24
openness,12
opens,93
oper,2
oper-ish,1
opera,77
opera-ish,1
operas,10
operat,1
operate,182
operated,81
operates,41
operati,1
operatic,6
operating,235
operation,520
operational,69
operationalise,2
operationally,2
operations,154
operative,14
operatives,1
operator,49
operators,48
operettas,1
ophraelin,1
ophthalamagist,1
ophthalmic,1
ophthalmologist,1
ophthalmology,1
opiates,1
opin,1
opinion,423
opinionated,1
opinions,68
opinis,1
opium,9
ople,1
opp,12
oppenheim,1
oppo,3
opponent,15
opponents,15
oppor,1
opport,1
opportu,1
opportun,2
opportune,2
opportuni,1
opportunis,1
opportunism,1
opportunist,7
opportunistic,1
opportunists,7
opportunities,290
opportunity,782
oppos,1
opposable,2
oppose,87
opposed,141
opposes,7
opposing,58
opposite,540
opposites,8
opposition,201
oppositions,1
oppress,2
oppressed,13
oppressing,2
oppression,10
oppressive,8
oprah,1
opran,5
ops,4
opt,67
opt-in,3
opt-out,5
opted,38
opted-out,1
opters,1
optic,3
optical,21
optically,5
optician,6
opticians,4
optics,2
optimal,9
optimi,2
optimises,1
optimism,21
optimist,7
optimistic,94
optimistically,3
optimists,3
optimization,2
optimize,7
optimizes,1
optimum,9
opting,75
option,321
optional,26
options,252
opto-electronics,1
optrex,1
opts,1
or,34879
or-other,1
ora,2
oracle,23
oracular,1
oral,57
oraldene,1
orally,9
orals,2
oran,1
orange,364
orangejuice,1
orangemen,3
oranges,74
orangey,4
orangy,2
orator,3
oratorios,1
oratory,3
orb,1
orbath,1
orbathol,1
orbit,35
orbital,9
orbiting,6
orbitor,1
orbits,3
orcad,1
orcadian,22
orcadians,5
orchard,17
orchestra,44
orchestral,6
orchestras,3
orchestrate,2
orchestrated,4
orchestrating,1
orchestrators,1
orchid,4
orchids,7
ord,7
ordain,6
ordained,14
ordaining,1
ordeal,10
order,1337
order-takers,1
ordered,175
ordering,44
orderlies,2
orderly,15
orders,314
ordinance,5
ordinarily,9
ordinariness,1
ordinary,548
ordinate,1
ordinated,1
ordinates,1
ordination,10
ordinator,2
ordnance,26
ordri,1
ore,23
oregan,1
oregons,1
orelia,2
orford,4
org,8
orga,1
orgady,4
organ,90
organi,1
organic,45
organically,6
organics,4
organis,1
organisation,244
organisational,11
organisations,237
organise,72
organised,107
organiser,22
organisers,13
organises,1
organising,29
organism,57
organisms,48
organist,19
organists,1
organiz,1
organization,427
organizational,9
organizationally,1
organizations,211
organize,150
organized,241
organizer,27
organizers,16
organizes,15
organizing,82
organo-phos,1
organo-phosphates,2
organo-phospho,1
organo-phosphorus,1
organs,24
orgasm,12
orgasmic,3
orgasmo,1
orgasms,9
orgh,1
orgies,5
orgy,14
orh,1
ori,7
orien,1
orient,8
orienta,1
oriental,7
orientate,2
orientated,26
orientation,16
orientations,1
oriented,7
orienting,1
orifice,1
orig,2
origami,3
origin,52
original,498
originality,4
originally,318
originals,10
originate,9
originated,9
originates,4
originating,4
originator,3
origins,28
orin,1
orington,1
orion,22
orions,1
oritt,1
orius,3
ork,1
orkingford,1
orkney,72
orkneyisms,2
orlando,5
orleans,10
ormanroyd,53
orme,2
ormo,1
ormond,6
ormskirk,12
ornament,11
ornamental,8
ornamentation,1
ornamented,1
ornaments,20
ornate,2
ornithologists,1
ornithology,1
ornot,1
orphan,8
orphanage,5
orphaned,2
orphans,6
orpheus,3
orpington,8
orrible,1
orritor,1
ors,1
ortega,3
orthodox,17
orthopaedic,20
orthopaedics,5
orusese,1
oruval,1
orville,3
orwell,10
orwood,1
os,103
osbaldwick,4
osborn,3
osborne,6
osc,4
oscar,22
oscillated,1
oscillating,2
oscillation,2
oscillator,3
oscillators,1
oscilloscope,2
oseva,1
osier,1
osman,1
osmo,1
osmond,14
osmosis,10
osmotic,2
ospreys,4
ossie,4
ostend,2
ostens,1
ostensible,2
ostensibly,1
ostentation,1
ostentatious,1
ostentatiously,1
osteoarthritic,2
osteoporosis,11
osteoporotic,1
osterfield,1
ostler,2
ostracise,1
ostracised,1
ostracize,2
ostrich,7
ostriches,1
oswald,7
oswestry,17
ot,4
ota,1
otamy,2
otential,1
oth,54
othe,3
othel,1
other,14257
otherness,1
others,1309
otherwise,908
otiose,1
otis,3
otley,3
ots,1
ott,3
ottawa,1
otter,6
otters,5
ottery,32
ottingham,1
otto,2
ottoman,5
ottowa,1
ou,75
ouch,21
ough,5
ought,1280
oui,5
ouija,2
ould,1
ounce,32
ounces,35
our,13008
ours,657
oursel,1
ourself,19
ourselves,691
oursen,1
ouse,10
oust,2
ousted,1
ouster,1
out,24542
out-commuting,1
out-county,4
out-dated,2
out-door,1
out-going,1
out-haul,4
out-of-gear,1
out-of-order,1
out-of-school,1
out-of-town,1
out-patients,4
out-perform,1
out-price,1
out-rank,1
out-reach,2
out-sourced,1
out-sourcing,4
out-tro,1
out-wintering,1
out-work,1
outback,1
outbid,4
outbound,5
outbreak,27
outbreaks,12
outbuilding,1
outbuildings,1
outburst,9
outcast,5
outcasts,1
outclassed,1
outcome,126
outcomes,19
outcomings,1
outcry,13
outdated,11
outdo,1
outdoor,22
outdoors,13
outer,164
outer-wear,4
outers,1
outface,1
outfall,6
outfill,1
outfit,45
outfits,9
outfitter,1
outfitters,3
outflow,5
outgoing,30
outgoings,8
outgrown,1
outhouse,5
outhouses,4
outing,44
outings,9
outl,1
outlandish,1
outlaw,1
outlawed,4
outlawing,1
outlaws,1
outlay,6
outlet,17
outlets,24
outline,109
outlined,66
outlines,15
outlining,10
outlived,3
outlook,39
outlying,8
outmanoeuvred,1
outmoded,3
outnumbered,5
outpatient,5
outpatients,4
outperformed,1
outplay,1
outplayed,2
outpoint,1
outpost,1
outpouring,1
output,186
outputs,14
outputting,1
outrage,13
outraged,4
outrageous,35
outrageously,2
outrages,2
outreach,1
outright,17
outrun,2
outrunning,1
outs,45
outset,50
outsi,3
outsid,1
outside,1747
outside-out,1
outsider,12
outsiders,20
outsides,6
outsize,1
outskirts,20
outspoken,9
outspokenness,1
outstanding,137
outstandingly,4
outstay,2
outstretched,3
outstrip,2
outstripping,2
outstrips,1
outsung,1
outward,16
outwards,19
outweigh,16
outweighed,2
outweighs,7
outworkers,1
outworn,1
ov,23
oval,17
ovals,5
ovaltine,2
ovaltiney,5
ovaries,5
ovary,1
ovation,6
ovations,2
ove,6
oven,180
ovens,18
ovenware,1
over,10281
over-active,1
over-all,5
over-ambitious,1
over-amorous,2
over-budget,1
over-centralized,1
over-charged,1
over-complexity,1
over-consuming,2
over-consumption,1
over-densify,1
over-dubbed,2
over-emphasis,1
over-enthusiastic,1
over-estimate,1
over-exaggerated,1
over-excited,1
over-exposing,1
over-flying,1
over-funding,1
over-fussy,1
over-granulating,1
over-identified,1
over-imbibed,1
over-invest,1
over-investing,1
over-involvement,1
over-large,1
over-loaded,1
over-makes,1
over-occupies,1
over-optimism,1
over-optimistic,1
over-passes,1
over-protective,1
over-provide,2
over-provision,6
over-reacted,1
over-read,4
over-reading,6
over-regarded,1
over-ride,1
over-riding,2
over-ripe,1
over-rule,2
over-run,2
over-secretive,1
over-sensitive,1
over-serious,1
over-spending,2
over-spent,1
over-stimulated,1
over-stressed,1
over-stretched,2
over-supply,3
over-talking,1
over-the-counter,1
over-the-top,1
over-used,1
over-valued,1
over-view,4
over-worked,1
over-zealous,1
overa,1
overactive,3
overactivity,2
overall,406
overalls,14
overarching,1
overawed,4
overbear,1
overbearing,2
overboard,9
overbooking,1
overbuilt,1
overburdened,4
overcame,9
overcapacity,1
overcast,6
overcharge,1
overcharged,4
overcharging,1
overco,1
overcoat,7
overcoats,3
overcome,99
overcomes,1
overcometh,3
overcoming,10
overcommitted,1
overcompensated,1
overcomplex,1
overcook,2
overcooked,2
overcrowd,1
overcrowded,5
overcrowding,7
overdid,2
overdo,10
overdoing,2
overdone,6
overdose,6
overdoses,2
overdosing,1
overdraft,16
overdrafts,4
overdraught,4
overdrawn,13
overdressed,1
overdrink,1
overdriving,1
overdue,8
overeat,2
overeating,1
overeats,1
overenthusiastic,1
overestimate,1
overestimated,1
overestimates,1
overfeed,2
overfeeding,1
overfilling,1
overflow,9
overflowed,3
overflowing,14
overflows,6
overgeneralizing,1
overgrown,8
overhanging,1
overhaul,6
overhauled,2
overhauling,1
overhead,56
overheads,42
overhear,1
overheard,6
overhearing,1
overhears,2
overheating,1
overheats,4
overjoyed,3
overkill,2
overlaid,1
overland,3
overlap,59
overlapped,1
overlapping,16
overlaps,13
overlay,1
overlayed,1
overlays,1
overleaf,2
overlie,1
overload,5
overloaded,7
overloading,8
overlook,18
overlookable,1
overlooked,19
overlooker,1
overlooking,10
overlooks,2
overlowed,1
overly,9
overlying,2
overmanned,1
overmanning,1
overmuch,1
overni,1
overnight,149
overpage,1
overpaid,2
overpay,1
overpayment,1
overplayed,2
overpow,1
overpower,2
overpowered,8
overpowering,8
overpriced,3
overpricing,1
overprint,1
overprotect,1
overran,1
overrated,6
overreach,3
overreact,2
overreacting,4
overreaction,1
overridden,5
override,10
overrides,5
overriding,21
overridingly,1
overround,3
overrule,4
overruled,4
overrun,12
overrunning,1
overs,33
overseas,135
oversee,6
overseeing,2
overseen,3
overseer,3
oversees,3
oversh,1
overshadowed,4
overshadowing,1
overshadows,1
oversheeted,1
overshoot,8
overshoots,1
overshot,1
oversight,8
oversimplify,1
oversimplifying,1
oversize,1
oversized,3
overslept,4
oversold,1
overson,1
overspeculated,1
overspend,27
overspender,1
overspending,6
overspends,1
overspent,9
overspill,9
overstaff,1
overstate,3
overstated,1
overstates,1
overstating,3
overstay,1
overstayed,3
overstepped,4
overstretched,2
oversubscribed,1
oversupply,4
overt,1
overtake,50
overtaken,16
overtakes,4
overtaking,28
overthrow,16
overthrowal,1
overthrowing,12
overthrown,6
overthrows,2
overtime,185
overtired,3
overtly,5
overton,2
overtones,4
overtook,8
overtop,1
overtown,1
overture,11
overtures,3
overturn,2
overturned,13
overturning,4
overtype,2
overview,41
overviewing,1
overviews,1
overwatering,3
overweight,24
overwhelm,6
overwhelmed,22
overwhelming,36
overwhelmingly,11
overworked,5
overwrite,7
overwrites,3
overwriting,2
ovid,1
oviform,1
ovule,1
ovules,1
ovum,4
ow,244
owe,208
owed,64
owen,40
owens,3
owers,1
owes,56
owing,14
owl,26
owls,9
own,4777
own-goal,1
own-some,2
owned,172
owner,121
owner-occupation,1
owner-occupiers,5
owners,119
ownership,109
ownerships,1
owning,15
owns,80
owt,108
oww,1
owwww,1
ox,19
oxaid,2
oxaids,1
oxbridge,1
oxen,6
oxes,2
oxf,1
oxfam,53
oxford,957
oxford-based,2
oxfordshire,319
oxfordshire-based,2
oxidation,5
oxide,44
oxides,14
oxidized,2
oxidizes,1
oxidizing,1
oxo,11
oxon,5
oxos,5
oxpens,2
oxrad,3
oxy,6
oxygen,156
oxygen-making,1
oxygenate,1
oxygenated,2
oxygens,3
oy,53
oyez,6
oyster,5
oystercatcher,1
oystercatchers,1
oysters,5
oz,3
ozolas,1
ozone,21
ozone-friendly,1
ozzie,5
ozzy,4
p,3938
p-ers,1
pa,177
pa-ing,1
pac,2
pace,123
paced,2
pacemaker,2
pacers,2
paces,8
pacey,1
pacific,29
pacifically,1
pacifier,2
pacifiers,1
pacifism,1
pacifist,1
pacify,3
pacing,2
pack,432
pack-man,1
package,221
packaged,8
packages,44
packaging,52
packard,4
packed,209
packer,3
packers,1
packet,260
packeted,1
packets,86
packham,3
packing,92
packs,43
packy,1
pact,7
pacy,1
pad,131
padded,28
paddies,1
padding,10
paddings,1
paddington,42
paddle,28
paddled,1
paddles,7
paddling,8
paddock,33
paddocks,2
paddy,98
padley,2
padlock,9
padlocked,2
padlocks,4
padova,6
padre,10
pads,54
padsdown,1
paediatric,6
paediatrician,2
paediatrics,2
paedophile,1
paedophilia,3
paella,4
pagan,12
page,1422
pageant,1
pageantry,3
pageboy,1
paged,4
pager,4
pages,357
pageses,1
paginate,1
pagination,1
paging,3
pagoda,1
pah,1
pai,1
paice,1
paid,1785
paige,5
paigns,2
paignton,14
pail,13
pails,10
pain,408
paine,2
pained,1
painful,104
painfully,9
paining,1
painkiller,4
painkillers,18
painless,8
painlessly,4
pains,56
painstaking,1
painstakingly,3
paint,365
paint-peeled,1
paintbrush,7
paintbrushes,3
painted,148
painter,18
painters,8
painti,1
painting,194
paintings,38
paints,31
paintwork,12
pair,564
paired,14
pairing,13
pairings,1
pairs,133
paisley,9
paisword,1
pakefield,1
paki,11
pakis,4
pakistan,26
pakistani,17
pakistanis,8
pakkie,2
pal,48
palace,136
palaces,4
palaeontologists,5
palaeotologist,1
palaeotology,2
palais,1
palaster,1
palatable,2
palatally,1
palates,3
palatial,2
palatine,1
palaver,9
pale,100
paler,3
palestine,17
palestinian,18
palestinian-arab,1
palestinians,39
palestrena,1
palette,12
palettes,1
palex,1
paley,1
palfrey,12
palfry,11
pali,1
paling,4
pall,9
palladium,6
pallam,1
palled,1
pallet,21
palletize,7
palletized,1
palletizing,5
pallets,30
palliasse,1
palliasses,2
palliative,3
palliatives,1
palling,3
pallister,1
pallor,2
pally,3
palm,52
palma,2
palmer,10
palmers,3
palmerston,3
palmo,1
palmolive,1
palms,5
palpitati,1
palpitations,4
pals,16
palsely,1
palsey,1
palsy,7
paltry,1
paly,3
pam,166
pamela,12
pammie,2
pammy,1
pampas,2
pamper,2
pampered,1
pampers,2
pamphlet,14
pamphleteering,2
pamphlets,14
pampus,1
pampying,1
pamyet,1
pan,132
pan-eastern,2
pan-european,1
pan-pacific,1
panacea,6
panaceas,1
panache,2
panama,1
panasonic,17
panasonics,1
pancake,27
pancakes,23
pancreas,4
pancreatic,3
pand,2
panda,19
pandas,4
pandemonium,6
pander,1
pandering,7
panders,1
pandolfi,2
pandy,4
pane,5
panel,411
panelize,1
panelled,10
panelling,9
panellist,4
panels,50
panes,11
pangas,1
pangs,1
panic,79
panicked,17
panicking,31
panicky,7
panics,2
panja,3
panned,2
panniers,1
panning,4
panoply,3
panopticon,2
panorama,8
panoramic,1
pans,39
pansere,1
pansies,1
pansy,1
pantheon,1
panther,2
panties,2
pantile,1
pantiled,1
pantiles,2
panting,7
pantler,1
panto,21
pantograph,2
pantomime,76
pantomimes,16
pantos,1
pantry,23
pants,57
pantyhose,3
pap,5
papa,29
papal,2
papas,1
papay,2
pape,1
paper,2419
paperback,9
paperbacks,4
papered,15
paperhangers,1
papering,5
paperman,1
papermill,1
papers,550
paperweight,1
paperwork,81
paperworks,1
papery,1
paprika,2
papua,1
papya,3
papyras,2
par,61
para,40
parable,26
parables,15
parabola,3
parabolic,1
paracetamol,28
paracetamols,5
parachute,16
parachuted,2
parachutes,2
parachuting,1
parachutists,1
parade,68
paraded,3
parades,6
paradigm,12
paradigmatic,2
parading,7
paradise,44
paradises,2
paradiso,1
paradox,27
paradoxes,13
paradoxical,10
paradoxically,1
paraffin,20
paragon,1
paragons,1
paragraph,586
paragraphs,68
paraguay,1
paralinguistic,1
paralinguistics,7
parallel,79
paralleled,3
paralleling,1
parallelized,2
parallelogram,4
parallels,4
paralyse,4
paralysed,32
paralysing,1
paralysis,14
paralytic,2
paralytically,1
paralyze,2
paralyzed,1
paramedic,1
paramedical,2
paramedics,4
parameter,29
parameters,60
parametric,3
paramilitaries,8
paramilitary,2
paramixa,2
paramount,12
paranoia,3
paranoic,1
paranoid,35
parapet,5
paraphernalia,2
paraphrase,8
paraphrasing,2
paraplegic,1
paras,4
parasite,6
parasites,6
parasitic,1
parasitology,2
parasol,2
parasols,1
parastatal,1
paratha,7
paratroopers,5
paratyphoid,1
paraven,2
parboil,1
parc,2
parcel,100
parcelforce,1
parceliza,1
parcelization,2
parcell,6
parcelled,2
parcels,79
parched,2
parching,1
parchment,3
parchym,1
parcs,3
pard,1
pardah,2
pardon,1283
pardons,2
pare,7
pared,2
paregoric,1
paren,1
parent,277
parent-child,1
parent-governors,1
parent-teacher,1
parentage,4
parental,96
parentheses,1
parenthesis,1
parenthetically,1
parenthood,14
parenting,8
parentis,1
parents,1156
parents-in-law,5
paresis,2
parham,11
pariah,3
paricipate,3
paring,2
paris,92
parish,392
parishes,40
parishioner,1
parishioners,6
parisian,3
pariss,1
parites,3
parity,4
park,999
parked,161
parker,31
parkerknoll,2
parkers,1
parkgate,2
parkin,1
parking,230
parkinson,27
parkinsons,1
parkland,1
parks,96
parkses,2
parkside,6
parkwater,3
parkway,2
parkwell,1
parl,2
parlance,2
parlaphone,1
parleg,1
parley,1
parlez,1
parlez-vous,2
parliament,391
parliamentarian,2
parliamentarians,3
parliamentary,138
parliamentary-wise,1
parliaments,3
parlian,1
parlour,25
parmesan,5
parmolive,1
parndon,5
parnell,1
paro,1
parochial,8
parody,1
parole,7
parquet,4
parricide,1
parried,5
parrot,39
parrot-fashion,1
parroting,1
parrots,3
parrott,1
parry,8
parsing,1
parsley,16
parsnip,8
parsnips,21
parson,7
parsonage,2
parsons,16
part,3753
part-ex,1
part-load,1
part-mathematicians,1
part-owner,1
part-tenant,1
part-time,99
part-timer,4
part-timers,4
partake,8
partaken,1
partaking,1
parted,11
parthians,1
parti,4
partial,59
partial-sightedness,1
partiality,1
partially,32
partic,12
partici,1
participant,6
participants,41
participate,55
participated,11
participates,3
participating,31
participation,66
participative,2
participatory,13
participle,2
partick,4
particle,18
particles,60
particu,1
particuary,1
particul,1
particula,2
particular,2165
particularized,1
particularly,1592
particulars,27
particulary,5
particulate,4
parties,370
parting,10
partisan,7
partisans,4
partition,11
partitioned,4
partitions,6
partly,251
partner,188
partnering,1
partners,145
partnership,184
partnerships,23
parton,4
partridge,8
partridges,1
parts,658
party,2357
party-goer,1
partying,4
pas,9
pascal,16
paschendale,2
pasdas,1
pash,1
pashley,1
pass,852
pass-out,1
passable,4
passage,109
passages,22
passageway,7
passageways,2
passed,523
passeng,1
passenger,87
passengers,67
passer,2
passers,6
passes,83
passing,227
passinontide,1
passion,48
passionate,21
passionately,10
passionless,2
passions,5
passive,68
passively,3
passives,1
passivity,1
passotho,1
passout,1
passover,5
passport,40
passports,17
password,10
passwords,3
past,2988
pasta,26
pastas,2
paste,20
paste-up,2
pasteboard,1
pastel,7
pastels,2
pastely,1
paster,2
pastes,1
pasteur,9
pasteurized,2
pasteurizing,1
pastiche,3
pastie,1
pasties,11
pastille,1
pastilles,5
pastime,9
pastimes,10
pasting,2
pastor,9
pastoral,8
pastorally,2
pastorate,2
pastries,3
pastry,47
pasture,8
pastures,6
pasty,7
pat,280
patch,204
patch-up,2
patched,10
patches,45
patching,7
patchog,1
patchwork,4
patchy,19
pate,6
patefield,1
patella,3
patent,6
patented,6
patently,7
pater,1
paternalism,1
paternalistic,3
path,228
path-breaking,1
patha,2
pathay,1
pathe,3
pathephone,1
pathetic,85
pathfinder,3
pathfinders,1
pathogen,1
pathogenesis,9
pathogenic,1
pathological,8
pathologically,4
pathologist,12
pathology,9
pathos,1
paths,26
pathway,9
pathways,6
pati,1
patience,56
patient,220
patiently,11
patients,378
patinated,3
patio,50
patios,1
patisserie,1
patrese,1
patria,1
patriarch,2
patriarchal,6
patricia,22
patricians,1
patrick,127
patriot,7
patriotic,16
patriotism,2
patrol,37
patrolled,2
patrolling,11
patrols,9
patron,9
patronage,9
patronella,3
patronised,2
patronises,2
patronising,5
patronisingly,2
patronize,4
patronized,1
patronizing,7
patronizingly,1
patrons,5
pats,6
patsie,1
patsy,4
patted,3
patten,37
pattenden,1
pattering,1
pattern,369
patterned,12
patternedy,1
patterning,4
patterns,186
patterny,1
patters,1
patterson,5
patti,1
pattie,1
patting,9
pattmore,1
patton,2
pau,3
paul,1207
paula,141
paulie,42
pauline,107
paulo,2
pauls,3
pauly,8
paunch,2
pauper,5
paupers,2
pause,100
paused,9
pauses,19
pausest,1
pausing,6
pavarotti,1
pave,15
paved,11
pavel,1
pavement,79
pavements,26
pavers,4
pavia,1
pavilion,24
pavilions,1
paving,41
pavings,2
paw,17
pawls,4
pawn,12
pawnbroker,3
pawnbrokers,4
pawning,1
pawnshop,7
pawnshops,2
pawpaw,1
pawpaws,1
paws,28
paxmans,2
paxo,2
pay,3829
pay-off,3
pay-out,6
pay-outs,1
pay-round,2
paya,1
payable,65
payback,6
payday,1
payed,23
payer,36
payers,77
payers-in,1
payin,1
paying,1007
payless,1
payload,3
paymaster,14
paymasters,4
payment,232
payments,140
payne,6
paynes,2
payout,2
payouts,1
payroll,21
pays,159
payton,4
pc,6
pcs,1
pdp,1
pe,118
pea,19
pea-picking,2
peace,316
peace-keeping,3
peaceable,1
peaceful,55
peacefully,6
peacehaven,2
peacekeeping,4
peacemaker,1
peacemakers,1
peacemaking,1
peaces,1
peacetime,15
peach,50
peaches,7
peachy,4
peacock,9
peacocks,8
peahen,1
peahens,2
peak,90
peaked,6
peaking,1
peaks,15
peaky,1
peal,1
pealing,1
peano,5
peanut,25
peanuts,27
pear,40
pearce,40
pearks,1
pearl,25
pearls,13
pearly,1
pears,26
pearson,45
pearsons,6
peartree,2
pearworth,1
peas,110
peasant,262
peasantry,27
peasants,368
peasenhall,1
peasy,1
peat,33
peats,7
pebble,14
pebble-dash,2
pebble-dashed,1
pebbledashes,1
pebbles,11
pebbly,1
pec,1
pecan,2
peck,7
pecked,4
peckham,1
pecking,12
peckish,4
pecks,1
pecs,1
pecsimunkas,1
peculalalary,1
peculalaly,1
peculiar,111
peculiarities,6
peculiarity,4
peculiarly,6
pecuniary,13
ped,1
pedagogic,4
pedagogical,1
pedal,32
pedalled,3
pedalling,8
pedalos,1
pedals,4
pedantic,6
pedder,3
peddeston,1
peddle,1
peddled,2
peddler,2
peddlers,2
peddles,1
peddling,4
pedelow,1
pedestal,12
pedestr,1
pedestrian,36
pedestrianization,3
pedestrianized,1
pedestrianizing,3
pedestrians,31
pedi,1
pediatricians,1
pedicure,3
pedicures,3
pedigree,11
pedigrees,1
pediments,1
pedley,2
pedro,3
pee,36
peebles,2
peebleshire,6
peed,5
peedie,26
peeing,1
peek,4
peeking,1
peel,60
peel-off,1
peeled,8
peeler,3
peeling,14
peelings,4
peels,5
peeow,6
peep,13
peep-o,1
peepbo,2
peeper,3
peeping,15
peepo,2
peeps,2
peer,25
peerage,1
peering,2
peers,16
pees,5
peesies,1
peesy,2
peetie,1
peeved,5
pefec,1
peg,32
pegasus,2
pegged,16
pegging,9
peggity,1
peggo,1
peggy,60
pegs,46
pegswood,3
peignot,1
pejorative,1
pekin,1
pekinese,4
peking,7
pel,1
pelagic,1
pelgrin,2
pelham,4
peli,1
pelican,24
pelicans,4
pellet,4
pellets,7
pells,2
pelmet,3
pelmets,1
pelsall,1
pelt,2
pelted,2
pelting,1
pelvis,9
pembridge,1
pembroke,17
pembrokeshire,1
pen,396
pena,1
penal,5
penalise,5
penalised,9
penalising,2
penalithe,4
penalize,1
penalized,14
penalizes,1
penalizing,2
penalties,21
penaltriate,1
penaltriusm,2
penalty,135
penance,3
penang,1
penarth,1
penaton,1
pence,707
pences,5
penchant,2
pencil,191
pencilled,3
pencilling,1
pencils,31
pend,1
pendant,29
pendants,3
pendanty,1
pending,38
pendlebury,1
pendon,1
pendry,2
pendulum,17
pendulums,1
penelope,5
penetrate,15
penetrated,3
penetrates,2
penetrating,10
penetration,14
penetrative,1
penetrator,1
penfriend,1
pengate,1
penge,6
penguin,59
penguins,7
penhaligon,1
penicillin,22
peninsula,11
peninsular,2
peninsular-malaysia,1
penis,35
penises,1
penitence,1
penkin,1
penknife,5
penknives,3
penn,3
pennanians,2
penned,4
pennies,84
penniless,5
pennine,6
pennines,11
penning,1
pennorth,4
pennsylvania,3
penny,336
penny-pinching,2
pennycook,1
pennydaryn,2
pennymead,2
pennywell,2
pennyworth,7
penrhos,2
penrhyn,1
penrith,1
penrose,1
penryth,1
pens,84
penseroso,1
pension,714
pensionable,14
pensioner,108
pensioners,200
pensioning,1
pensions,226
pent,4
penta,1
pentadactyl,1
pentagon,12
pentagons,1
pentam,7
pentate,5
pentates,1
pentecost,19
pentecostal,4
penthouse,7
penthouses,1
penthurst,3
penti,2
pentiford,6
pentland,1
pentonville,3
pentrybrogan,1
penultimate,8
penventon,4
penwood,1
penzance,10
peo,26
peonies,4
peony,2
peooow,1
peop,24
peopl,1
people,21408
people-ized,1
peopled,2
peoples,86
pep,10
peper,1
peppard,7
pepper,29
peppermint,2
peppermints,3
peppers,19
peppery,1
peps,1
pepsi,8
pepys,2
per,777
peraplasmic,1
perc,4
perce,4
perceivably,1
perceive,45
perceived,55
perceives,3
perceiving,16
percent,2417
percentage,223
percentage-wise,1
percentages,40
percenters,2
perception,115
perceptions,19
perceptive,7
perceptively,1
percepts,1
perceptual,5
perceptually,1
perch,10
perchance,1
perched,7
perching,2
percival,1
percolated,1
percussion,6
percy,20
perdu,4
peregrine,2
perennial,6
perennially,1
perennials,3
perera,2
peres,4
perestroika,4
perez,2
perf,1
perfect,310
perfected,10
perfecting,3
perfection,20
perfectionist,9
perfectionists,1
perfections,1
perfectively,1
perfectly,343
perfector,1
perfects,2
perfo,1
perfor,1
perforated,4
perforation,1
perforations,1
perform,119
performa,1
performan,1
performance,375
performance-related,1
performance-wise,1
performances,35
performed,67
performer,9
performers,3
performing,61
performs,19
perfume,20
perfumed,3
perfumes,3
pergammon,2
perh,2
perha,7
perhap,1
perhaps,4607
peri,2
peril,7
perilous,1
perilously,1
perils,2
perimeter,16
perimeters,1
period,1151
periodic,8
periodical,3
periodically,13
periodicals,3
periods,118
peripatetic,2
peripheral,41
peripherals,1
periphery,13
perish,12
perishable,8
perishables,4
perished,3
perishing,4
peristalsis,1
peristroika,3
perivale,2
periwinkle,7
perjury,2
perk,7
perked,4
perkily,1
perking,1
perkins,3
perks,18
perm,50
permanence,4
permanent,183
permanently,35
permanganate,4
permeated,2
permeates,1
permed,31
permian,1
permiss,1
permissible,13
permission,219
permissions,13
permissive,4
permit,42
permitabs,2
permits,21
permitted,43
permitting,6
perms,6
permutation,1
permutations,2
pernicious,2
peroxide,5
peroxides,3
perpendicular,2
perpetrate,1
perpetrated,8
perpetrating,2
perpetrator,3
perpetrators,2
perpetu,1
perpetua,1
perpetual,10
perpetually,4
perpetuate,5
perpetuated,3
perpetuates,1
perpetuating,3
perpetuity,4
perplexed,2
perplexing,1
perplexity,1
perrie,1
perrier,5
perrin,2
perry,24
perrybar,1
pers,7
persecute,2
persecuted,11
persecutes,1
persecuting,4
persecution,9
perseverance,3
persevere,3
persevered,2
persevering,1
pershing,10
persian,6
persil,4
persist,20
persisted,7
persistence,7
persistency,1
persistent,24
persistently,7
persisting,2
person,2531
personable,3
personage,2
personages,1
personal,671
personalise,3
personalised,5
personalising,1
personalities,35
personality,127
personalization,2
personalize,3
personalized,6
personalizes,2
personalizing,4
personally,382
personals,1
personified,2
personify,1
personnel,129
persons,127
perspective,83
perspectives,4
perspex,11
perspiration,4
perspire,5
persuade,140
persuaded,67
persuader,1
persuaders,2
persuades,2
persuading,25
persuasion,25
persuasions,6
persuasive,27
persuasively,5
pert,1
pertain,2
pertained,1
pertaining,1
pertains,4
perth,20
perthshire,1
pertinent,18
perton,2
perturbation,1
perturbations,3
perturbed,5
perturbing,1
peru,5
peruse,1
perusing,1
peruvian,2
perv,2
pervading,1
pervasive,2
pervasively,1
perverse,17
perversely,2
perversion,1
perversity,2
pervert,17
perverted,3
perverts,3
perviest,2
pervy,3
perzon,1
pes,1
pesa,1
pescara,2
peseta,1
pesetas,7
peskibe,1
pessaries,5
pessimism,3
pessimist,5
pessimistic,38
pessimistically,2
pessimists,1
pest,28
pestered,3
pestering,9
pesticide,5
pesticides,14
pestilence,7
pestle,1
pests,7
pet,121
petal,10
petals,11
petard,2
pete,254
petechial,1
peter,907
peterborough,60
petered,4
peterlee,1
petermover,1
peterport,1
peters,20
petersberg,1
petersburg,4
petersfield,2
petes,1
petey,3
petie,2
petit,10
petite,12
petitgrain,1
petition,114
petitioned,3
petitioner,2
petitioners,7
petitions,23
petr,1
petra,4
petree,2
petrified,28
petro,5
petroglycan,2
petrol,323
petroleum,6
petroline,1
pets,30
petswood,3
petticoat,10
petticoats,5
pettifogging,1
pettiness,1
petting,1
pettit,1
pettitcoat,1
petts,3
petty,30
petula,7
petunia,1
petunias,1
peu,8
peugeot,31
pew,2
pews,1
pewtall,4
pewter,3
peyton,14
pfeiffer,1
pfennig,3
pfennigs,5
ph,17
pha,1
phab,1
phacili,1
phagocytes,3
phagocytic,1
phagocytosis,1
phalanxes,1
phall,1
phallic,3
phantom,18
phantoms,2
pharaoh,4
pharaohs,1
pharay,6
pharisee,4
pharisees,8
pharmaceutical,6
pharmaceuticals,1
pharmacies,3
pharmacist,1
pharmacists,9
pharmacological,2
pharmacy,5
pharros,1
pharuk,1
pharyngitis,2
pharynx,3
phase,120
phased,20
phases,27
phasi,1
phasing,20
phaw,2
pheasant,13
pheasants,25
pheew,1
phenolic,1
phenomena,18
phenomenal,18
phenomenally,2
phenomenon,26
phenylketonuria,1
pheoboric,1
phew,50
phewf,1
phhhh,1
phhor,1
phi,7
phil,384
philadelphia,13
philanderer,1
philanthropic,2
philanthropists,1
philanthropy,2
philatelic,8
philately,2
philbert,1
philharmonic,8
philip,154
philippa,1
philippe,1
philippians,3
philippine,7
philippinean,1
philippines,12
philippinos,1
philips,7
philistine,3
phill,9
phillip,52
phillipe,1
phillipinos,2
phillips,81
philomen,3
philomena,13
philoscity,1
philosit,1
philosopher,21
philosophers,15
philosophical,34
philosophically,2
philosophies,1
philosophise,1
philosophy,141
philpot,2
phils,2
phipps,2
phlebitis,2
phlegm,7
phlegmatic,1
pho,14
phobia,4
phoe,1
phoebe,9
phoenix,11
phol,4
phone,2048
phone-calls,2
phone-in,8
phonebooks,1
phonecall,1
phoned,513
phones,94
phonetic,7
phonetics,5
phoney,5
phonic,1
phonies,2
phoning,118
phonings,1
phonograph,7
phonographic,1
phonological,1
phonology,2
phoo,2
phooey,1
phorgh,2
phorr,3
phorrr,1
phos,1
phosphate,5
phosphates,1
phospholipase,3
phospholipid,3
phospholipids,3
phosphorous,3
phosphorylates,1
phosphorylation,1
phosphotadylinositol,1
photic,4
photo,128
photo-copying,1
photo-reduce,2
photoc,1
photocopiable,1
photocopied,23
photocopier,23
photocopiers,2
photocopies,5
photocopy,74
photocopying,22
photoelectric,1
photogenic,4
photograph,243
photographed,22
photographer,34
photographers,21
photographic,14
photographically,1
photographing,6
photographs,196
photography,52
photon,1
photons,1
photoreduce,1
photos,78
photostad,1
photostat,3
photostated,1
photostatted,1
photostatting,1
photosynthesis,4
phototype,4
phr,1
phrase,242
phrased,10
phraseologies,2
phraseology,22
phrases,43
phrasing,8
phrr,1
phrum,1
phrygia,1
phsycocines,1
phung,1
phworgh,25
phworr,2
phwurgh,1
phyl,10
phylis,1
phylisan,1
phyliss,1
phylli,1
phyllis,37
phys,1
physcocine,1
physi,1
physic,2
physical,276
physically,138
physician,6
physicians,2
physicist,12
physicists,8
physiclar,1
physics,151
physio,30
physiological,19
physiologically,5
physiology,2
physios,1
physiotherapist,6
physiotherapists,1
physiotherapy,24
physique,5
pi,79
pia,1
pianist,5
piano,147
pianola,1
pianos,15
piazza,2
piazzas,1
pic,14
picadilly,2
picard,1
picas,1
picasse,3
picasso,4
picc,1
piccadilly,8
piccalilli,2
pick,1826
pick-pocket,1
pick-up,9
pick-up-ey,1
pick-ups,2
pickaxe,1
picked,687
picked-on,1
picken,1
pickenham,2
picker,3
pickerham,1
pickering,7
pickers,1
picket,55
picketed,4
picketing,5
pickets,14
pickford,3
pickfords,6
picking,351
pickings,3
pickle,28
pickled,22
pickleey,1
pickles,12
pickling,1
pickpocket,1
picks,121
pickups,3
pickwick,4
picky,5
picnic,70
picnicking,1
picnics,6
picoamps,4
picosiemens,4
pics,1
pict,3
pictionary,2
pictorial,2
pictorially,1
picture,966
pictured,2
pictures,425
picturesque,3
picturesqueness,1
picturist,1
picturists,1
pid,1
piddington,2
piddle,2
piddley,1
piddling,3
piddly,1
pie,238
piec,1
piece,1252
piece-meal,1
piecemeal,5
pieces,562
piecework,12
pied,2
piedmont,3
piedmontese,1
pier,36
pierce,5
pierce-right,1
pierced,10
pierces,2
piercing,7
piercingly,1
pierhead,1
pierre,4
piers,8
pies,98
piety,1
pig,150
pige,1
pigeon,59
pigeon-toed,1
pigeoncote,1
pigeonholes,2
pigeons,66
pigged,4
piggeries,2
piggies,3
pigging,16
piggledy,1
piggot,1
piggott,13
piggy,19
piggyback,3
pigheaded,1
piglet,4
piglets,1
pigment,2
pigments,2
pigmere,1
pigs,94
pigskin,4
pigsty,5
pigstys,1
pigtails,4
pike,1
pikelets,1
pikemen,1
pikes,2
pikey,8
pil,2
pilate,62
pilau,10
pilbeam,1
pilce,2
pilchards,5
pile,171
piled,28
piles,47
pilfer,1
pilferage,1
pilfering,3
pilg,1
pilgrimage,11
pilgrimages,1
pilgrims,4
piling,13
pilkington,1
pilkingtons,3
pill,49
pillaged,2
pillar,17
pillars,25
pillboxes,2
pillion,2
pillions,2
pillock,13
pillories,1
pillow,42
pillowcases,3
pillows,30
pills,73
pilot,82
piloted,3
piloting,2
pilots,27
pils,15
pilton,3
pimlico,1
pimp,1
pimpernel,1
pimping,1
pimple,3
pimples,1
pimps,1
pin,128
pinafore,3
pinball,1
pinch,68
pinchbetter,1
pinched,68
pinches,8
pinching,31
pincushion,1
pinder,1
pindown,3
pine,47
pineapple,33
pines,4
pinewood,1
pinfarthings,1
ping,10
ping-pong,3
pinge,2
pinged,1
pinger,1
pinging,1
pings,1
pingu,2
pining,2
pinion,3
pink,377
pinka,1
pinkerton,1
pinkey,1
pinking,2
pinkish,3
pinkness,1
pinko,1
pinks,4
pinky,17
pinky-mauvey,1
pinmill,7
pinn,4
pinnacle,4
pinnacles,1
pinned,28
pinner,4
pinnies,3
pinning,9
pinny,11
pinocchio,2
pinpoint,10
pinpointed,5
pinpointing,2
pinprick,1
pins,57
pinscher,1
pint,193
pinta,1
pinter,3
pinters,1
pinting,1
pints,109
piny,1
pioneer,13
pioneered,11
pioneering,9
pioneers,15
pious,7
pip,26
pipe,178
pipe-laying,1
pipe-smoker,1
pipe-work,2
piped,4
pipeline,35
pipelines,1
piper,17
pipers,10
pipes,109
pipette,9
pipework,2
pipeworks,1
piping,16
pippa,3
pipped,2
pippin,2
pipping,2
pips,25
pipsqueak,3
piquant,1
piracy,4
piranha,1
piranhas,1
pirate,19
pirated,4
pirates,10
pirins,1
pirouetting,1
pis,1
pisa,51
pisan,1
pisceans,1
pisces,2
piscod,1
piscoscophy,3
piss,158
pissed,184
pisser,1
pisses,16
pissing,24
pissy,5
pistachio,5
pistachios,1
piste,11
pistes,1
pistol,10
pistols,6
piston,13
pistons,7
pit,239
pitch,163
pitchblende,2
pitched,24
pitcher,2
pitches,35
pitchfork,3
pitchforks,1
pitching,6
pitchum,1
pitfall,5
pitfalls,9
pitiable,1
pitiably,1
pitied,3
pitieth,1
pitiful,8
pitifully,1
pitlochrie,2
pitlochry,2
pitman,8
pitmans,1
pitmen,1
pitney,1
pits,110
pitsaw,3
pitsea,1
pitsfield,1
pitt,1
pitta,3
pittance,12
pitted,3
pitters,1
pitting,4
pittsburg,1
pittstops,1
pitty,1
pituitary,2
pity,189
pivot,5
pivotal,4
pivots,1
pix,1
pixel,2
pixels,4
pixie,5
pixon,1
pixons,8
piz,1
pizza,154
pizzahut,1
pizzaland,3
pizzarama,5
pizzas,52
pizzazz,1
pizzeria,1
pizzicato,1
pl,23
pla,21
placard,4
placards,3
placate,3
placated,2
place,3855
placebo,2
placed,180
placement,33
placements,24
placenta,4
places,958
placet,1
placeth,1
placid,2
placing,32
plages,3
plagiarised,1
plagiarism,1
plague,24
plagued,5
plagues,2
plai,1
plaice,13
plaid,2
plain,270
plainfield,3
plainly,23
plainness,2
plains,2
plaintiff,217
plaintiffs,102
plais,1
plaisirs,1
plaistow,1
plaistowe,1
plait,4
plaited,2
plaiting,2
plaits,2
plan,1793
planarlipid,2
plane,205
planed,2
planer,1
planes,80
planet,64
planetary,3
planets,46
planing,1
plank,22
plankers,1
planking,4
planks,17
plann,1
planned,214
planner,24
planners,47
planning,1267
planning-led,1
plans,544
plant,346
plant-in,1
plantain,3
plantar,1
plantation,14
plantations,6
planted,54
planter,1
planters,1
plantin,1
planting,45
plants,221
plaque,31
plaques,4
plarty,1
plas,3
plas-y-dre,3
plaseth,5
plasma,11
plasta,1
plaster,84
plasterboard,4
plastered,13
plasterers,2
plastering,9
plasters,15
plasterwork,1
plastic,316
plasticey,2
plasticine,33
plasticity,1
plasticize,1
plastics,19
plasticy,4
plat,2
plate,309
plateau,3
plateauing,1
plated,22
plateful,2
platelet,4
platelets,1
platers,1
plates,130
platform,152
platforms,40
plating,9
platinum,8
platitudes,1
plato,34
platon,1
platonic,8
platoon,5
platt,4
platten,1
plattening,1
platter,1
platypus,2
plausible,15
plax,1
play,2671
play-back,1
play-group,1
play-off,2
play-offs,1
play-time,1
playable,1
playback,30
playbacks,2
playboy,5
playbus,9
playbuses,1
playdo,1
playdoh,5
played,715
player,257
players,225
playful,3
playfully,1
playground,42
playgrounds,4
playgroup,23
playgroups,4
playhouse,48
playi,1
playing,1147
playmates,1
playmobile,2
playoff,1
playpen,2
playroom,6
plays,262
playschemes,1
playschool,27
playthings,1
playtime,7
playtimes,1
playwright,8
playwrights,2
playwrite,2
plaza,1
plazas,2
plc,4
ple,8
plea,41
plead,28
pleaded,44
pleading,20
pleadings,21
pleads,7
pleas,7
pleasance,2
pleasant,159
pleasanter,1
pleasantest,1
pleasantly,11
pleasantness,1
pleasantries,1
please,3760
pleased,583
pleases,12
pleaseth,6
pleasing,22
pleasurable,9
pleasure,229
pleasures,7
pleat,3
pleated,9
pleating,4
pleats,6
plebs,3
pleck,10
plectrum,5
pledge,13
pledged,10
pledges,6
pledging,1
pleesure,1
plen,2
plenary,1
plent,1
plenteous,1
plentiful,8
plenty,630
plessey,6
plethora,3
pleurisy,2
plexus,1
pliable,3
plicata,1
plied,2
plielle,1
pliers,13
plight,33
plimsoll,3
plimsolls,9
plinters,1
plinth,4
plisner,2
plo,1
plod,5
plodder,1
plodding,2
plon,1
plonk,16
plonked,6
plonker,28
plonkers,3
plonking,5
plonks,2
plonney,2
ploomp,1
ploose,1
plop,8
plopped,1
plopping,1
plot,128
plots,18
plotted,12
plotter,2
plotters,2
plotting,21
plough,57
ploughed,30
plougher,1
ploughing,40
ploughman,6
ploughmans,1
ploughmen,4
ploughmens,1
ploughs,10
ploughshares,1
plowden,2
ploy,14
ployed,1
ployees,1
ploys,2
plu,4
pluars,2
pluck,20
plucked,9
plucking,6
plucky,1
plug,180
plug-hole,2
plug-in,1
plugged,35
plugging,10
plughole,3
plugs,47
pluit,1
plum,31
plumb,8
plumbed,2
plumber,37
plumbers,10
plumbing,23
plumbings,1
plummer,1
plummeted,1
plummeting,1
plump,9
plumped,3
plumpish,1
plumpness,1
plums,15
plumtree,7
plundering,2
plunge,6
plunged,6
plungers,1
plunges,1
plunging,2
plunk,1
plural,42
pluralism,1
pluralist,3
pluralistic,1
plurality,1
plurally,1
plurals,4
plus,1491
pluses,21
plush,4
plusky,2
plusses,2
pluto,11
plutonium,11
pluvious,1
ply,9
plying,1
plymouth,85
plywood,10
pm,14
pneuma,2
pneumatic,8
pneumatics,1
pneumoconiosis,2
pneumonia,19
pneumonic,1
po,82
po-po,2
poach,11
poached,19
poacher,3
poachers,2
poaching,6
pob,1
pockedy,1
pocket,345
pocketed,1
pockets,81
pocklington,5
pocot,1
pod,6
poddington,2
poddle,2
poddled,1
podge,2
podged,4
podger,1
podgy,7
podium,5
pods,9
poem,161
poems,65
poet,61
poetic,10
poetical,1
poetically,1
poeticisms,2
poetry,67
poets,15
pogey,1
pogo,2
pogrom,1
pogroms,1
poi,9
poignant,5
poin,6
poindexter,3
poinged,1
poinsettia,1
point,6950
pointed,173
pointedly,1
pointer,18
pointers,1
pointing,106
pointless,34
pointon,1
points,1194
poirot,8
pois,1
poise,1
poised,2
poison,50
poisoned,14
poisoning,35
poisonous,25
poisons,7
pok,1
poke,32
poked,7
poker,14
pokers,1
pokes,2
pokey,1
poking,17
poky,4
pol,8
poland,42
polar,10
polarised,4
polarity,9
polarization,2
polarizers,1
polaroid,6
pole,81
polecat,1
polehill,4
polemic,1
polenier,4
poleniers,5
poles,38
polgreen,1
poli,11
polic,4
police,1930
police-y,1
policed,4
policem,1
policeman,229
policemen,84
polices,2
policewoman,2
polici,1
policies,597
policing,59
policy,2310
policy-making,2
poling,1
polio,11
polish,160
polished,44
polisher,8
polishers,10
polishes,3
polishing,37
polit,3
politburo,1
polite,63
politely,19
politeness,1
politer,1
politic,14
political,736
politically,78
politicals,1
politician,47
politicians,119
politicise,2
politicised,1
politicized,3
politicking,1
politics,222
polity,2
polka,2
poll,266
pollack,3
polled,8
pollen,6
pollens,1
pollet,1
pollinate,1
pollinating,1
polling,20
pollitzer,2
pollitzers,3
pollock,3
polls,19
pollsters,1
pollums,1
pollutant,1
pollutants,1
pollute,5
polluted,15
polluter,2
polluters,2
polluting,6
pollution,130
pollutions,1
polly,40
polo,59
polo-neck,1
polonaise,2
polos,26
poltergeist,2
poly,34
poly-cotton,1
poly-foam,2
poly-tunnel,1
poly-wrap,1
polyamide,2
polyandry,2
polyanthus,1
polycarbonate,1
polycell,4
polyester,7
polyethylene,2
polyfilla,2
polygamy,2
polygon,12
polygons,7
polygynous,1
polygyny,2
polymer,3
polymers,2
polymorphously,1
polynesian,1
polyneuritis,2
polypropylene,2
polyripple,6
polysacride,1
polysacrulite,2
polysacurised,1
polystyrene,13
polysyllabic,1
polytech,2
polytechnic,39
polytechnics,3
polytechnique,1
polytheism,2
polytheistic,1
polythene,22
polyunsaturated,1
polyunsaturates,2
pom,2
pom-poms,1
pomerance,3
pomme,1
pomona,1
pomp,6
pomposity,2
pompous,11
ponce,3
ponch,8
poncho,1
poncing,2
pond,108
ponder,5
pondered,2
pondering,1
ponderosa,2
pondoes,2
ponds,47
pondsfield,3
pong,12
pongo,2
pongs,2
pongy,2
ponies,39
ponses,1
ponsonshow,1
pontefract,2
pontepool,5
pontificate,4
pontificates,1
pontificating,4
pontins,6
pontius,10
pontoon,8
ponty,2
pontypool,3
pony,65
ponytail,3
poo,58
pooch,2
pooches,1
poodle,3
poodles,1
poodling,1
poody,1
pooed,6
pooey,11
pooey-wooey,1
poof,14
poofs,1
poofter,7
poofters,2
poofy,2
pooh,9
pooh-poohed,3
pooh-poohing,1
poohed,1
pooing,1
pool,242
poole,45
pooled,4
pooling,2
pools,76
poom,1
poonds,2
pooof,1
poop,2
pooped,1
poor,1043
poorer,51
poorest,27
poorhouse,4
poorly,87
pop,429
pop-in,1
pop-ons,2
pop-up,3
popalub,2
popcorn,25
pope,25
popelo,1
poperian,1
popes,1
popeye,2
poplar,6
poplars,1
poplington,2
popoloff,2
popov,1
poppa,2
poppadom,6
poppadoms,7
popped,70
popper,1
popperian,1
poppers,7
poppet,19
poppies,10
popping,53
poppins,3
poppleton,3
poppy,23
poppycock,2
pops,50
popsey,22
popsy,1
populace,4
populants,1
popular,283
popularity,14
popularization,1
popularized,1
popularizing,2
popularly,3
populat,1
populate,2
populated,15
populating,1
population,463
populations,39
populist,2
populists,1
populous,2
populus,1
por,5
porcelain,5
porch,46
porches,3
porchester,1
pore,1
pores,11
porgh,1
pork,95
porkies,2
porky,7
porn,8
porno,14
pornographic,5
pornography,9
pornos,1
porous,4
porridge,43
porridges,1
porsche,31
porsches,3
porshe,6
port,131
porta,2
portabello,2
portable,54
portables,9
portacabins,1
portadown,2
portagil,1
portakabin,2
portakabins,4
portcullis,2
portents,1
porter,25
porterfield,1
portering,2
porters,13
porteswell,1
portfolio,29
portfolios,8
porthmadog,30
porthneal,1
porthole,1
portholes,4
portillo,14
porting,1
portion,44
portioned,1
portions,20
portis,1
portland,3
portly,2
portmadoc,1
portmahan,1
portman,2
portmanteau,1
portmeirion,1
portobello,12
portra,1
portrait,58
portraits,12
portraiture,2
portray,11
portrayal,5
portrayed,20
portraying,7
portrays,2
ports,21
portslade,4
portsmouth,127
portugal,31
portugese,1
portuguese,12
portvale,3
pos,8
posa,2
pose,29
posed,30
poser,7
posers,1
poses,4
posh,139
posher,1
poshest,1
poshy,1
posi,2
posies,3
posing,17
posish,1
positi,1
position,1353
positional,18
positioned,14
positioning,8
positions,91
positive,669
positive-but-need-to-be-paid-for-it,1
positively,64
positiveness,1
positives,8
positivist,1
positivistic,2
posits,1
posix,4
posix-compliant,2
poss,14
posse,1
posses,1
possess,27
possessed,12
possesses,12
possessing,3
possession,63
possessions,22
possessive,8
possi,1
possib,2
possibil,1
possibili,1
possibilities,81
possibility,370
possible,1525
possibles,2
possibly,911
post,860
post-apartheid,3
post-compulsory,1
post-contract,1
post-evaluation,1
post-experience,1
post-graduates,1
post-impressionism,1
post-impressionist,2
post-its,1
post-lunch,1
post-maastricht,1
post-menopausal,1
post-mortem,2
post-natal,8
post-olympic,1
post-primary,2
post-retirement,1
post-sixteen,2
post-synaptic,1
post-trauma,1
post-traumatic,1
post-two,1
post-void,3
post-war,11
postage,44
postages,1
postal,81
postally,1
postals,1
postbags,1
postbox,2
postcard,40
postcards,37
postcode,26
postcodes,3
postdated,1
posted,41
poster,87
posterity,14
posters,67
postexperience,1
postgrad,2
postgraduate,8
posthumous,2
posthumously,2
posting,24
postman,85
postmaster,1
postmen,5
postmistress,1
postmodern,1
postnatal,3
postoperative,7
postpone,1
postponed,28
postponement,1
postponements,1
postponing,3
posts,111
postscript,5
postsynaptic,1
postulate,2
postulated,2
posture,18
postwar,1
postwoman,3
posy,2
pot,245
pota,1
potable,6
potage,1
potash,2
potassium,52
potat,1
potato,160
potatoes,322
potatoey,1
potell,1
poten,1
potency,4
potent,22
potential,382
potentialities,7
potentiality,1
potentially,120
potentials,7
potention,1
potently,1
potful,2
potherbs,10
pothole,6
potholes,3
potholing,1
potion,10
potions,4
pots,86
potsdam,1
pott,1
pottall,1
potted,12
potter,92
potterer,1
potteries,1
pottering,7
potters,2
pottery,43
potting,5
pottled,1
potts,31
potty,68
pou,13
pouch,8
pouches,5
pouf,2
pouff,1
pouffe,3
poufs,1
poult,1
poultices,1
poultries,1
poultry,22
poun,5
pounce,7
pounced,2
pound,3408
poundage,1
pounded,2
pounder,7
pounding,7
poundless,1
pounds,5939
poundstretchers,3
pour,99
poured,61
pourer,1
pouring,100
pourris,1
pours,8
pout,4
pouting,2
pouty,1
pov,1
poverty,132
pow,14
powder,107
powdered,11
powderized,1
powderless,1
powders,5
powdery,5
powell,42
power,1351
power-crazy,1
power-wise,1
powerboat,5
powerboating,1
powerbroking,1
powered,17
powerful,160
powerfully,5
powerfully-built,1
powerhouse,2
powering,3
powerjets,2
powerless,13
powerlessness,3
powers,222
powys,3
pox,21
poxy,22
ppp,1
pr,92
pra,9
prac,7
practi,2
practic,1
practicable,5
practical,282
practicalities,12
practicality,4
practically,131
practically-minded,1
practicals,2
practice,642
practices,101
practicising,1
practise,91
practised,22
practises,3
practising,73
practitioner,11
practitioners,12
praetorium,1
pragmatic,19
pragmatically,2
pragmatism,5
pragmatist,9
pragmatists,5
pragnance,1
prague,9
prairie,3
prairies,1
praise,76
praised,8
praises,6
praising,4
pram,45
prams,10
prancing,4
prang,1
pranged,1
prank,1
pranks,1
pranny,1
pranting,1
pras,1
prat,50
prater,1
prats,3
pratt,19
pratted,1
pratting,2
prattle,6
prattler,1
prattlers,1
prattling,6
pratts,1
pratty,1
prawl,1
prawn,59
prawns,28
pray,109
prayed,14
prayer,104
prayers,42
praying,35
prays,2
pre,59
pre-accident,1
pre-addressed,1
pre-adult,1
pre-allocated,1
pre-appraisal,1
pre-arranged,2
pre-assessment,2
pre-associations,1
pre-boil,1
pre-booked,2
pre-candidate,1
pre-christian,1
pre-columbian,1
pre-compile,1
pre-concert,1
pre-condition,1
pre-conditioned,1
pre-conference,1
pre-congress,2
pre-conscious,3
pre-cook,1
pre-course,2
pre-crew,1
pre-cum,1
pre-cursor,1
pre-delegates,1
pre-delivery,1
pre-developed,1
pre-disposition,1
pre-educated,1
pre-eighty,2
pre-election,2
pre-element,1
pre-elementary,1
pre-eminent,4
pre-empt,1
pre-enquiry,3
pre-estimate,1
pre-evangelism,1
pre-existed,1
pre-existing,1
pre-first,1
pre-game,1
pre-imposed,1
pre-judge,3
pre-judgements,1
pre-l,1
pre-latest,1
pre-literate,1
pre-maintenance,1
pre-map,1
pre-match,1
pre-med,3
pre-medication,1
pre-meeting,6
pre-meetings,1
pre-membership,1
pre-menstrual,2
pre-natal,3
pre-nationalization,2
pre-nursing,1
pre-occupation,1
pre-occupied,2
pre-pa,1
pre-pack,5
pre-packed,4
pre-packs,7
pre-paid,6
pre-plan,1
pre-planned,2
pre-planning,1
pre-play,1
pre-poll,1
pre-prep,3
pre-prepared,7
pre-printed,4
pre-process,3
pre-processing,2
pre-programmed,1
pre-puberty,1
pre-qualify,1
pre-qualifying,1
pre-raphaelite,1
pre-raphaelites,6
pre-raphealites,1
pre-recorded,3
pre-release,3
pre-retirement,6
pre-revolutionary,1
pre-roman,2
pre-school,6
pre-season,3
pre-set,4
pre-shift,1
pre-show,1
pre-standing,1
pre-structural,2
pre-suppliers,1
pre-suppose,1
pre-supposes,1
pre-tax,5
pre-term,2
pre-training,1
pre-vehicle,1
pre-vocational,1
pre-war,16
pre-warned,1
pre-washed,1
pre-wedding,1
pre-west,2
pre-wrapped,1
preach,23
preached,14
preacher,28
preachers,11
preaches,2
preaching,35
preachments,1
preamble,13
preambles,1
prebiotic,9
prebonderance,1
precarious,7
precast,1
precaution,9
precautionary,2
precautions,31
precede,1
preceded,12
precedence,13
precedences,2
precedency,3
precedent,31
precedents,6
precedes,4
preceding,10
preceiv,1
precept,7
precepted,2
precepting,1
precepts,1
precinct,20
precincts,1
precio,1
precious,43
preciously,2
precipice,2
precipitantly,2
precipitate,4
precipitated,2
precipitates,2
precipitating,4
precipitation,3
precis,8
precise,91
precisely,172
preciseness,1
precising,1
precision,26
precisioning,1
preclud,1
preclude,13
precluded,4
precludes,8
precluding,2
precocious,1
precompile,1
precon,1
preconceived,4
preconception,1
preconceptions,1
precondition,1
precursor,3
precursored,1
precursors,1
predates,3
predator,8
predators,5
predatory,1
predecess,1
predecessor,19
predecessors,9
predesigned,1
predestined,1
predetermined,3
predi,1
predicament,14
predicated,3
predict,47
predictability,1
predictable,13
predictably,1
predicted,36
predicting,12
prediction,24
predictions,27
predictive,2
predictor,1
predicts,4
predisposed,3
predisposition,3
predominance,4
predominant,10
predominantly,22
predominate,3
predominated,2
predominately,4
predominates,2
preem,1
preempt,9
preempted,3
preempting,2
preemption,1
preemptive,1
preempts,2
preening,3
prees,1
pref,3
prefab,4
prefabricated,1
prefabs,2
preface,12
prefaced,4
prefect,2
prefects,1
prefer,370
preferable,20
preferably,40
preference,110
preferences,19
preferential,10
preferentially,2
preferment,3
preferred,100
preferring,3
prefers,17
prefix,4
preg,1
preggy,1
pregnance,1
pregnancies,4
pregnancy,36
pregnant,196
pregnence,1
prehistoric,2
prejudge,11
prejudged,1
prejudging,2
prejudice,50
prejudiced,18
prejudices,20
prejudicial,13
prejudicing,6
prelavent,2
prelim,1
preliminaries,2
preliminary,45
prelude,4
prem,4
premature,38
prematurely,5
premeditated,2
premenstrual,2
premenstrually,1
premeren,2
premier,66
premiere,13
premiered,2
premiership,5
premise,22
premises,182
premiu,1
premium,225
premiums,110
pren,1
prenominal,1
prentice,1
prenton,1
preoccupation,8
preoccupations,4
preoccupied,7
preordained,1
prep,37
prepa,1
prepackage,1
prepackaged,1
prepacked,2
prepacks,1
prepaid,1
prepar,1
preparation,161
preparations,17
preparatory,6
prepare,150
prepared,742
preparedness,3
prepares,15
preparing,110
preponderance,1
preposition,1
preposterous,3
prepping,3
preps,1
prepubescent,1
prequalification,4
prerequisite,4
prerequisites,2
prerogative,12
prerogatives,2
pres,14
presage,1
presaged,1
presants,1
presbyterian,10
presbyteries,19
presbytery,16
prescot,5
prescott,24
prescotts,1
prescribe,10
prescribed,39
prescribes,3
prescribing,5
prescription,80
prescriptions,14
prescriptive,3
prese,2
presen,1
presence,110
present,1249
presentable,7
presentation,306
presentations,72
presented,206
presenter,17
presenters,7
presentic,1
presenting,66
presently,50
presents,237
preservation,31
preservative,2
preservatives,3
preserve,41
preserved,33
preserver,1
preserves,3
preserving,25
presided,5
presidency,47
president,835
presidente,1
presidential,35
presidents,24
presiding,7
presley,7
presnareburn,1
press,1018
pressed,118
presses,22
pressie,7
pressies,2
pressiness,1
pressing,91
pressure,748
pressure-sensitive,2
pressured,9
pressures,129
pressuring,2
pressurise,3
pressurised,3
pressurising,1
pressurize,5
pressurized,10
pressurizing,2
pressy,1
prestatyn,3
prestbury,4
prestel,4
prestige,30
prestigious,21
prestley,1
presto,9
preston,35
prestos,1
prestwich,1
prestwick,2
prestwych,1
presu,1
presum,4
presuma,2
presumab,1
presumably,502
presume,156
presumed,12
presumes,4
presuming,11
presumption,28
presumptions,4
presumptuous,5
presuppose,1
presupposes,11
pret,1
pretence,1
pretences,2
pretend,129
pretended,14
pretender,2
pretending,48
pretends,18
pretensions,1
pretentious,7
pretentiously,1
preternatural,1
pretext,4
preto,1
pretoria,3
pretrial,1
prettied,1
prettier,9
prettiest,3
prettiness,3
pretty,1464
pretzel,1
prev,2
preva,1
prevail,8
prevailed,6
prevailing,7
prevails,6
prevalence,1
prevalent,9
prevaricate,1
prevarication,2
preve,1
preven,1
prevent,173
preventable,5
preventative,25
prevented,34
preventing,42
prevention,94
preventional,1
preventions,1
preventive,6
prevents,23
preview,26
previewing,1
previews,3
previous,543
previously,220
prewar,1
prewarn,1
prey,14
preyed,2
preying,2
prezzie,2
pri,16
price,1313
price-wise,1
priced,38
priceless,4
prices,594
pricey,13
pricing,44
prick,34
prickable,1
pricked,12
pricking,1
prickle,3
prickles,2
prickling,2
prickly,9
pricks,4
pricy,1
pride,92
prides,4
priest,65
priest-like,1
priestess,1
priestley,7
priestly,2
priests,25
priggishness,1
prim,5
prima,15
primal,17
primaletta,1
primaries,1
primarily,123
primary,375
primate,1
primates,2
primchet,1
prime,326
primed,4
primely,1
primer,1
primers,1
primes,3
primeval,3
priming,1
primitive,29
primitives,1
primmer,6
primness,1
primo,1
primrose,3
primroses,5
primula,2
prin,5
princ,3
prince,135
princely,1
princes,16
princess,88
princesses,1
princeton,1
princetown,1
princey,1
princi,1
principae,1
principal,106
principally,39
principals,12
principia,1
principle,353
principled,3
principles,121
prindon,1
pringle,2
prinny,2
print,310
print-out,1
print-wise,1
printed,162
printer,123
printerly,1
printers,31
printi,1
printing,143
printout,22
printouts,4
prints,39
prior,24
priori,1
priorities,135
prioritisation,1
prioritise,4
prioritised,7
prioritising,1
prioritization,1
prioritize,13
prioritized,2
prioritizes,1
prioritizing,3
priority,255
priors,1
priory,13
pris,1
priscilla,1
prise,1
prised,2
prism,1
prisma,1
prison,250
prisoner,85
prisoners,72
prisons,31
prissy,1
pristine,8
pritt,3
priv,2
privacies,1
privacy,36
privas,1
privat,1
privatation,1
private,718
privately,67
privates,3
privations,1
privatisation,26
privatise,7
privatised,13
privatising,2
privatization,110
privatizations,1
privatize,15
privatized,19
privatizing,8
privet,6
privilege,48
privileged,45
privileges,10
privy,4
prix,23
prize,175
prize-winning,1
prized,1
prizes,80
prizewinner,1
prizewinners,1
pro,112
pro-active,21
pro-am,1
pro-aristide,1
pro-chancellor,2
pro-democracy,2
pro-dictatorship,1
pro-european,1
pro-forma,2
pro-iranian,2
pro-israel,1
pro-italian,1
pro-level,1
pro-liberal,1
pro-peasant,1
pro-rata,5
pro-sentence,1
pro-social,10
pro-timeshare,1
pro-whitehall,1
proact,1
proactive,4
proactively,1
prob,25
proba,6
probab,4
probabil,1
probabilities,14
probability,72
probable,17
probably,6066
probate,10
probates,1
probation,60
probationary,10
probationer,7
probationers,3
probations,2
probe,32
probed,5
probem,1
probes,8
probing,12
probity,8
probl,1
proble,1
problem,3605
problema,1
problematic,15
problematical,3
problematised,1
problems,2282
probs,4
probus,2
proc,2
procaine,1
proce,4
procedural,20
procedurally,2
procedure,396
procedures,364
proceed,139
proceeded,25
proceeding,41
proceedings,72
proceeds,35
process,858
processed,28
processes,125
processing,144
procession,16
processions,5
processor,37
processors,16
proclaim,9
proclaimed,1
proclaiming,5
proclaims,2
proclamation,2
procrastination,2
procrastinator,1
procreation,1
procta,1
proctor,9
procurator,1
procure,2
procured,2
procurement,7
procuring,2
prod,8
prodding,3
prodigal,9
prodigious,1
produ,4
produc,3
produce,657
produced,447
producer,29
producers,45
producery,1
produces,90
producing,206
product,606
production,515
productions,27
productition,1
productiv,2
productive,75
productively,4
productivity,113
productory,1
products,407
prof,5
profaine,1
profane,1
profe,4
profecting,1
profess,9
professed,3
professes,1
profession,90
professional,367
professionalised,1
professionalism,10
professionalists,1
professionally,27
professionals,64
professions,15
professor,239
professors,11
proffered,1
proficiency,7
proficient,5
proficiently,1
profile,94
profiles,6
profiling,2
profit,388
profit-making,1
profit-related,1
profitability,24
profitable,56
profitably,3
profiteering,1
profiteroles,2
profiting,1
profitization,1
profits,209
profligacy,2
profligate,1
proform,6
proforma,2
profound,37
profoundest,1
profoundly,8
profu,1
profuse,1
profusedly,1
profusely,10
profusion,1
prog,4
progenitor,1
progeny,1
proggie,3
progility,1
progna,1
progno,1
prognosis,9
prognostic,12
progr,3
progra,2
program,95
programing,1
programmable,3
programme,1363
programmed,22
programmer,14
programmers,21
programmes,288
programming,23
programs,49
progress,304
progressed,32
progresses,5
progressing,36
progression,31
progressive,54
progressively,22
progressives,2
progressivism,4
proguanin,1
prohib,1
prohibit,4
prohibited,9
prohibition,15
prohibitions,4
prohibitive,9
proje,3
project,898
projected,32
projecting,10
projection,37
projectionists,2
projections,65
projector,19
projectors,2
projects,262
projectural,1
projecty,1
prolapse,1
proletarian,1
proletariat,7
proliferating,1
proliferation,6
prolific,2
prolifically,1
prologue,6
prolong,6
prolonged,10
prolonging,3
prom,16
promatch,1
promberton,1
promena,1
promenade,11
prominence,10
prominent,55
prominently,4
promiscuity,1
promiscuous,2
promise,201
promised,150
promises,85
promising,38
promissory,1
promo,1
promote,140
promoted,52
promoter,8
promoters,2
promotes,13
promoting,74
promotion,132
promotion-wise,1
promotional,10
promotionals,1
promotions,24
prompt,36
prompted,27
prompting,9
promptings,1
promptly,23
prompts,8
proms,2
promulgate,2
promulgated,5
promulgations,1
pron,1
prone,22
prong,3
pronged,5
prongs,7
proni,1
pronoun,15
pronounce,39
pronounceable,1
pronounced,37
pronouncement,1
pronouncements,4
pronounces,1
pronouncing,4
pronouns,7
prontaprint,1
pronto,5
pronunciation,19
pronunciations,2
proof,164
proofed,11
proofs,18
prop,32
propaganda,42
propagandist,2
propagate,1
propagated,4
propagating,1
propagation,3
propane,12
propanol,1
propate,4
propel,2
propelled,1
propeller,4
propellers,2
propelling,1
propenes,1
propensity,7
proper,778
properly,756
properties,184
property,463
prophecies,2
prophecized,1
prophecy,12
prophesying,2
prophet,18
prophetic,6
prophets,5
propitious,1
propo,1
propolactic,1
proponents,2
proportion,246
proportional,41
proportionality,5
proportionally,1
proportionate,5
proportionately,15
proportioned,4
proportions,23
proports,1
proposal,347
proposals,496
propose,242
proposed,448
proposedly,1
proposer,10
proposers,4
proposes,32
proposing,165
proposition,68
propositions,7
propounded,1
propped,7
propping,3
proprietary,24
proprietibus,1
proprietor,5
proprietorial,1
proprietors,3
propriety,7
proprinter,2
props,17
propulsion,1
propylene,1
pros,21
proscribe,1
proscript,1
proscriptions,1
prose,15
prosecute,16
prosecuted,35
prosecuting,12
prosecution,58
prosecutions,17
prosecutor,8
prosecutors,2
proselytes,1
proselytize,1
prosepene,1
prosing,1
prosody,1
prospec,1
prospect,100
prospecting,22
prospective,65
prospectively,3
prospectives,1
prospects,78
prospectus,10
prospectuses,1
prosper,10
prospered,2
prospering,1
prosperity,35
prosperous,17
prostate,4
prostatectomy,1
prostatic,1
prosthesis,1
prosti,1
prostitu,1
prostitute,31
prostitutes,18
prostitution,28
prostrate,2
prot,3
protagonist,1
protagonists,1
prote,1
protean,1
protec,2
protect,265
protected,93
protecting,59
protection,360
protectionism,76
protectionist,5
protections,2
protective,43
protector,6
protects,22
protein,58
proteins,16
protest,97
protestant,14
protestants,12
protestations,3
protested,24
protester,4
protesters,13
protesting,19
protestors,22
protests,21
proto-ovum,1
protocol,22
protocols,4
proton,10
protons,19
prototype,13
prototypes,4
protra,1
protrac,1
protracted,5
protraction,1
protractor,34
protractors,3
protrude,1
protruding,3
protrusion,1
proud,204
prouded,1
proudest,2
proudly,12
proust,67
prout,3
prov,3
provarian,1
prove,210
proved,146
proven,43
provence,11
proverb,4
proverbial,6
proverbs,10
proves,30
provi,6
provid,2
providal,1
provide,911
provided,466
providence,5
provident,40
providential,4
provider,21
providers,33
provides,139
providi,1
providing,441
province,21
provinces,20
provincial,24
provincialism,1
proving,33
provis,1
provision,561
provisional,38
provisionally,8
provisioning,3
provisions,103
proviso,15
provisos,2
provivo,1
provocation,2
provocative,8
provocatively,1
provoke,16
provoked,12
provokes,2
provoking,6
provost,17
provosts,1
prowess,7
prowl,1
prowlers,1
prowling,3
proximate,1
proximity,16
proxy,3
proz,1
prozac,31
pru,10
prudence,10
prudent,30
prudential,14
prudently,5
prudery,1
prudish,1
prue,2
pruject,1
prum,1
prune,12
pruned,4
pruners,1
prunes,3
pruning,16
prunus,1
prurgh,1
prus,1
prussia,26
prussian,4
prussians,1
pry,5
pryer,1
pryers,1
ps,258
psalm,14
psalmist,1
psalms,2
pschyo-motor,1
psephologists,1
pseudo,1
pseudo-membrane,3
pseudo-penis,4
pseudo-scientific,1
pseudo-scrotum,1
pseudo-tudor,1
pseudonym,2
pseudonyms,2
pshht,1
pshoow,1
psoriasis,2
psshoooow,1
psst,1
psy,4
psych,4
psyche,2
psyched,3
psychedelic,4
psychia,1
psychiat,1
psychiatric,19
psychiatrist,15
psychiatrists,4
psychiatry,10
psychic,6
psyching,2
psycho,14
psycho-darwin,1
psycho-history,7
psychoan,1
psychoanaly,1
psychoanalyse,4
psychoanalyses,1
psychoanalysing,2
psychoanalysis,70
psychoanalyst,3
psychoanalysts,5
psychoanalytic,21
psychoanalytical,5
psychoanalytically,1
psychocentric,6
psychocentrics,4
psychographic,2
psychol,2
psychological,93
psychological-el,1
psychologically,16
psychologie,4
psychologist,36
psychologistic,2
psychologists,15
psychology,117
psychometry,1
psychopath,4
psychopathic,5
psychoplasm,1
psychoses,1
psychosis,1
psychosomatic,4
psychothera,1
psychotherapeutic,2
psychotherapist,2
psychotherapy,5
psychotic,1
psychotics,3
pt,3
pterodactyl,3
pterodactyls,1
ptew,2
ptong,1
pu,87
pub,480
pube,1
puberty,9
pubes,6
pubescent,1
pubgoers,1
pubic,8
publ,3
publi,1
public,1743
publica,1
publican,4
publicans,4
publication,53
publications,32
publicise,6
publicised,9
publicising,1
publicist,1
publicity,205
publicize,10
publicized,14
publicizing,2
publicly,43
publics,2
publicum,1
publiscation,1
publish,50
publishable,1
published,229
publisher,19
publishers,29
publishes,4
publishing,78
publisly,1
pubs,96
puck,5
pucker,4
pucky,1
pud,8
puddang,1
pudding,213
puddings,56
puddle,7
puddled,1
puddler,1
puddles,11
puddlewick,1
puddling,2
puddy,7
puds,1
pudsey,6
puerilely,1
puerto,1
puff,21
puffed,12
puffer,5
puffing,9
puffins,1
puffs,9
puffy,4
pugh,2
pugwash,1
puis,1
puke,12
puked,3
pukey,2
puking,4
pukka,1
pull,754
pull-in,1
pulled,391
pullens,1
pullets,1
pulley,16
pulleys,5
pulling,251
pullman,1
pullover,6
pullovers,3
pulls,74
pulmonary,14
pulne,1
pulp,11
pulpit,6
pulpits,1
pulsar,4
pulsating,3
pulse,43
pulses,8
pulsing,1
pulverized,3
pum,1
puma,2
pumi,1
pumice,1
pump,139
pumped,23
pumping,30
pumpkin,1
pumpkins,1
pumps,45
pun,11
punc,2
punch,96
punch-line,1
punch-paper,1
punch-up,1
punch-ups,1
punchball,1
punched,13
punches,2
punchestown,1
punchier,2
punching,12
punchline,1
punchlines,2
punchy,7
punct,1
punctilious,1
punctual,3
punctuality,7
punctuate,3
punctuated,2
punctuating,1
punctuation,35
punctuational,1
punctuationalist,1
punctuationist,1
punctuationists,1
punctuations,2
puncture,18
punctured,5
punctures,4
puncturing,1
pundit,1
pundits,2
pungent,1
punget,1
punguin,2
punguon,2
punish,28
punishable,1
punished,26
punisher,3
punishes,3
punishing,9
punishment,53
punishments,4
punitive,8
punity,1
punjab,5
punjabi,7
punk,8
punks,1
punky,2
punned,1
punny,1
puns,1
punt,4
punter,13
punters,23
puny,2
pup,7
pupation,1
pupil,100
pupil-teacher,1
pupil-teachers,1
pupils,209
puppet,18
puppeteer,1
puppeting,1
puppets,5
puppies,19
puppy,50
pups,3
pur,8
purcell,3
purch,1
purchase,156
purchased,35
purchaser,21
purchasers,7
purchases,21
purchasing,61
pure,146
purebred,1
puree,3
purely,215
purest,4
purgatory,3
purge,2
purged,2
purging,1
puriance,1
purification,5
purified,6
purifies,2
purify,2
purifying,3
purist,1
purists,2
puritan,11
puritanical,3
puritanism,1
puritans,1
purity,14
purl,5
purley,3
purlin,2
purloined,1
purner,2
purp,1
purple,122
purples,1
purpley,2
purply,6
purport,5
purported,3
purportedly,1
purporting,2
purpose,461
purpose-built,4
purposed,1
purposeful,4
purposefully,3
purposely,21
purposes,219
purse,89
purses,7
pursuance,3
pursue,125
pursued,40
pursues,4
pursuing,54
pursuit,26
pursuits,6
purveyed,1
purveyors,1
purview,3
pus,8
pusey,8
push,545
push-bike,4
push-pull,1
pushbike,17
pushch,1
pushchair,38
pushchairs,2
pushed,233
pusher,2
pushes,45
pushiest,1
pushing,238
pushkas,1
pushover,1
pushovers,1
pushy,9
puss,30
pussies,2
pussy,94
pussycat,6
pussycats,2
pussyfoot,2
puste,1
put,17024
put-down,1
put-u-up,2
putney,4
putrefying,1
puts,359
putt,1
putta,1
putten,7
putter-in,1
putter-off,1
putting,1590
putts,1
putty,12
puzzle,43
puzzled,26
puzzlement,1
puzzles,22
puzzling,11
pvc,3
pwooooh,1
pwooor,2
pwurgh,1
pye,9
pygmalion,5
pygmies,5
pygmy,2
pyjama,5
pyjamas,66
pylons,4
pym,1
pyo,1
pyon,4
pyons,5
pyracantha,4
pyramid,12
pyramids,4
pyramint,3
pyrenees,9
pyres,1
pyrex,10
pyroma,1
pyromaniac,1
pyrton,3
pythagoras,24
python,3
pythonish,1
pythons,1
pzazz,1
q,491
qq,3
qs,2
qu,35
qua,10
quack,44
quackers,3
quacking,1
quacks,1
quad,10
quadling,4
quadrangle,1
quadrant,2
quadrate,1
quadratic,7
quadrilat,1
quadrilateral,4
quadrilaterals,3
quadrilles,2
quadruped,1
quadrupedal,2
quadruple,6
quadrupled,2
quadrupling,1
quaff,1
quag,1
quagmire,1
quail,3
quaint,4
quaintly,1
quaintness,1
quake,4
quaker,10
quakered,1
quakers,11
quakerwake,1
quakes,5
quaking,2
qual,4
quali,5
qualif,2
qualifat,1
qualification,82
qualifications,96
qualified,152
qualifier,4
qualifiers,1
qualifies,10
qualify,70
qualifying,44
qualitated,2
qualitating,1
qualitative,34
qualitatively,4
qualitators,1
qualities,55
quality,1032
quality-wise,1
qualm,1
qualms,6
quan,4
quand,1
quandary,1
quango,16
quangos,12
quant,1
quantas,17
quanti,1
quantick,3
quantifiable,4
quantification,1
quantified,12
quantifier,2
quantifiers,1
quantifies,1
quantify,17
quantifying,3
quantisation,1
quantitated,1
quantitative,26
quantitatively,2
quantities,49
quantity,101
quantization,1
quantum,21
quar,2
quarantine,8
quarantined,1
quark,4
quarks,7
quarrel,10
quarrelled,1
quarrelling,2
quarrels,5
quarrier,1
quarries,33
quarry,146
quarrying,3
quart,12
quarte,1
quarter,1165
quarter-finals,2
quarter-past,1
quarter-past-five,1
quarter-past-three,1
quarter-to-eleven,1
quarter-to-one,1
quarterback,2
quartered,6
quarterly,29
quartermains,1
quartermast,1
quartermaster,5
quartermasters,2
quarterpounder,3
quarters,242
quartet,1
quartets,1
quartile,1
quarts,9
quartz,3
quasar,6
quasars,1
quashed,1
quasi,1
quasi-government,1
quasi-sensuous,2
quate,1
quaver,10
quavers,22
quay,52
quayle,5
quays,4
quayside,1
que,17
queasy,1
queen,363
queenie,26
queens,53
queensbank,1
queensborough,1
queensbury,10
queensferry,5
queensgate,1
queenstown,1
queensway,3
queer,34
quel,2
quell,4
quelle,3
quelque,1
quench,1
quenches,1
quent,1
quentin,1
queried,9
queries,49
query,64
querying,7
ques,4
quest,13
quester,1
questin,1
questio,1
question,3310
question-mark,1
questionable,12
questioned,43
questioner,5
questioney,1
questioning,46
questionnaire,109
questionnaires,36
questions,1594
quests,2
queu,1
queue,134
queued,8
queueing,1
queues,12
queuing,24
qui,30
quibble,13
quibbling,5
quiche,16
quiches,2
quick,1016
quick-fire,1
quick-fix,4
quicken,1
quickened,2
quickening,2
quickens,1
quicker,192
quickest,20
quickie,12
quickly,918
quickness,1
quickprint,2
quicks,1
quicksave,5
quicksilver,1
quicksoup,3
quickspend,4
quid,1064
quids,12
quiet,551
quieten,5
quietened,8
quieter,25
quietest,3
quietly,126
quietness,2
quiff,8
quiffs,12
quill,3
quilling,1
quilt,16
quilting,4
quilts,7
quinine,18
quinn,4
quinnen,1
quintet,1
quinton,1
quintsimple,1
quip,1
quips,1
quir,1
quirk,1
quirks,3
quirrinelle,4
quit,22
quite,10889
quites,2
quits,1
quitting,2
quiver,1
quivering,2
quivers,1
quix,6
quiz,115
quizzes,9
quizzing,1
qule,1
quoick,8
quoits,23
quorn,4
quota,25
quotas,13
quotation,40
quotations,28
quote,363
quoted,110
quoter,1
quotes,112
quotient,8
quotients,6
quoting,42
r,1865
ra,108
raaa,4
raargh,2
rab,3
rabbara,1
rabbi,12
rabbit,130
rabbit-infested,1
rabbiting,4
rabbits,51
rabbitting,2
rabble,9
rabi,1
rac,5
race,346
race-course,2
racecourse,20
racecourses,3
raced,14
racehorse,4
racehorses,9
raceline,1
racemic,6
racenate,3
racer,2
racers,1
races,59
racetrack,20
rach,15
rachael,38
rachel,79
rachmanite,1
rachobites,1
racial,33
racialism,1
racially,2
racing,200
racism,28
racisms,1
racist,34
racists,2
rack,51
racked,1
racket,34
racketeering,2
rackets,5
rackhams,5
racking,27
racks,6
raconteur,1
racquel,2
racquet,5
racquets,4
rad,5
rada,5
radah,2
radar,27
radars,4
radburn,2
radcliff,1
radcliffe,40
raddle,8
radford,12
radi,1
radial,12
radials,6
radian,1
radians,2
radiant,1
radiated,2
radiating,2
radiation,53
radiator,80
radiators,31
radical,99
radicalism,3
radicalization,11
radicalized,1
radicalizing,2
radically,23
radicals,10
radio,813
radio-active,2
radioactive,16
radioactively,1
radioactivity,11
radioastronomy,2
radioed,1
radiogram,3
radioing,1
radiolarians,2
radiological,2
radiologists,1
radiology,2
radion,1
radios,26
radiotherapy,8
radishes,1
radium,9
radius,25
radlett,1
rado,1
radon,7
radox,1
rads,2
radstock,3
raeburn,1
rael,2
raf,20
raff,1
raffia,1
raffle,101
raffled,2
raffles,17
rafsanjani,1
raft,9
rafter,1
rafters,5
rafting,1
rafts,4
rag,45
raga,6
ragamuffin,1
ragansberg,1
ragbag,1
rage,27
raged,3
rages,1
ragged,12
ragger,8
raggers,6
ragging,2
raging,22
ragnar,1
rags,12
ragtime,1
ragworm,1
ragworms,1
rah,1
rai,10
raid,61
raided,6
raider,1
raiders,5
raiding,2
raids,21
rail,277
railcard,2
railed,1
railers,1
railfreight,2
raili,1
railing,5
railings,17
railnews,1
railroad,1
railroaded,1
rails,43
railton,1
railwa,1
railway,334
railwayman,3
railwaymen,4
railways,123
railworkers,1
rain,482
rainbow,45
rainbows,2
raincoat,11
raindrops,3
rained,34
rainer,2
raineth,1
rainfall,14
rainforest,38
rainforests,11
rainham,2
rainhead,1
rainhill,3
raining,127
rainman,2
rainproof,1
rains,34
rainwater,7
rainworth,3
rainy,11
raisa,1
raise,427
raised,453
raiser,2
raisers,4
raises,54
raisin,7
raising,199
raisins,22
raison,1
raj,1
rajput,1
rak,1
rake,23
raked,4
raking,2
rakings,3
raleigh,3
raleighs,1
rallied,2
rallies,13
rally,50
rallying,1
ralph,29
ram,7
ramadan,3
ramble,11
rambled,1
ramblers,11
rambles,3
rambling,12
ramblings,1
rambly,1
rambo,7
rames,1
rameses,1
ramesh,2
ramifications,8
rammed,11
ramming,2
rammore,1
rammy,1
ramones,1
ramos,1
ramp,16
rampage,4
rampaged,1
rampaging,3
rampant,9
rampart,1
ramprakash,1
ramps,12
rampton,4
rampway,1
ramrodded,2
rams,2
ramsay,3
ramsbottom,3
ramsden,2
ramsey,3
ramseys,2
ramsgate,4
ramshackle,2
ramsthorpe,1
ran,418
ranch,8
ranching,4
rancour,1
rand,7
randal,1
randall,6
randiest,1
randolf,1
random,46
randomized,1
randomly,8
randomness,1
randy,12
rang,418
range,634
ranged,14
ranger,5
rangers,31
ranges,27
rangeworthy,2
ranging,38
rank,79
ranked,2
ranker,2
rankin,1
ranking,7
rankles,1
ranks,32
ransacked,1
ransackly,1
ransom,22
rant,2
ranted,4
ranters,3
ranting,2
rantings,1
rantzen,6
raoul,4
rap,28
rapacious,1
rapacity,2
rape,106
raped,56
rapes,7
rapeseed,2
raphael,4
raphall,1
rapid,53
rapidity,1
rapidly,135
rapids,7
rapier,5
raping,10
rapist,16
rapists,2
rapped,2
rapper,4
rapping,3
rapport,15
rapporteur,1
raps,2
rapt,1
raptou,1
rapture,1
raptures,1
rar,4
rare,140
rareapple,1
rarebit,3
rarely,92
rarer,4
rarest,6
rargh,1
raring,5
rarity,7
ras,1
rascal,5
rascally,1
rascals,3
raschid,2
rasen,1
rash,35
rashers,1
rashes,5
rashira,1
rasing,1
raspberries,5
raspberry,20
rasping,1
rasps,1
rasta,3
rastafarian,4
rastafarians,1
rat,46
rat-arsed,2
rata,2
ratable,1
rataseed,1
ratatouille,6
ratbag,2
ratbags,2
ratchet,6
ratcheting,1
ratcliffe,1
rate,929
rate-payers,1
rateable,16
rated,14
ratepayer,2
ratepayers,4
rates,501
rath,5
ratheby,3
rather,2174
rathlesholm,2
ratification,9
ratified,5
ratify,10
ratifying,3
rating,33
ratings,18
ratio,116
ration,30
rational,76
rationale,15
rationalisation,3
rationalise,3
rationalised,2
rationalising,2
rationalism,1
rationality,7
rationalization,8
rationalize,11
rationalized,2
rationalizing,5
rationally,5
rationals,3
rationed,19
rationing,17
rations,9
ratios,28
ratiu,1
ratner,1
ratners,4
rato,1
rats,48
rattigan,1
ratting,2
rattle,20
rattled,10
rattles,6
rattling,15
rattly,1
ratty,4
rauf,2
raunchiest,1
rava,1
ravage,1
ravaged,3
ravager,1
ravages,3
rave,38
raved,1
raveish,1
ravelston,2
raven,7
ravenous,2
ravens,1
ravenscraig,3
ravenshead,2
raves,2
ravey,2
ravi,1
raving,14
ravished,1
ravishing,1
raw,116
rawcliffe,2
rawhide,2
rawified,1
rawish,1
rawling,3
rawlings,4
rawlplug,3
rawness,1
rawplugs,2
ray,198
rayburn,1
raymond,130
rayner,9
rayners,19
raynes,1
raynor,3
rays,15
razed,3
razor,29
razorbill,1
razors,3
razz,1
razzle,3
razzmatazz,3
rd,1
re,531
re-absorbed,1
re-adjust,1
re-affirm,1
re-aligned,2
re-allocated,2
re-amending,1
re-applied,1
re-apply,1
re-arrange,4
re-arranged,1
re-arranging,1
re-artexing,1
re-assemble,2
re-assess,1
re-assessment,2
re-awaken,1
re-balance,2
re-bend,1
re-boxed,1
re-brick,1
re-budget,1
re-build,4
re-building,3
re-built,1
re-buy,1
re-case,1
re-cement,1
re-charge,1
re-checked,2
re-circulated,1
re-claim,2
re-coat,1
re-coated,1
re-combination,1
re-combined,1
re-commissioned,1
re-commissioning,1
re-communicate,1
re-connected,1
re-consider,1
re-construct,1
re-coopered,1
re-costed,1
re-count,1
re-cover,3
re-coverall,1
re-create,1
re-credited,1
re-cut,3
re-cutting,1
re-cycling,1
re-date,1
re-dated,1
re-debating,1
re-decorated,1
re-dedication,1
re-delegated,1
re-designed,1
re-development,1
re-directed,1
re-do,6
re-doing,4
re-done,2
re-draft,3
re-drafted,1
re-draw,4
re-drawing,4
re-drawn,1
re-dress,1
re-dressing,1
re-educate,1
re-education,1
re-elected,10
re-election,11
re-emerge,1
re-emergence,1
re-emphasise,1
re-employed,3
re-employment,11
re-enact,3
re-enacted,1
re-enacting,2
re-enforcing,1
re-engage,1
re-engaging,1
re-enlightened,1
re-establish,4
re-established,3
re-establishing,2
re-establishment,2
re-estimating,1
re-evaluate,1
re-evaluated,1
re-evaluation,1
re-examination,5
re-examine,2
re-examined,3
re-examining,1
re-fashion,1
re-felt,1
re-fill,1
re-filled,1
re-filling,2
re-fire,1
re-fit,8
re-fits,2
re-fitted,3
re-fitting,1
re-flued,1
re-flueing,1
re-focused,1
re-forestation,2
re-fought,1
re-freeze,1
re-fuel,1
re-furbish,2
re-furbished,1
re-generation,1
re-graded,1
re-grading,1
re-graduated,1
re-grouted,1
re-habilitation,1
re-hang,1
re-hashing,1
re-heat,1
re-heeled,1
re-house,2
re-housing,1
re-iced,1
re-ignited,1
re-in,1
re-incarnation,1
re-input,2
re-inquired,1
re-inserted,1
re-instate,1
re-institute,1
re-instituted,1
re-insurance,2
re-interpretation,1
re-interpreting,1
re-introduce,3
re-introduced,1
re-introduces,1
re-invent,1
re-inventing,2
re-issue,10
re-issued,1
re-issuing,5
re-join,1
re-keyboarded,1
re-label,1
re-laid,1
re-lau,1
re-launch,1
re-launched,2
re-lay,2
re-letting,1
re-line,1
re-lined,1
re-lining,2
re-live,2
re-look,3
re-looking,3
re-make,1
re-marriageable,1
re-married,3
re-marzipanned,1
re-match,1
re-modernized,1
re-mug,1
re-name,1
re-named,1
re-nationalize,1
re-nationalizing,1
re-negotiate,2
re-numbering,2
re-occurred,1
re-occurring,3
re-offend,1
re-offending,4
re-offer,2
re-open,7
re-opened,6
re-opening,3
re-order,1
re-ordering,2
re-organisation,1
re-organise,1
re-organised,2
re-organizing,1
re-orientate,2
re-orientated,1
re-orientation,8
re-paint,1
re-palleted,1
re-palleting,1
re-palletize,1
re-palletizing,1
re-phrase,3
re-phrased,1
re-phrasing,1
re-potting,3
re-prescription,1
re-prescriptions,1
re-present,3
re-presents,2
re-printed,1
re-programming,3
re-protect,1
re-puttied,1
re-putty,1
re-qualify,1
re-question,1
re-rationalised,1
re-read,4
re-recorded,1
re-reduced,1
re-register,2
re-registered,1
re-registrations,1
re-rehearsing,1
re-relate,1
re-released,1
re-relocating,1
re-retrieve,3
re-roo,1
re-roofing,1
re-route,2
re-run,9
re-runs,1
re-s,1
re-sale,2
re-sample,1
re-sand,1
re-scales,1
re-scheduled,1
re-seating,1
re-secure,2
re-secured,2
re-sell,2
re-services,1
re-set,1
re-settle,1
re-shape,1
re-shuffle,1
re-sit,7
re-site,1
re-siting,2
re-skilling,1
re-snogged,1
re-sold,1
re-spray,1
re-stacked,1
re-stock,1
re-stress,1
re-submit,1
re-supply,2
re-surface,1
re-surfacing,1
re-synchronize,2
re-take,4
re-taking,3
re-team,1
re-tell,2
re-telling,2
re-test,4
re-testing,1
re-thaw,1
re-think,6
re-thinking,1
re-thought,1
re-thread,2
re-tiling,3
re-title,1
re-train,1
re-training,2
re-turfed,1
re-type,1
re-typed,1
re-understand,1
re-unification,1
re-unions,1
re-use,12
re-used,3
re-using,4
re-utilize,1
re-visit,2
re-vote,3
re-wind,5
re-wire,2
re-wiring,2
re-word,1
re-work,1
re-wound,3
re-writ,1
re-write,6
re-writing,2
re-written,6
re-wrote,2
re-zed,1
rea,37
reab,1
reabsorb,1
reach,324
reached,187
reaches,45
reaching,73
react,113
reactants,1
reacted,7
reacting,27
reaction,271
reactionary,11
reactions,59
reactivate,1
reactive,46
reactivity,1
reactor,24
reactors,22
reacts,20
read,2712
read-me,2
read-out,1
readable,12
readathon,3
readdress,2
reader,53
readers,77
readership,4
readerships,1
readier,1
readies,4
readily,61
readiness,7
reading,847
readings,26
readjust,2
readjusted,2
readjustment,1
readjustments,1
readjusts,1
readme,1
readout,1
reads,74
ready,1374
ready-cut,1
ready-made,5
ready-rubbed,2
reaf,1
reaffirm,6
reaffirmed,4
reaffirming,3
reafs,1
reagan,22
reaganomics,1
reagents,1
reakstead,1
real,1610
real-life,3
real-time,2
reali,5
realignment,1
realis,2
realisation,3
realise,316
realised,86
realises,5
realising,17
realism,9
realisms,1
realist,1
realistic,117
realistical,1
realistically,23
realists,1
realities,16
reality,240
realizable,1
realization,22
realize,611
realized,266
realizes,22
realizing,34
reall,4
reallocate,5
reallocated,2
reallocates,1
reallocation,3
really,17914
realm,18
realms,8
reals,2
realways,1
ream,2
reams,5
reap,9
reaped,4
reaper,10
reapers,2
reaping,6
reappear,2
reappeared,2
reappears,4
reapply,3
reappointed,1
reappraisals,1
reappraise,2
reaps,2
rear,70
reardon,2
reared,2
rearing,8
rearmament,1
rearrange,24
rearranged,12
rearrangements,2
rearranges,1
rearranging,8
rearrested,1
rears,2
reas,4
reason,1890
reasonable,584
reasonableness,4
reasonably,251
reasoned,7
reasoning,28
reasons,773
reass,1
reassemble,3
reassert,5
reasserting,1
reassertion,1
reassess,5
reassessed,11
reassessing,2
reassessment,3
reassigned,3
reassurance,25
reassurances,7
reassure,29
reassured,8
reassures,1
reassuring,15
reath,1
rebate,16
rebates,6
rebating,1
rebaya,1
rebecca,128
rebel,14
rebelled,3
rebelling,3
rebellion,13
rebellious,6
rebels,30
rebidding,1
rebind,1
rebirth,2
reblocked,1
rebo,3
reboot,3
rebooted,5
reborn,3
rebound,6
rebounded,3
rebounds,1
rebuffed,1
rebuild,25
rebuilding,18
rebuilds,2
rebuilt,28
rebuke,6
rebuked,3
rebukes,1
rebuking,4
rebul,1
rebut,1
rebuttal,2
rebuttals,1
rec,19
reca,1
recalcitrant,3
recalculated,1
recalculates,2
recalculation,5
recalibrate,1
recall,289
recalled,8
recalling,7
recalls,6
recap,14
recapping,1
recapture,2
recaptured,6
recaptures,1
recce,1
rece,2
reced,1
recede,1
receded,2
recedes,2
receding,6
recei,1
receipt,110
receipted,1
receipts,69
receivable,1
receivables,1
receive,395
received,482
receiver,34
receivers,14
receivership,11
receives,34
receiving,153
recenate,1
recent,376
recently,621
recentralization,2
reception,115
receptionist,32
receptionists,5
receptions,2
receptive,12
receptor,16
receptors,7
recess,11
recessed,1
recesses,2
recession,210
recessionary,6
recessions,6
recessive,8
recessives,2
rech,1
recharge,8
rechargeable,4
recharged,3
recharges,4
recharging,6
recheck,6
rechecked,1
rechecking,2
recherche,19
reci,1
recidivism,1
recipe,67
recipes,23
recipient,12
recipients,6
recipitents,1
reciprocal,19
reciprocate,3
reciprocating,2
recirculate,2
recirculated,1
recital,3
recitals,1
recitation,1
recite,11
recited,1
recites,1
reciting,5
reck,2
reckless,10
recklessly,1
recklessness,1
recko,1
reckon,935
reckonable,8
reckoned,60
reckoning,11
reckons,93
reclaim,8
reclaimed,10
reclaiming,1
reclamation,1
reclassified,1
reclassifying,1
recline,3
reclined,1
reclining,1
reclu,1
recluse,1
reco,2
recode,2
recodified,1
recog,1
recogni,1
recognisable,10
recognisably,1
recognisance,1
recognise,244
recognised,79
recognises,12
recognising,30
recognition,146
recognizable,5
recognize,247
recognized,123
recognizes,31
recognizing,49
recollect,23
recollection,23
recollections,10
recollectors,1
recolleters,2
recollettas,1
recomen,1
recomme,1
recommen,2
recommence,1
recommend,226
recommendatin,1
recommendation,252
recommendational,1
recommendations,237
recommended,154
recommending,56
recommends,17
recompe,1
recompense,8
recompensed,3
recomposed,1
recon,2
reconcilable,2
reconcile,16
reconciled,5
reconciles,1
reconciliate,1
reconciliation,25
reconciliations,3
reconciling,6
recondition,1
reconditioned,5
reconditioning,2
reconditions,1
reconfigurations,1
reconnaissance,17
reconnected,2
reconnection,2
reconnoitre,2
reconnoitring,1
recons,1
reconsider,16
reconsideration,5
reconsidered,3
reconsidering,2
reconsiders,1
reconstituted,2
reconstruct,9
reconstructed,6
reconstructing,2
reconstruction,14
reconstructions,1
reconvene,13
reconvened,1
reconversion,1
reconvert,1
reconverting,1
recor,8
record,1092
record-breaking,2
recorded,319
recorder,181
recordering,1
recorders,24
recording,582
recordings,50
recordist,1
records,279
recordwise,1
recorporate,1
recount,8
recounted,2
recounts,1
recoup,13
recoupment,2
recourse,4
recover,74
recoverable,4
recovered,52
recoveries,6
recovering,21
recovers,1
recovery,102
recr,2
recre,1
recreate,14
recreated,5
recreates,2
recreating,5
recreation,65
recreational,12
recreationally,1
recrimination,2
recrimination-wise,1
recriminations,7
recruit,57
recruited,28
recruiter,3
recruiters,6
recruiting,57
recruitment,83
recruitments,1
recruits,24
rectangle,9
rectangles,2
rectangular,7
recti,1
rectification,1
rectified,7
rectifier,3
rectify,12
rectifying,2
rectilinear,1
rectitude,1
rector,8
rectory,6
rectum,2
recuperate,2
recuperated,1
recuperating,3
recuperative,1
recur,3
recurrence,29
recurrences,9
recurrent,10
recurring,16
recurs,1
recy,1
recyclable,7
recycle,15
recycled,48
recycling,137
red,1425
red-coated,1
red-faced,1
red-haired,1
red-hot,2
red-lipped,1
red-nosed,1
redback,1
redbreast,2
redbridge,3
redca,1
redcoat,1
redcu,1
redcurrant,1
redcurrants,2
redden,1
redder,3
redding,1
reddish,7
redditch,31
reddy,2
redecorate,3
redecorated,6
redecorating,2
redecoration,2
rededication,2
redeem,29
redeemed,7
redeemer,6
redeeming,4
redefine,3
redefined,3
redefining,1
redemption,20
redeploy,1
redeployed,12
redeployment,1
redesign,11
redesigned,3
redesigning,4
redesigns,1
redevelop,8
redeveloped,4
redeveloping,1
redevelopment,16
redevelopments,1
redfern,1
redferns,1
redford,2
redgrave,1
redhead,1
redhill,4
redial,4
redid,1
redirect,3
redirected,7
redirecting,2
redirection,3
redirects,1
rediscover,3
rediscovered,4
rediscovering,1
redistribute,7
redistributed,12
redistributes,1
redistributing,3
redistribution,19
redland,3
redlined,2
redloch,1
redman,1
redner,2
redo,13
redoaks,6
redoing,9
redone,5
redonians,3
redown,1
redraft,3
redrafting,1
redrafts,1
redraw,1
redrawing,3
redrawn,2
redraws,1
redress,15
redressing,1
redring,1
redrit,1
redrow,1
redruth,2
reds,74
redu,1
reduc,1
reduce,315
reduced,338
reducers,2
reduces,47
reducible,1
reducing,141
reduct,2
reduction,323
reductions,114
reductive,1
redundan,1
redundances,1
redundancies,90
redundancy,130
redundant,108
redundanted,1
redwing,4
redwood,5
reebok,4
reece,4
reeces,3
reed,53
reeds,8
reeducate,2
reef,36
reefer,1
reefing,1
reefs,5
reek,2
reeked,3
reeking,1
reeks,2
reel,17
reelection,1
reeled,2
reeling,7
reels,6
reem,1
reemphasise,1
reemphasises,1
reemphasize,3
reemphasizing,3
reemployment,1
rees,4
reestablish,1
reeve,7
reeves,9
reevley,2
reexamine,4
reexamined,1
ref,26
refashioning,1
refectory,3
refelt,1
refer,336
referee,65
refereeing,6
referees,22
reference,410
referenced,10
references,93
referencing,5
referendum,21
referential,2
referral,22
referrals,66
referred,416
referring,152
refers,131
reffing,1
refill,19
refilled,2
refilling,3
refills,2
refine,14
refined,17
refinement,7
refinements,2
refineries,1
refinery,1
refining,6
refit,4
refitment,1
refitted,3
reflect,132
reflected,83
reflecting,33
reflection,74
reflections,11
reflective,8
reflectively,1
reflectives,1
reflector,20
reflectors,12
reflects,80
reflex,8
reflexes,3
reflexive,1
reflexology,6
refloat,1
refloated,1
reford,1
reforest,4
reforestation,1
reform,307
reformat,1
reformation,6
reformed,12
reformers,4
reforming,4
reformist,1
reformists,1
reforms,60
reformulate,1
refracted,1
refracting,1
refractive,1
refractometer,1
refrain,11
refrained,2
refraining,1
refratition,2
refresh,10
refreshed,7
refresher,8
refreshing,21
refreshment,8
refreshments,20
refrig,1
refriger,1
refrigerate,1
refrigerated,2
refrigerator,9
refrigerators,4
refu,4
refuelling,7
refuge,13
refugee,16
refugees,60
refuges,1
refund,36
refunded,10
refunds,4
refurb,1
refurbish,10
refurbished,19
refurbishing,10
refurbishment,44
refurbishments,2
refurnish,2
refurnished,5
refus,1
refusal,31
refusals,2
refuse,106
refused,124
refuses,16
refusing,26
refutable,1
refute,10
refuted,1
reg,111
regain,25
regained,5
regaining,1
regal,16
regaled,1
regan,7
regar,1
regard,246
regarded,131
regarding,130
regardless,87
regardment,1
regards,68
regatta,4
regattas,4
regen,1
regency,1
regenerate,9
regenerating,6
regeneration,86
regent,5
regents,2
reggae,6
reggie,21
regime,84
regimen,1
regiment,44
regimental,12
regimented,7
regiments,7
regimes,5
reginald,2
region,937
regional,520
regionalisation,3
regionalisations,1
regionalist,2
regionalization,4
regionalize,1
regionalized,1
regionally,4
regions,153
regis,7
register,150
registered,117
registerer,1
registering,14
registers,39
registrar,13
registrars,1
registration,133
registrations,6
registry,9
reglazing,1
regr,1
regrade,1
regraded,3
regrading,4
regress,5
regressed,2
regresses,1
regressing,1
regression,23
regressionally,1
regressionary,1
regressions,3
regressive,3
regressor,2
regressult,1
regret,87
regretfully,1
regrets,15
regrettable,14
regrettably,10
regretted,11
regretting,4
regroup,2
regrow,1
regs,5
regul,1
regula,1
regular,356
regularian,1
regularity,7
regularize,2
regularized,1
regularly,164
regulars,17
regulate,32
regulated,21
regulates,2
regulating,7
regulatio,1
regulation,87
regulations,223
regulationship,1
regulator,62
regulators,19
regulatory,32
regulo,1
regur,1
regurge,1
regurgitate,7
regurgitate-arianism,1
regurgitating,2
regurgitation,1
rehab,3
rehabilitate,1
rehabilitated,1
rehabilitating,1
rehabilitation,23
rehashed,1
rehashing,1
rehearsal,37
rehearsals,23
rehearse,14
rehearsed,13
rehearses,2
rehearsing,16
reheat,2
rehouse,3
rehoused,5
rehousing,2
rehydration,2
rei,1
reich,3
reichstag,2
reid,4
reign,13
reigned,2
reignement,1
reigning,9
reigns,5
reikel,1
reimburse,2
reimbursed,8
reimbursel,1
reimbursement,5
reimbursing,1
reimposed,1
rein,4
reincarnated,1
reincarnation,6
reindeer,10
reindeers,1
reined,1
reinforce,27
reinforced,20
reinforcement,14
reinforcements,7
reinforcer,2
reinforcers,1
reinforces,13
reinforcing,7
reinhart,1
reins,15
reinstate,4
reinstated,5
reinstatement,3
reinsuring,1
reintegrated,1
reintroduce,7
reintroduced,4
reintroduces,1
reintroducing,1
reintroduction,1
reinve,1
reinvent,1
reinvest,3
reinvested,2
reinvestigate,1
reinvestigated,1
reinvestigating,1
reinvestment,3
reinvestments,1
reissue,4
reissued,6
reiterate,25
reiterated,1
reiterates,3
reiterating,8
reiteration,1
reje,1
reject,93
rejected,98
rejecter,1
rejecting,19
rejection,18
rejections,2
rejective,1
rejects,23
rejig,1
rejigged,1
rejoice,58
rejoiced,1
rejoicedly,1
rejoices,1
rejoicing,15
rejoin,7
rejoined,3
rejoining,1
rejoins,1
rejoke,1
rejuvenate,1
rejuvenating,1
rekcon,2
rekeyboarded,1
reknitted,2
rel,14
rela,8
relapse,2
relapses,1
relat,1
relate,185
related,400
relatedness,9
relates,107
relati,1
relating,156
relation,83
relational,61
relations,178
relationship,526
relationships,136
relative,148
relative-wise,1
relatively,282
relatives,118
relativity,5
relativization,2
relaunch,2
relaunched,4
relaunches,1
relax,91
relaxant,2
relaxants,3
relaxating,1
relaxation,25
relaxations,1
relaxed,93
relaxes,6
relaxing,36
relay,8
relayed,4
relaying,1
relearned,1
releas,1
release,309
released,146
releases,64
releasing,19
relegate,2
relegated,3
relegation,9
relent,4
relented,3
relentless,6
relentlessly,4
relents,1
reler,1
relet,1
relettering,1
relevance,71
relevant,340
relevantly,3
reli,1
relia,1
reliab,2
reliability,19
reliable,56
reliably,9
reliance,16
reliant,17
relic,1
relics,4
relied,25
relief,391
reliefs,4
relies,21
relieve,43
relieved,32
relieves,2
relieving,14
relig,1
relight,1
religion,206
religions,36
religious,225
religiously,6
relinoing,1
relinquish,3
relinquished,2
relinquishing,1
relish,4
relished,3
relit,1
relive,2
relived,1
reliving,2
relo,1
reload,1
relocate,8
relocated,5
relocates,1
relocating,1
relocation,12
relocations,6
reluctance,17
reluctant,60
reluctantly,19
rely,138
relying,36
rem,20
rema,2
remade,3
remain,235
remainder,62
remained,83
remaining,111
remainings,1
remains,159
remake,4
remand,14
remanded,15
remanufacture,1
remark,37
remarkable,83
remarkably,34
remarked,5
remarking,6
remarks,126
remarriage,2
remarried,7
remarries,3
remarry,2
remarrying,1
rematch,2
rembrandt,2
rembrandts,1
reme,8
remec,1
remedial,9
remediation,2
remedied,3
remedies,8
remedy,11
remedying,2
remem,20
rememb,1
remember,5326
rememberable,1
remembered,183
remembereth,1
remembering,94
remembers,41
remembrance,12
remembrances,1
remi,4
remind,358
reminded,92
reminder,54
reminders,8
reminding,38
reminds,118
reminisce,1
reminiscences,9
reminiscent,9
reminiscing,4
remiss,2
remission,2
remit,86
remits,6
remittance,1
remitted,2
remix,6
remmed,12
remnant,3
remnants,10
remo,4
remodelled,1
remodelling,1
remonsta,1
remonstrated,3
remorse,4
remorseful,1
remortgage,2
remortgaging,1
remote,93
remotely,12
remoteness,2
remoter,2
remotes,3
remotest,7
remount,2
removable,3
removal,86
removals,27
remove,146
removed,165
remover,2
removes,16
removing,34
remu,1
remuneration,25
remunerations,2
remus,2
ren,3
renaissance,4
renal,4
renamed,7
renata,3
renault,27
renaults,1
rendal,1
rendall,2
rendell,5
render,5
rendered,7
rendering,6
renderings,1
rendezvous,4
rending,1
rendition,2
rene,9
renee,6
reneer,1
renegade,3
renegades,1
renege,1
reneged,5
renegeing,1
reneging,1
renegotiate,2
renegotiated,2
renegotiation,1
renew,24
renewable,9
renewables,2
renewal,25
renewals,2
renewed,34
renewing,11
renews,2
rennells,1
rennies,2
renny,1
reno,1
renoir,3
renos,2
renounce,4
renounced,1
renouncements,1
renovate,5
renovated,9
renovating,4
renovation,3
renovations,3
renowned,14
rent,391
rent-a-van,3
rent-free,1
rentable,1
rentaf,1
rentafone,1
rentakil,8
rental,26
rentals,2
rented,67
rentham,4
renting,35
rentokil,3
rents,75
renumber,1
renumbering,1
renunciation,3
renunciations,1
reoccupy,1
reoccur,1
reoccuring,2
reoccurring,3
reoffend,1
reopen,5
reopened,8
reopening,3
reor,1
reorder,2
reorganisation,23
reorganisations,2
reorganise,4
reorganised,1
reorganising,3
reorganization,35
reorganizations,1
reorganize,6
reorganized,4
reorganizes,1
reorganizing,2
reorientation,1
rep,37
repa,1
repack,1
repackage,3
repackaging,4
repaid,14
repaint,3
repainted,4
repainting,1
repair,125
repairable,1
repaired,62
repairer,7
repairers,3
repairing,41
repairs,77
reparation,4
reparations,3
repatriate,2
repatriated,1
repatriation,3
repaving,1
repay,16
repayable,1
repaying,8
repayment,18
repayments,11
repeal,10
repealed,4
repealing,2
repeat,255
repeatable,4
repeated,80
repeatedly,26
repeatedness,1
repeating,52
repeats,23
repel,3
repelled,1
repelling,1
repels,1
repent,16
repentance,9
repentant,2
repents,3
repercussions,4
repertoire,11
repertoires,3
repertory,4
repet,1
repetition,24
repetitions,1
repetitious,1
repetitive,20
rephotograph,1
rephrase,16
rephrasing,2
repl,2
replace,206
replaceable,1
replaced,112
replacement,107
replacements,10
replaces,10
replacing,59
replai,1
replanned,1
replant,3
replanted,1
replanting,1
replay,49
replays,6
replenish,4
replenished,1
replenishing,1
replenishment,2
repli,1
replica,7
replicability,2
replicas,1
replicate,6
replicated,7
replicates,2
replicating,3
replication,19
replied,49
replies,48
reply,241
replying,17
repo,4
repointed,1
repolarization,1
repolarizing,2
repolished,1
repor,2
report,2554
report-backs,1
reportable,1
reportage,1
reportback,1
reported,244
reportedly,2
reporter,59
reporters,19
reporting,123
reports,569
reporty,1
reposition,2
repositories,8
repository,22
repossess,3
repossessed,11
repossessing,1
repossession,5
repossessions,7
repot,2
repotting,1
repr,2
repre,4
reprehensible,2
represe,1
represen,1
represent,258
representation,147
representations,84
representative,174
representatives,188
represented,163
representing,114
represents,162
repress,3
repressed,29
repressing,5
repression,49
repressions,6
repressive,7
repricated,1
reprice,2
repricing,2
reprieve,10
reprieved,3
reprimand,2
reprimanded,6
reprimands,1
reprint,13
reprinted,7
reprinting,2
reprisal,1
reprisals,1
repro,2
reproach,5
reproaches,1
reproaching,1
reprocedures,1
reprocessing,2
reprod,1
reprodu,1
reproduc,1
reproduce,15
reproduced,11
reproducer,4
reproduces,6
reproducing,4
reproduct,1
reproduction,21
reproductional,1
reproductions,3
reproductive,150
reproductively,8
reprographic,1
reprographicated,1
reprographics,4
reproofs,1
reprovation,1
reprove,1
reps,56
reptile,1
reptiles,4
reptilian,2
republic,62
republican,25
republicana,1
republicans,3
republics,27
republish,1
republished,1
republishes,1
repude,1
repudiate,3
repudiated,1
repudiation,1
repugnant,2
repulsive,7
repurchase,3
reputable,15
reputation,103
reputations,2
repute,1
reputed,7
reputedly,1
requ,2
request,176
requested,63
requesting,17
requests,51
requi,1
requiem,2
require,215
required,401
requirement,263
requirements,293
requires,109
requiring,34
requisite,2
requisition,5
requisitioned,3
requisitioning,1
requite,1
rer,4
reread,1
reroof,1
rerouted,1
rerum,1
rerun,7
reruns,2
res,40
resale,7
resales,4
reschedule,7
rescheduled,1
rescheduling,4
rescind,5
rescinded,4
rescission,1
rescue,116
rescued,36
rescuer,1
rescuers,5
rescues,6
rescuing,21
reseal,1
resealed,1
resear,1
research,644
researched,13
researcher,38
researchers,21
researches,3
researching,13
resected,5
reseeded,1
reselection,1
resell,9
reselling,5
resemblance,10
resemble,7
resembled,2
resembles,3
resembling,2
resent,25
resented,7
resentful,6
resenting,3
resentment,15
resentments,1
resents,4
resequence,1
reservation,12
reservations,55
reserve,122
reserved,48
reserves,200
reserving,2
reservoir,19
reservoirs,1
reset,25
resets,1
resetting,3
resettle,1
resettlement,4
resettlements,2
reshape,2
reshaped,1
reshaping,2
resharpened,1
reshuffle,2
reside,12
resided,4
residence,60
residences,1
residencies,2
residency,4
resident,92
residential,188
residents,212
resides,10
residing,5
residual,56
residuals,29
residuary,4
residue,28
residues,8
resign,27
resignation,13
resignations,3
resigned,34
resigning,7
resigns,3
resilient,6
resiliently,1
resin,6
resis,2
resist,74
resistance,167
resistant,12
resisted,13
resisters,2
resisting,13
resistor,13
resistors,5
resists,2
resit,5
resite,1
resiting,1
resits,8
resitting,1
resized,1
reso,3
resol,2
resola,1
resold,5
resolut,1
resolute,2
resolutely,1
resolution,377
resolutions,70
resolve,76
resolved,81
resolves,5
resolving,17
resonance,7
resonant,1
resonate,2
resor,1
resort,69
resorta,1
resorted,1
resorting,3
resorts,8
resoundedly,1
resounding,7
resource,167
resourced,3
resourceful,5
resources,615
resourcing,6
resp,4
respect,377
respectability,3
respectable,41
respectably,1
respected,26
respecter,1
respectful,10
respectfully,4
respecting,5
respective,29
respectively,23
respects,67
respiration,4
respiratory,9
respite,15
resplendent,1
respo,1
respon,2
respond,312
responded,50
respondents,12
responding,62
responds,14
respons,1
response,444
responses,71
responsibilities,166
responsibility,591
responsibl,2
responsible,464
responsibly,6
responsive,21
responsiveness,3
respray,1
resprayed,1
respraying,1
rest,1493
restack,1
restacking,1
restain,1
restart,13
restate,3
restated,1
restatement,2
restating,2
restaur,1
restaurant,153
restaurants,30
restaurateurs,1
rested,7
restimulate,1
resting,48
restitution,1
restless,15
restock,1
restocking,1
restor,1
restorat,1
restoration,27
restorationist,19
restore,49
restored,34
restorer,5
restores,2
restoring,6
restr,2
restrain,14
restrained,15
restraining,11
restraint,55
restraints,12
restric,1
restrict,62
restricted,75
restricting,21
restriction,60
restrictions,112
restrictive,47
restrictiveness,1
restricts,8
restructure,4
restructured,7
restructuring,22
rests,20
restyle,1
restyled,1
resu,1
resubmit,1
resubmitting,1
result,829
resultant,7
resulted,39
resulting,29
results,461
resume,25
resumed,3
resumes,3
resuming,2
resump,1
resumption,4
resurfaced,1
resurfacing,27
resurgence,2
resurrect,2
resurrected,8
resurrecting,2
resurrection,19
resuscitate,2
resuscitation,3
resussitated,1
ret,5
reta,1
retail,84
retailed,1
retailer,10
retailers,25
retailing,9
retain,111
retained,58
retainer,5
retaining,23
retains,11
retake,2
retaken,2
retaking,2
retaliate,7
retaliated,4
retaliating,6
retaliation,6
retardant,6
retardation,2
retarded,12
retarmacked,1
retch,2
retched,1
retching,2
retel,1
retellings,1
retenant,1
retend,1
retention,22
retentive,5
retford,7
rethink,6
rethinking,3
rethunk,1
reti,2
reticence,1
reticent,5
reticulum,6
retiled,1
retinue,3
retir,4
retire,107
retireable,2
retired,280
retirement,197
retirements,8
retires,13
retiring,65
retool,1
retort,4
retorted,1
retr,1
retrace,1
retract,5
retractable,3
retracted,1
retracting,1
retraction,1
retrain,6
retrained,1
retraining,5
retransmit,1
retread,1
retreat,15
retreated,2
retreating,2
retreats,2
retrial,1
retribution,12
retrievable,1
retrieval,3
retrieve,43
retrieved,2
retriever,3
retrievers,2
retrieving,2
retro,2
retroactively,2
retrodict,1
retrograde,8
retrogrades,1
retrogressive,2
retroscrubbers,1
retrospect,14
retrospection,1
retrospective,19
retrospectively,6
retry,1
retrying,1
return,433
returnable,1
returned,130
returnees,2
returners,2
returning,73
returns,85
retype,4
retyped,5
reuben,1
reuberwerk,1
reunification,6
reunified,2
reunify,1
reunion,12
reunions,3
reunite,1
reunited,5
reusable,4
reuse,4
reused,7
reuters,4
rev,5
revaluation,3
revalued,2
revamp,3
revamped,9
revamping,2
reveal,35
revealed,78
revealing,19
reveals,14
reveille,2
revel,1
revelation,28
revelations,7
revelled,2
revellers,2
revels,1
revenge,28
revenged,1
revenging,1
revenue,257
revenues,17
rever,1
reverb,2
reverberant,1
reverberate,2
reverberates,1
reverberations,1
revered,4
reverence,7
reverend,61
reverends,1
reverent,3
revers,1
reversal,9
reversals,1
reverse,129
reversed,50
reverses,5
reversible,3
reversing,20
reversion,4
revert,28
reverted,4
reverting,6
reverts,1
revie,2
review,495
reviewed,43
reviewer,1
reviewers,1
reviewing,39
reviews,55
revile,1
revise,49
revised,103
revising,31
revision,88
revisions,9
revisit,22
revisited,4
revisiting,4
revitalization,1
revitalize,3
revitalized,4
revitalizing,2
revival,12
revivals,5
revive,7
revived,10
reviver,1
revivifying,1
reviving,4
revlon,3
revoke,3
revoked,4
revokes,2
revol,1
revolt,36
revolting,39
revolts,3
revolution,287
revolutionaries,10
revolutionary,75
revolutioners,1
revolutionise,1
revolutionize,1
revolutionized,1
revolutions,13
revolv,1
revolve,9
revolved,4
revolver,34
revolvers,1
revolves,10
revolving,5
revs,16
revue,12
revulsion,6
revved,1
revving,3
rew,2
reward,64
rewardable,1
rewarded,18
rewarding,23
rewards,29
rewelded,1
rewi,3
rewind,38
rewinding,8
rewinds,1
rewire,4
rewired,3
reworded,2
rewording,4
rework,4
reworked,1
reworking,2
rewound,11
rewrap,1
rewrapped,2
rewrite,30
rewriting,3
rewritings,2
rewritten,7
rewrote,1
rex,7
rexine,1
reydon,1
reynolds,17
reyu,1
rfff,1
rhapsodised,1
rhapsody,5
rhesus,1
rhetoric,20
rhetorical,4
rheuma,1
rheumatic,2
rheumaticky,1
rheumatism,7
rheumatoid,6
rhiannon,9
rhinadin,1
rhine,12
rhinestone,1
rhino,2
rhinoceros,5
rhinos,2
rhionna,1
rhoda,1
rhode,3
rhodes,5
rhodesia,17
rhodesians,1
rhododendron,6
rhododendrons,6
rhomb,1
rhombus,9
rhona,5
rhonda,3
rhondda,2
rhone,1
rhos-y-bol,17
rhubarb,17
rhyl,2
rhyme,28
rhymed,2
rhymes,11
rhyming,6
rhys,20
rhythm,45
rhythme,1
rhythmic,3
rhythms,6
ri,71
ria,3
riannes,1
rib,53
ribbed,7
ribbon,44
ribbons,12
ribcage,2
ribchester,2
ribena,13
ribs,25
ribwort,1
rica,1
ricardo,1
rice,155
rices,1
rich,473
richard,803
richards,6
richardson,11
richardsons,1
riche,1
richer,22
richersan,1
riches,9
richest,7
richie,11
richly,5
richmond,29
richmondshire,44
richness,16
richonds,1
richter,2
rick,82
rickets,1
ricketts,3
rickford,5
rickie,1
ricking,1
rickmansworth,4
rickmondsworth,2
ricks,8
rickshaws,1
ricksy,1
ricky,122
rico,1
ricochet,3
ricocheting,1
ricochets,1
ricoh,2
ricotta,1
rid,762
riddance,2
ridden,21
ridding,1
riddle,4
riddled,4
riddock,1
ride,258
rideout,1
rider,33
riders,39
rides,28
ridge,11
ridges,6
ridgeway,10
ridgeways,1
ridgeworth,2
ridic,1
ridicule,1
ridiculed,6
ridiculo,1
ridiculous,309
ridiculously,6
ridiculousness,1
riding,147
ridings,1
ridley,2
rielly,3
rietling,1
rife,8
riff,3
riff-raff,10
riffs,2
rififi,2
rifkind,8
rifle,32
rifled,3
rifles,20
rift,10
rifts,1
rig,28
rigby,1
rigdely,1
rigg,2
rigged,17
riggers,1
rigging,10
righ,1
right,34253
right-angled,2
right-hand,16
right-handed,7
right-hander,1
right-o,1
right-off,1
right-oh,7
right-size,3
right-wing,5
right-wingers,2
right-y-ho,1
right-y-o,3
right-y-oh,3
righted,3
righteous,23
righteousness,24
rightest,2
rightful,6
righthand,1
rightie,1
righting,3
rightio,13
rightist,9
rightly,203
rightness,5
righto,28
rights,495
righty,2
righty-ho,3
righty-o,1
rigid,41
rigidity,1
rigidly,6
rigmarole,9
rigorous,12
rigorously,10
rigour,1
rigours,3
rigs,8
rigsby,1
rigueur,1
rik,4
rilate,1
rile,1
riled,3
riley,14
rim,11
rimer,3
rimers,1
rimini,3
rimmed,1
rimmer,3
rimmit,10
rin,3
rina,2
rind,5
ring,1560
ring-fence,1
ring-leader,1
ring-pull,1
ringed,6
ringer,6
ringing,234
ringleader,1
ringleaders,1
ringlets,11
ringlow,2
ringmer,1
ringroad,5
rings,195
ringstead,1
ringway,2
ringwood,1
ringworm,1
ringworms,1
ringworth,1
rink,15
rinse,22
rinsed,12
rinsing,1
rinso,1
rio,22
rioch,1
riot,37
riot-torn,1
rioters,2
rioting,4
riotous,1
riots,26
rip,73
rip-off,4
rip-roaringly,1
ripe,26
ripened,2
ripening,1
ripley,2
ripon,25
ripped,83
ripper,16
ripping,21
rippl,1
ripple,7
ripples,6
rippling,5
ripply,1
rippon,9
rips,13
ris,1
risborough,11
risden,1
rise,343
risecote,1
risen,80
riseness,1
riser,1
rises,70
rising,124
risings,1
risk,413
risk-averse,1
risk-aversion,1
risk-taking,1
risked,2
risking,13
risks,73
risky,23
rison,4
risque,1
rissole,1
rissoles,2
rit,1
rita,71
ritardando,1
ritchie,2
rite,21
rites,11
ritter,5
ritto,1
ritu,1
ritual,24
ritualistic,1
ritualization,1
ritually,2
rituals,9
ritz,6
ritzi,1
riv,1
riva,3
rival,33
rivalries,4
rivalry,8
rivals,12
rive,1
riven,2
river,365
riverbanks,2
rivermead,2
rivers,94
riverside,15
rivet,22
riveted,3
riveter,20
riveters,26
riveting,15
rivets,19
rivetus,4
riviera,1
riving,1
riyadh,3
rjm,1
rnib,1
ro,75
ro-ro,7
roa,5
roach,6
road,3478
road-building,1
roadblock,2
roadie,1
roadrunner,1
roadrunners,1
roads,424
roadships,1
roadshow,12
roadshows,3
roadside,22
roadsides,2
roadwatch,45
roadway,12
roadways,1
roadwork,1
roadworks,64
roadworthy,1
roald,1
roam,11
roamer,1
roaming,8
roan,1
roar,8
roared,7
roaring,13
roast,89
roasted,9
roaster,1
roasters,1
roasties,2
roasting,8
roasty,4
rob,209
robbed,26
robber,9
robberies,9
robbers,6
robbery,34
robbie,26
robbies,1
robbing,9
robbins,7
robbo,7
robby,1
robe,5
robeddow,2
roberses,1
robert,430
roberta,1
roberto,6
roberts,12
robertson,6
robes,10
robi,1
robin,187
robins,3
robinson,29
robinsons,1
robo,2
robobird,4
robocop,9
robot,10
robotic,4
robotics,1
robotize,1
robots,11
robs,5
robson,4
robust,14
rocetta,7
rochat,2
rochdale,17
roche,6
rochelle,8
rocher,4
rochers,1
rochester,52
rochesters,1
rochet,1
rocheter,1
rochford,1
rock,251
rock-bottom,1
rock-crystal,2
rock-facing,1
rock-like,1
rocked,2
rockefeller,2
rocker,6
rockery,5
rocket,92
rocketed,2
rocketing,3
rockets,16
rockfall,1
rockhill,13
rockies,1
rocking,20
rocks,71
rockumentary,4
rockwe,1
rockwell,1
rocky,31
rococo,1
rocos,1
rod,77
rodderpee,1
roddy,3
rode,28
rodent,3
rodeo,2
roderick,7
roding,1
rodney,24
rods,26
roe,12
roecastle,1
roehampton,3
roermond,2
rog,14
roger,194
rogered,1
rogering,1
rogers,15
rogue,13
rogues,5
rohl,2
rohnson,3
roistering,1
roker,1
roland,4
role,685
roles,74
rolex,2
rolf,7
rolfy,2
roll,417
roll-off,4
roll-on,6
rolled,82
roller,88
roller-coaster,1
rollering,1
rollers,24
rollicking,1
rollie,1
rolling,176
rollo,1
rollocking,2
rollover,3
rollovers,1
rollright,3
rolls,160
rollston,1
rolly,3
rolo,6
roly,9
roly-polies,3
roly-poly,5
roly-polys,1
rom,10
roma,2
romaines,1
roman,112
romana,7
romance,24
romances,1
romanesque,1
romania,20
romanian,7
romanians,5
romanies,6
romans,45
romantic,39
romantically,3
romanticism,4
romanticized,1
romantics,1
romany,5
romax,9
rome,49
romeo,78
romero,3
romford,3
romley,1
rommus,4
romola,1
romp,2
romped,2
roms,1
romu,1
romualdas,1
romulus,2
ron,190
rona,2
ronald,24
ronaldsay,23
ronay,1
ronk,1
ronken,1
ronnie,28
ronnies,2
ronny,3
rons,2
ronseal,1
ronson,1
roo,2
roof,358
roof-rack,3
roof-top,1
roof-work,1
roofed,3
roofer,1
roofers,1
roofery,1
roofing,20
roofrack,1
roofs,30
rooftop,4
rooftops,7
rook,5
rooked,1
rookery,1
room,2416
roomed,3
roomful,1
rooms,308
roomy,2
rooney,7
roosevelt,34
roost,12
roosters,1
roosting,3
root,264
root-means,1
rooted,16
rooting,7
roots,97
rop,1
rope,113
roped,7
ropemen,1
roper,6
ropers,2
ropes,40
ropewalk,1
roping,5
ropy,3
rory,8
ros,11
rosa,3
rosalind,8
rosalyn,1
rosamond,3
rosamunda,3
rosanne,1
rose,230
rosea,2
roseanne,5
rosearre,1
roseberry,1
rosebury,2
rosebush,1
rosemary,62
rosemount,2
rosenburg,2
rosenthal,1
roseo,1
roses,66
rosetta,4
rosette,3
rosettes,5
rosetto,1
rosevale,1
rosewater,1
rosie,96
rosier,1
rosin,1
rosita,1
ross,44
ross-on-wye,2
rossington,2
rossini,3
rossiter,1
rosso,2
rossos,1
rossythe,7
roster,12
rosters,8
rostra,1
rostrum,36
rosy,19
rosyth,6
rot,37
rota,13
rotaflex,2
rotaract,6
rotarian,6
rotarians,1
rotary,25
rotas,2
rotate,33
rotated,13
rotates,12
rotating,7
rotation,35
rotations,13
rotavator,1
rotax,1
rote,2
rote-learning,2
roth,1
rothbury,3
rothchild,1
rotheram,1
rotherham,16
rothesay,2
rothgo,1
rothley,2
rothman,1
rothmans,4
rothschild,2
rothwell,1
rotondo,1
rotor,5
rotovator,1
rotovators,1
rots,8
rotted,14
rotten,127
rotter,3
rotterdam,10
rotters,2
rotting,18
rottweiler,9
rottweilers,4
rottweiller,1
rotusis,1
rou,19
rouane,1
rouen,1
rouge,13
rouget,13
rough,340
roughage,10
roughed,1
rougher,2
roughest,3
roughing,1
roughly,267
roughshod,3
rougier,1
roulette,3
roumain,2
roumania,2
round,7187
round-up,5
rounda,1
roundabout,161
roundabouts,38
rounded,18
rounders,11
roundheads,1
rounding,10
roundings,1
roundish,1
roundly,1
rounds,70
roundsman,1
roundtree,1
rountree,1
rourke,7
rousay,20
rouse,2
rouses,1
rousing,2
rousseau,13
rousseauness,1
roussos,1
rousted,1
rout,1
route,392
routed,5
routes,155
routine,95
routinely,9
routines,14
routing,3
routledge,4
rover,100
rovers,58
roving,6
row,349
rowan,6
rowdies,1
rowdiness,1
rowdy,8
rowdyism,1
rowe,1
rowed,4
rowena,2
rowes,2
rowing,28
rowley,2
rowlocks,1
rowntree,7
rowntrees,8
rows,69
rowsay,1
rox,2
roxanna,6
roxanne,4
roxburgh,1
roxburghshire,3
roxy,13
roy,154
royal,396
royale,1
royales,2
royalist,6
royalists,1
royals,17
royalties,4
royalty,26
royce,38
royces,2
roydon,2
royle,1
royston,4
roz,3
rozario,54
rrah,1
rrr,1
rrrm,7
rrrrp,2
rrrrrp,2
rs,6
ru,36
rub,125
rubansi,1
rubarto,1
rubato,2
rubb,1
rubbed,43
rubber,144
rubber-stamping,1
rubbers,14
rubbery,2
rubbi,1
rubbing,63
rubbish,571
rubbished,1
rubbishing,1
rubbishy,5
rubble,15
rubbles,1
rubbling,1
rubdown,1
ruben,3
rubies,2
rubs,9
ruby,32
ruc,1
rucatse,1
ruck,3
rucked,1
rucking,1
rucksack,8
ruckus,1
rud,3
rudd,7
rudder,16
rudderless,2
rudders,1
ruddick,1
ruddington,8
ruddles,1
ruddock,1
ruddy,78
rude,202
rudeness,1
ruder,2
rudge,1
rudimentary,2
rudiments,2
rudling,1
rudman,1
rudolf,1
rudolph,2
rudy,38
rudyard,6
rue,3
ruff,14
ruffin,1
ruffled,3
ruffs,1
rufus,8
rug,38
rugby,206
rugged,1
ruggedness,1
ruggers,1
ruggitis,1
rugs,16
ruin,41
ruined,66
ruining,10
ruinous,1
ruins,24
ruislip,1
rule,494
rulebook,15
rulebooks,3
ruled,56
ruler,36
rulers,19
rules,459
ruling,52
rulings,1
rum,31
rum-stick-a-bum,1
rumania,9
rumanian,1
rumbelow,3
rumbelows,7
rumble,2
rumbled,2
rumbling,7
rumblings,1
rumbold,4
rumbolds,5
rumbustious,1
ruminate,1
ruminating,1
ruminations,2
rummage,3
rummaged,2
rummages,1
rummaging,4
rummas,5
rummy,1
rumour,21
rumoured,1
rumours,33
rump,7
rumpled,1
rumpole,8
rumpus,1
run,2317
run-around,1
run-down,1
run-ins,2
run-of-the-mill,1
run-off,3
run-on,2
run-up,3
runaround,1
runaway,10
runcan,2
runcho,2
runcie,2
runcologist,1
runcorn,6
rundown,2
rung,184
rungs,4
runner,38
runner-up,3
runners,40
running,1407
runny,20
runs,348
runt,1
runway,28
runway-busting,1
runways,8
rupee,1
rupees,2
rupert,81
rupture,2
ruptured,2
ruptures,2
rupturing,1
rural,296
rurar,1
rurgh,1
rurghhh,1
ruror,1
rus,2
ruscombe,1
ruscote,6
rusday,1
rush,207
rush-hour,1
rushbrooks,3
rushcliffe,1
rushcome,3
rushden,6
rushdie,8
rushed,50
rushes,14
rushford,1
rushing,104
rushmere,8
rushmore,1
rushton,7
rusk,2
ruskin,1
rusks,2
russ,11
russel,2
russell,199
russells,1
russet,1
russia,161
russian,113
russians,42
russo,12
russon,3
rust,47
rusted,6
rustic,3
rusting,3
rustle,8
rustled,3
rustling,4
rustly,4
rusts,2
rusty,30
rut,4
ruth,180
ruthcote,1
rutherford,4
ruthie,14
ruthless,10
ruthlessness,2
ruthus,1
ruthy,4
rutland,3
ruts,3
rutter,3
ruxley,5
ry,2
ryan,81
ryanne,2
rydale,1
rydales,1
ryder,1
rye,27
ryecroft,1
ryedale,177
ryes,1
ryskov,1
ryvita,5
s,4691
s-ing,1
sa,594
saab,1
saabs,1
saar,2
saatchi,5
sabar,1
sabatini,1
sabbat,1
sabbath,5
sabbatical,3
sabir,1
sable,1
saboo,2
sabotage,8
sabotaged,3
sabotaging,1
saboteurs,5
sabre,3
sabres,1
sabri,3
sabrina,10
sac,3
saccarinous,1
saccharin,2
sach,1
sacha,1
sachet,4
sachets,5
sachs,1
sack,124
sacked,85
sackful,1
sacking,10
sacks,27
sackville,3
sackville-west,1
sacrament,34
sacramenta,1
sacramental,6
sacramentalized,1
sacraments,10
sacred,30
sacredness,1
sacremento,1
sacrifice,52
sacrificed,10
sacrifices,14
sacrificial,6
sacrificing,5
sacrilege,2
sacrilegious,1
sacrosanct,3
sacs,1
sad,368
saddam,75
saddened,6
saddens,3
sadder,2
saddest,3
saddle,45
saddled,5
saddlers,2
saddlery,13
saddlery-makers,1
saddles,1
saddling,5
sade,1
sadie,13
sadiki,1
sadist,2
sadistic,3
sadistically,1
sadists,2
sadler,2
sadlers,1
sadly,74
sadness,27
sadnesses,1
sado-masochist,1
sado-masochistic,1
sadomasochism,3
saf,1
safari,4
safaris,1
safe,429
safeguard,25
safeguarded,3
safeguarding,13
safeguards,11
safekeeping,1
safely,61
safer,85
safes,3
safest,21
safety,701
safeway,13
safeways,11
saffra,1
saffrall,2
saffro,1
saffron,10
safter,1
sag,4
saga,30
sagas,1
sage,14
sagey,2
sagged,2
sagging,2
saggy,2
sagittarian,2
sagittarians,1
sagittarius,2
sahara,5
saherli,1
sai,7
said,27887
saiga,1
saigon,13
sail,127
sailathon,1
sailed,27
sailing,154
sailings,2
sailor,16
sailors,28
sails,13
sainsbury,57
sainsburys,48
saint,128
saintbridge,1
sainthood,1
saints,50
saison,2
sakarov,1
sake,345
sakes,14
saki,1
sal,49
salad,166
saladene,1
salads,15
salady,1
salami,4
salamis,1
salaried,11
salaries,86
salary,270
salary-linked,1
sale,485
saleability,1
saleable,4
salemoore,1
sales,677
salesman,44
salesmanship,2
salesmen,22
salespeople,2
salesperson,2
saleswomen,1
saletiendi,1
salford,13
salim,1
saline,4
salinity,15
salinometers,1
salisbury,30
saliva,7
salivated,1
salivating,1
sallies,1
sally,264
sally-ann,3
sallys,3
salm,1
salman,4
salmo,1
salmon,92
salmonella,10
salmons,1
salon,17
salons,4
saloon,6
salopettes,1
salsevills,1
salt,293
saltdean,2
salted,11
salter,2
saltergate,1
saltford,1
saltiness,1
salting,1
saltpan,1
saltpetre,7
salts,28
salty,11
salubrious,3
salutary,3
salute,9
saluted,1
saluting,1
salvador,3
salvage,8
salvaged,3
salvation,107
salve,1
salver,3
salvos,1
salzburg,1
sam,226
samamigram,1
samange,1
samantha,42
samaria,3
samaritan,6
samaritans,9
samba,4
sambo,2
samdoria,2
same,6722
same-sized,1
sameness,1
sametadine,1
samey,3
sameyness,1
samma,1
sammy,63
samoa,9
samoan,2
samoans,2
samosas,13
sampdoria,2
samphan,1
sampl,1
sample,182
sampled,6
sampler,3
samplers,3
samples,99
sampling,14
sampson,2
sams,3
samson,17
samsonite,1
samsung,3
samsungs,1
samtack,1
samuel,26
samuels,2
samways,1
samwell,2
san,37
sanatogen,1
sanatorium,3
sanatrem,1
sanchez,2
sanco,1
sanctification,7
sanctify,2
sanctifying,1
sanctimonious,3
sanction,13
sanctionalizing,1
sanctioned,5
sanctioning,1
sanctions,33
sanctity,3
sanctuary,9
sand,164
sand-bagged,1
sandalford,2
sandals,9
sandalwood,2
sandanistas,1
sanday,29
sandbag,1
sandbagged,1
sandbags,6
sandbank,1
sandborne,1
sandcastle,1
sanded,6
sander,8
sanders,3
sanderson,5
sandford,2
sandhills,3
sandhurst,10
sandi,1
sandiacre,1
sandie,1
sanding,8
sandinista,3
sandinistas,1
sandlow,1
sandpaper,9
sandpapered,5
sandpapering,3
sandpit,5
sandpits,1
sandra,148
sandringham,2
sandro,4
sands,14
sandstone,2
sandstorm,1
sandwell,1
sandwich,162
sandwiched,3
sandwiches,165
sandwick,1
sandy,93
sandybank,1
sandylands,1
sane,16
sang,66
sanglemore,7
sangria,9
sanguine,1
sanhedrin,16
sanitary,11
sanitation,11
sanitised,1
sanity,3
sank,11
sanoko,1
sans,1
sansavino,1
santa,17
santarem,1
santeuil,1
sanxters,1
sanyo,5
sanyos,1
sap,10
sapinense,1
sapir-wharf,1
sapper,1
sapphire,38
sapphires,2
sapping,2
sappy,1
saps,1
sar,6
sara,28
saracen,7
saracens,9
sarah,407
sarahs,2
sarajevo,5
saranne,3
sarcasm,12
sarcastic,24
sarcastically,3
sarcophagus,3
sarcoplasmic,3
sardines,2
sardinia,6
sardonic,1
sargasso,4
sarge,4
sargeant,1
sari,6
saria,4
saris,1
sark,2
sarky,2
sarnie,3
sarnies,1
sarong,1
sarouac,7
sarsons,1
sartan,2
sarvo,1
sash,13
sasha,19
sasperella,2
sassafras,1
sat,800
satan,28
satanic,5
satanism,1
satay,1
satchel,1
satchfield,1
satchwell,5
sate,1
satellite,74
satellites,20
sates,1
sathor,1
satiate,2
satiated,1
satin,16
satiny,2
satire,14
satires,5
satiric,1
satirical,1
satirist,1
satisfac,1
satisfact,1
satisfaction,77
satisfactions,2
satisfactorily,33
satisfactory,96
satisfied,178
satisfiers,1
satisfies,11
satisfy,93
satisfying,32
satist,1
sats,33
satsuma,6
satsumas,7
satur,1
satura,1
saturate,1
saturated,9
saturates,5
saturating,1
saturation,10
saturd,1
saturday,1522
saturdays,98
saturn,12
sauce,121
saucepan,42
saucepans,19
saucer,33
saucers,6
sauces,7
saucy,2
saudi,49
saudia,1
saudis,2
saul,1
saun,1
sauna,11
saunas,1
saunders,28
saunter,1
sauntered,1
saunting,1
saus,1
sausag,1
sausage,101
sausages,101
sausagey,1
saussies,1
saute,1
sav,1
savac,2
savage,23
savaged,1
savagely,4
savages,3
savalas,1
save,981
saved,341
saveloy,2
saver,12
savers,8
saves,100
savile,1
saville,6
saving,238
savings,334
saviour,43
saviourgate,1
saviours,3
savlon,4
savonarola,1
savories,2
savory,5
savour,11
savoured,1
savouries,1
savoury,13
savoy,14
savvy,2
saw,2197
saw-mill,1
sawbridgeworth,6
sawd,1
sawdust,13
sawed,3
sawing,23
sawmill,1
sawmills,3
sawn,12
sawn-off,1
sawori,1
saws,15
sawyer,5
saxa,2
saxafrazz,1
saxilby,1
saxitoxin,1
saxmundham,2
saxon,10
saxone,2
saxophone,2
saxted,2
saxton,1
say,22127
say-so,1
sayed,4
sayer,1
sayers,1
sayi,2
sayin,1
saying,6070
sayings,8
says,7678
sc,18
sca,5
scab,10
scabby,3
scabies,1
scabs,22
scades,2
scaffold,4
scaffolder,1
scaffolders,1
scaffolding,10
scalability,5
scalable,8
scald,1
scalded,2
scale,533
scaleability,5
scalectrix,2
scaled,24
scalene,1
scales,57
scaling,6
scalings,1
scallop,3
scalloped,1
scalloping,1
scallops,6
scallywag,10
scalp,8
scalped,2
scalpel,7
scalps,2
scaly,5
scam,2
scamper,1
scampered,1
scampi,16
scampton,1
scan,40
scandal,34
scandalous,15
scandalously,2
scandals,4
scandinavia,3
scandinavian,4
scandinavians,1
scann,1
scanned,6
scanner,18
scanners,6
scanning,4
scans,6
scant,2
scanty,2
scapa,1
scape,4
scape-goat,1
scapegoat,5
scapegoats,5
scar,21
scarborough,95
scarce,15
scarcely,11
scarcer,2
scarcity,3
scare,46
scare-mongering,1
scarecrows,1
scared,150
scaredy,3
scarefair,1
scaremongering,3
scarer,2
scares,15
scarey,1
scarf,45
scarfs,3
scargill,11
scargills,1
scarier,2
scariest,1
scarify,2
scariness,1
scaring,8
scarlet,17
scarman,4
scarper,5
scarred,2
scars,11
scarves,10
scary,45
scatcherd,1
scathing,3
scatter,10
scattered,34
scattergrams,1
scattering,4
scatty,5
scavenge,1
scavenger,1
sce,1
scenario,113
scenarios,19
scene,211
scenerama,2
sceneries,1
scenery,20
scenes,52
scenic,4
scent,10
scented,8
scents,1
sceptic,4
sceptical,30
sceptically,1
scepticism,9
sceptics,3
sceptred,1
scer,1
sch,22
schedule,123
scheduled,39
scheduler,2
schedulers,2
schedules,28
scheduling,14
scheff,1
schefflera,5
schematic,2
scheme,808
schemer,1
schemes,340
scheming,3
schisms,1
schizophrenia,5
schizophrenic,7
schizophrenics,1
schlesinger,1
schleswig-holstein,1
schlong,3
schloss,1
schlup,1
schlurp,2
schluup,1
schmidt,2
schmisch,1
schneider,1
scho,9
schock,3
schofield,15
scholar,10
scholarly,1
scholars,4
scholarship,37
scholarships,8
scholastic,1
scholey,1
scholls,1
school,4481
school-ey,3
school-leaving,1
school-parent,1
schoolbooks,1
schoolboy,12
schoolboys,3
schoolchildren,14
schoold,1
schooldays,6
schooled,1
schoolfriends,1
schoolgirl,4
schoolgirls,3
schooling,39
schoolkids,1
schoolmaster,4
schools,1228
schoolteacher,4
schoolteachers,3
schoolwork,1
schoom,1
schooner,2
schooners,4
schr,1
schreiber,2
schroder,1
schubert,1
schuckman,1
schultz,2
schumacker,1
schumann,1
schwartz,1
schwartzenegger,1
schwarz,1
schwarzanegger,2
schwarzeneger,1
schwarzenegger,8
schwarzieger,1
schwarzkopf,2
schweinfurt,3
schweppes,2
sci,2
sciatica,9
scie,2
science,424
sciences,60
scient,1
scientific,135
scientifically,9
scientist,62
scientists,90
scientologists,1
scilly,2
scintillate,2
scintillating,4
scissor,3
scissors,55
sclerosis,14
sco,3
scoff,1
scoffed,7
scoffing,3
scoggins,2
scolded,1
scolesi,1
scolo,1
scon,1
sconded,1
scone,21
scones,35
scoobie,1
scooby,9
scoop,23
scooped,2
scoopful,1
scooping,2
scoot,6
scooter,30
scooterist,3
scooters,3
scootled,1
scoots,1
scope,123
scopes,2
scorch,1
scorched,4
scorcher,1
scorching,2
score,367
scoreboard,2
scored,162
scoreline,9
scorer,32
scorers,6
scores,103
scoring,51
scorn,2
scorned,3
scornful,1
scorpio,3
scorpion,2
scorpions,2
scot,17
scot-free,1
scotbald,1
scotch,28
scotch-roman,2
scotches,2
scotchguarded,1
scotchman,1
scotia,1
scotland,491
scots,35
scotsman,17
scotsmen,2
scott,224
scottas,1
scottie,6
scottis,1
scottish,229
scotton,10
scotts,5
scotty,9
scotville,1
scour,2
scoured,1
scourers,1
scourge,2
scourged,2
scourging,1
scourie,1
scouring,5
scouse,11
scouser,2
scout,31
scouted,2
scouting,3
scouts,41
scowl,1
scowled,1
scowls,1
scr,7
scra,3
scrabble,12
scrabbling,5
scrag,1
scrag-end,1
scraggily,1
scragging,1
scraggle,1
scraggy,3
scram,2
scramble,24
scrambled,26
scrambler,2
scramblers,7
scrambling,2
scranny,1
scrap,123
scrapbook,10
scrape,43
scraped,16
scraper,6
scrapers,4
scrapes,2
scrapey,1
scrapheap,1
scraping,15
scrapings,1
scrapped,22
scrapper,8
scrappies,1
scrappiness,1
scrapping,14
scrappy,8
scraps,21
scraptof,2
scraptwo,1
scrapyards,1
scrat,1
scratch,120
scratched,38
scratches,4
scratchiness,1
scratching,39
scratchings,3
scratchy,1
scratted,1
scrawl,3
scrawled,1
scrawling,1
scrawny,2
scre,2
scream,64
screamed,19
screaming,108
screams,11
screech,2
screeches,1
screeching,4
screechy,1
screed,2
screen,247
screened,9
screening,32
screenings,1
screens,38
scremosal,1
screw,156
screwdriver,36
screwdrivers,7
screwed,34
screwing,16
screws,50
scribble,28
scribbled,11
scribbles,4
scribbling,4
scribe,6
scribes,10
scribing,1
scrim,1
scrimping,1
scrip,1
script,102
scripted,3
scripts,23
scriptural,5
scripture,26
scriptures,35
scrobbling,1
scroll,9
scrolls,3
scrooge,11
scrooving,1
scrotum,3
scrounge,2
scrounged,3
scrounger,1
scroungers,7
scrounging,2
scru,1
scrub,55
scrubbed,30
scrubber,2
scrubbers,1
scrubbing,26
scrubs,4
scruff,7
scruffies,3
scruffle,1
scruffs,2
scruffy,27
scrum,18
scrumhalf,3
scrumhalfs,1
scrummage,1
scrummy,1
scrumping,3
scrumple,1
scrumptious,3
scrumpy,18
scrunch,1
scrunched,3
scrunching,1
scrunchy,1
scruples,3
scrupulous,1
scrupulously,2
scrutineers,1
scrutinise,1
scrutinize,1
scrutinized,3
scrutiny,25
scu,6
scuba,4
scud,3
scudamore,9
scudimore,3
scuffle,6
scuffles,4
scuffling,1
scull,3
scullery,14
sculling,3
sculpt,1
sculpted,1
sculptor,2
sculpture,13
sculptured,1
sculptures,5
sculting,1
scum,18
scumbergh,1
scummiest,1
scummy,1
scums,1
scunnie,7
scunny,1
scunthorpe,9
scupper,1
scurf,1
scurrilous,1
scurry,1
scurrying,4
scuse,1
scutters,1
scuttle,5
scuttling,1
scy,1
scythe,5
scythes,14
se,331
sea,477
sea-borne,1
sea-gusting,2
sea-level,1
seabed,3
seaboard,3
seacourt,2
seafaring,2
seafood,6
seaford,3
seafront,5
seagull,4
seagulls,13
seaham,4
seakings,2
seal,69
sealable,1
sealed,67
sealer,7
sealers,1
sealing,9
sealink,1
seals,29
sealskin,4
sealskins,1
sealsworth,1
sealy,3
seam,16
seaman,3
seamanship,4
seamas,1
seamed,1
seamen,1
seamier,1
seamless,7
seamlessly,3
seams,18
seamus,5
sean,47
seance,2
seaplanes,2
sear,1
search,156
searched,25
searches,6
searching,40
searchingly,1
searchlight,9
searchlighting,1
searchlights,4
seare,1
searle,1
sears,1
seas,25
seascale,1
seascapes,2
seashell,1
seashore,1
seasick,2
seasickness,1
seaside,31
seasides,1
season,389
seasonal,22
seasonality,4
seasonally,4
seasoned,5
seasons,38
seat,372
seat-belt,2
seat-y,3
seatbelt,9
seatbelts,1
seated,72
seater,11
seaters,2
seating,29
seaton,1
seats,226
seattle,7
seawall,1
seaward,1
seaweed,9
seawright,1
sebaceous,2
sebastian,3
sebby,1
sebum,1
sec,80
secal,1
secarate,1
secateurs,8
secessionism,1
secluded,13
seco,1
secombe,5
secon,1
second,3008
second-fix,1
second-hand,4
second-rate,2
second-string,1
seconda,1
secondary,206
seconded,272
secondees,1
seconder,125
seconders,13
secondhand,36
seconding,58
secondly,263
secondment,1
seconds,315
secr,1
secre,1
secrecy,20
secret,173
secreta,2
secretagolgs,1
secretaire,3
secretaires,1
secretar,1
secretarial,9
secretarian,1
secretariat,4
secretaries,70
secretarium,2
secretary,1008
secretaryship,1
secrete,4
secreted,2
secretion,5
secretions,1
secretive,3
secretly,10
secretory,3
secrets,39
sect,13
sectarian,4
sectarianism,2
section,921
sectional,38
sectionalization,9
sectioned,1
sections,178
sector,627
sectoring,1
sectors,151
sects,4
secular,7
secularism,2
secure,212
secured,37
securely,8
secures,3
securicor,13
securing,21
securities,14
security,507
security-wise,1
sedan,3
sedate,2
sedation,2
sedative,2
sedden,1
seddon,1
sedentary,1
sedge,3
sedgewick,18
sedgewicks,2
sediment,10
sedimentation,4
sedimented,1
sediments,6
sedu,1
seduce,2
seduced,2
seducer,2
seducing,4
seduction,5
seductions,2
see,26026
see-saw,3
see-sawed,1
see-sawing,1
see-through,2
seech,1
seed,111
seeded,2
seeding,4
seedings,2
seedless,2
seedling,2
seedlings,1
seedman,1
seeds,67
seedsman,1
seedy,6
seeing,664
seeings,1
seek,240
seeked,1
seeker,3
seekers,7
seeking,204
seeks,57
seem,1518
seemed,619
seeming,4
seemingless,1
seemingly,21
seemly,1
seems,1926
seen,3845
seep,7
seeped,1
seeping,7
seeple,3
seeps,3
seer,2
sees,200
seesaw,1
seeth,1
seethe,1
seething,4
seft,1
sefton,4
sega,18
segal,2
segas,2
segment,11
segmented,2
segments,4
segre,1
segregate,7
segregated,6
segregating,1
segregation,8
segregationist,1
seiko,1
seine,4
seipei,3
seismograph,1
seize,13
seized,21
seizes,2
seizing,7
seizure,2
seizures,2
sel,7
selassie,1
selberhalfe,1
selby,294
seldom,52
select,166
selected,131
selecting,24
selection,200
selectionism,1
selectionist,2
selectionistic,4
selections,3
selective,31
selectively,6
selectivity,4
selector,4
selectors,2
selects,16
selenium,2
selesians,2
self,509
self-adjusting,1
self-assertion,1
self-aware,2
self-awareness,2
self-benefiting,1
self-build,2
self-catering,2
self-centred,3
self-certificate,1
self-certified,1
self-checking,3
self-confessed,1
self-confidence,6
self-confident,3
self-congratulation,1
self-conscious,5
self-consciousness,2
self-contained,8
self-containment,1
self-control,3
self-criticism,3
self-deception,3
self-declared,1
self-defeating,3
self-defence,1
self-delusions,1
self-deprecating,1
self-destruct,1
self-destructing,1
self-destructive,3
self-determination,2
self-development,4
self-disc,1
self-discipline,4
self-dissuasions,1
self-education,1
self-effacing,1
self-employed,62
self-esteem,5
self-evident,8
self-evidently,3
self-explanatory,4
self-feed,1
self-filling,1
self-financing,2
self-fulfilling,1
self-fulfilment,1
self-generation,1
self-governing,6
self-healing,1
self-help,9
self-imposed,3
self-induced,1
self-indulgence,2
self-indulgent,4
self-inflicted,2
self-insulating,1
self-insuring,1
self-interest,7
self-interested,1
self-justifying,1
self-knowledge,2
self-levelling,1
self-limiting,1
self-locking,1
self-loving,1
self-lubricating,1
self-made,1
self-management,2
self-motivating,1
self-opinionated,1
self-owned,1
self-perpetuating,3
self-pity,2
self-predicating,2
self-propelled,2
self-raising,2
self-referral,1
self-regard,1
self-regulated,1
self-regulation,3
self-regulatory,3
self-reliance,1
self-reliant,1
self-reported,1
self-reports,1
self-reproducing,1
self-respect,1
self-respecting,1
self-responsibility,1
self-revulsion,1
self-righteous,3
self-righteousness,1
self-sacrifice,2
self-sacrificing,1
self-same,1
self-satisfaction,1
self-satisfied,4
self-scripture,1
self-select,2
self-selected,1
self-selecting,2
self-service,4
self-serving,5
self-study,1
self-styled,2
self-sufficiency,2
self-sufficient,3
self-supporting,1
self-supportive,1
self-sustaining,1
self-tapping,1
self-taught,1
self-timer,2
self-validating,1
selfhood,4
selfish,53
selfishly,4
selfishness,7
selfless,2
selflessness,1
selfridge,2
selfridges,6
selhurst,2
selina,4
seljuk,1
selkirk,7
selkirkshire,8
sell,1233
sell-by,3
sell-in,1
sell-offs,1
sell-out,3
sell-outs,1
sellable,4
sellafield,5
sellasie,3
sellatory,1
selled,1
seller,15
sellers,27
selli,1
selling,615
sellotape,23
sellotaped,3
sells,64
selt,1
selvage,1
selvedges,1
selves,22
selwood,1
selwyn,6
semantic,17
semantics,25
semaphore,5
semaria,5
sematic,2
semblance,2
semen,8
semester,11
semi,53
semi-arid,1
semi-automatic,1
semi-autonomous,1
semi-autonomy,1
semi-bungalow,1
semi-carnally,1
semi-circle,1
semi-circular,1
semi-conscious,2
semi-custodial,1
semi-derelict,1
semi-det,1
semi-detached,15
semi-divine,1
semi-executive,1
semi-final,19
semi-finals,15
semi-formal,2
semi-friendly,1
semi-horrible,1
semi-independent,1
semi-landlord,1
semi-mature,1
semi-perforated,1
semi-permanent,2
semi-professional,1
semi-public,1
semi-pureed,1
semi-quango,1
semi-quavers,2
semi-religious,1
semi-retired,2
semi-sa,1
semi-skilled,6
semi-skimmed,4
semi-structured,1
semi-talented,1
semi-unconscious,1
semi-works,1
semibreve,3
semibreves,1
semicircle,7
semicircular,2
semicolon,5
semicolons,1
semiconductors,3
semigrave,1
semina,1
seminar,128
seminars,40
semiprofessional,1
semiquaver,1
semiquavers,3
semis,7
semites,1
semitism,1
semitone,11
semitones,1
semolina,6
semon,4
semonda,1
sen,12
senate,9
senator,10
senators,4
send,1420
send-off,1
sended,1
sender,2
sending,285
sends,69
senile,17
senior,300
seniority,5
seniors,3
senn,2
senna,7
senor,1
senora,5
sens,5
sensation,11
sensational,9
sensationalised,1
sensationalism,1
sensationalist,1
sensationalized,1
sensations,1
sense,1667
sensed,4
senseless,2
senses,43
sensi,1
sensible,295
sensibly,43
sensimental,1
sensing,10
sensitiv,1
sensitive,132
sensitively,11
sensitivities,4
sensitivity,31
sensitized,3
sensor,4
sensors,6
sensory,5
sensual,2
sensuality,8
sensuous,8
sent,1144
sentenc,1
sentence,383
sentenced,14
sentences,91
sentencing,6
sentient,1
sentiment,8
sentimental,18
sentimentality,1
sentiments,11
sentinel,3
sentries,1
sentry,5
seoul,4
sep,5
separable,1
separate,533
separated,64
separately,96
separateness,3
separates,6
separating,18
separation,32
separations,2
separatist,3
separatists,1
separator,2
separators,3
sephied,1
sepsis,4
sept,9
septagon,1
septem,2
september,468
septembers,1
septic,9
septicaemia,4
sepulchral,1
sequel,6
sequence,85
sequenced,4
sequences,9
sequencing,3
sequent,2
sequential,2
sequestered,2
sequestration,1
sequined,1
sequins,6
ser,16
seraph,1
serb,1
serbia,3
serbian,3
serbs,4
serein,4
serena,8
serendipity,2
serene,4
serenity,1
serg,1
sergayiz,1
serge,2
sergeant,154
sergeants,17
sergei,2
sergio,3
seri,2
seria,1
serial,42
serialization,1
serialized,1
serially,1
serials,5
serians,1
serie,1
series,363
serif,1
serifs,4
serin,1
seriou,1
serious,667
seriously,439
seriousness,12
serlison,1
sermaria,3
sermon,27
sermonizing,3
sermons,11
serne,1
serpent,9
serpentarium,1
serpentine,1
serpents,1
serps,8
serrated,1
serum,12
serumchromoglycate,1
serv,6
servant,51
servants,108
serve,252
served,196
server,277
servers,28
serves,67
servi,3
service,2171
serviceable,3
serviced,30
serviceman,3
servicemen,6
servicer,1
services,1435
servicing,40
servicing-wise,1
serviette,4
serviettes,6
servin,1
serving,113
servowarm,3
sery,1
sesame,10
sesh,2
session,307
sessions,90
seston,3
sestron,2
set,2585
set-aside,1
set-back,1
set-off,1
set-to,1
set-up,23
set-ups,2
set-wise,1
setback,6
setbacks,2
setdphones,1
seth,8
sets,302
sett,2
setted,1
settee,88
settees,2
setter,1
setters,3
setting,357
settings,20
settle,163
settled,157
settleme,1
settlement,933
settlements,166
settlerist,1
settlers,6
settles,12
settling,41
setup,47
setups,4
setver,5
sev,8
seve,2
seveal,1
sevel,1
seven,5869
seven-five-one-eight-one,1
seven-goal,1
seven-ish,1
seven-year-old,2
sevenoaks,1
sevenpence,2
sevens,24
sevent,2
sevente,1
seventeen,745
seventeenish,1
seventeens,3
seventeenth,79
seventeenth-century,1
seventh,220
sevenths,13
seventies,145
seventieth,7
seventy,2119
seventy-eight,4
seventy-five,29
seventy-fives,3
seventy-four,5
seventy-nine,10
seventy-one,4
seventy-seven,7
seventy-six,3
seventy-three,3
seventy-two,10
sever,2
several,660
severance,14
severe,149
severed,6
severely,56
severer,1
severiano,1
severing,3
severity,14
severn,51
seville,9
sew,33
sewage,69
sewages,1
sewed,7
sewer,24
sewerage,11
sewers,13
sewi,1
sewing,86
sewn,12
sex,512
sex-type,1
sexes,26
sexism,8
sexist,25
sexless,1
sexta,1
sextant,1
sexton,9
sextry,1
sexual,173
sexuality,38
sexualization,1
sexually,57
sexually-orientated,1
sexy,43
seychelles,2
seymour,2
sh,621
sha,180
shaalan,1
shabba,1
shabby,7
shack,17
shacked,1
shackelock,1
shackle,2
shackled,1
shackles,3
shackleton,5
shackletons,1
shackling,1
shacks,4
shad,4
shade,42
shaded,15
shades,39
shading,6
shadow,115
shadowed,1
shadowing,4
shadows,10
shadowy,6
shady,12
shaft,57
shafted,2
shafting,7
shafts,13
shag,38
shagged,14
shagging,18
shaggy,14
shah,2
shak,1
shake,108
shake-up,1
shakeara,4
shaked,1
shaken,13
shaker,2
shakers,2
shakes,9
shakespeare,137
shakespearean,7
shakiest,1
shakily,2
shaking,72
shaky,14
shal,2
shalford,1
shall,2739
shallard,4
shallow,40
shallower,2
shally,1
shalom,1
shalt,8
sham,5
shama,1
shambles,8
shambling,1
shambrook,1
shame,462
shamed,1
shameer,1
shameful,15
shamen,1
shamir,10
shamp,1
shampoo,41
shampooed,2
shampooing,3
shampoos,7
shamrock,2
shamrocks,1
shams,1
shan,1
shana,5
shandies,1
shandy,20
shane,33
shaney,6
shanghai,11
shangri,3
shank,1
shankhill,5
shanks,3
shanners,2
shannon,2
shanson,1
shanty,6
shanwick,1
shape,311
shaped,75
shapely,2
shapen,3
shaper,6
shapers,6
shapes,60
shaping,13
shapinsay,4
shapiro,2
shar,1
sharable,2
sharan,10
shard,1
share,699
shareable,4
shared,235
shareen,2
shareh,1
shareholder,20
shareholders,48
shareholding,4
sharer,3
shares,214
shariff,5
sharing,164
sharings,2
shark,18
sharking,1
sharks,9
sharn,1
sharne,2
sharon,146
sharp,180
sharpees,1
sharpen,19
sharpened,11
sharpener,12
sharpeners,5
sharpening,9
sharper,5
sharpest,1
sharpish,2
sharply,10
sharpness,14
sharps,3
sharwoods,1
shashin,1
shat,5
shatner,3
shatter,12
shattered,61
shattering,4
shatters,1
shaun,62
shave,80
shaved,53
shaven,4
shaver,7
shaves,4
shavina,4
shaving,29
shavings,2
shaw,19
shawcroft,1
shawl,9
shaws,1
shaz,1
she,42939
shea,1
sheaf,16
sheafed,1
sheahy,6
shear,5
shearer,7
shearing,9
shears,10
sheath,6
sheaths,1
sheaves,24
sheba,3
shebumkin,1
shec,1
shed,217
shedding,4
sheds,33
shee,18
sheeba,5
sheehey,1
sheehy,1
sheen,6
sheena,9
sheep,365
sheep-like,1
sheepcote,1
sheepdog,7
sheepdogs,1
sheepish,2
sheepishly,2
sheeplike,1
sheepmart,1
sheeps,6
sheepskin,6
sheepskins,1
sheer,65
sheered,1
sheerer,2
sheering,1
sheerness,1
sheers,1
sheesh,1
sheet,554
sheeted,1
sheeter,1
sheeting,10
sheets,256
sheffi,1
sheffield,94
shehee,2
sheichernich,1
sheik,1
sheila,134
sheilas,1
shekel,3
shel,47
shelabruse,1
sheldon,2
sheldrake,1
shelf,111
shelford,2
shell,140
shell-likes,1
shellac,1
shelley,59
shellfish,1
shelling,3
shello,1
shells,32
shellsuit,2
shellsuits,1
shelly,7
shelten,2
shelter,73
sheltered,31
sheltering,2
shelters,18
shelve,12
shelved,3
shelves,80
shelving,4
shenanigans,1
shenfield,2
shenley,7
shennington,1
shep,2
shephard,1
shepherd,68
shepherded,1
shepherding,1
shepherds,21
shepkey,2
sheppard,7
sheppards,2
sheppeards,3
shepperton,1
shepshed,2
sher,1
sheratons,2
sherbet,4
sherbets,2
sherburn,5
sherd,1
shereen,6
shergar,2
sherice,1
sheridan,3
sheridon,1
sheriff,29
sheriffs,1
sheringham,1
sheriton,2
sherlock,5
shermans,1
sherpa,3
sherpas,1
sherries,2
sherrif,1
sherringham,2
sherrington,1
sherry,92
sherwin,1
sherwood,32
shetland,20
shetlanders,1
shevardnadze,1
sheverdnaze,2
sheverlay,1
shh,355
shhh,6
shhhh,2
shi,13
shia,1
shibayama,1
shibboleths,1
shied,2
shield,85
shielding,1
shields,27
shier,1
shies,1
shift,327
shifted,52
shifter,1
shifting,55
shifts,91
shiftwork,3
shifty,4
shiite,1
shilli,1
shilling,81
shillingford,4
shillings,136
shillington,1
shilly,1
shilton,17
shim,1
shimmer,4
shimmering,1
shimmies,1
shimmy,7
shimon,2
shin,7
shinar,1
shine,66
shineberg,2
shined,1
shiners,1
shines,14
shingle,4
shingles,12
shinier,3
shining,53
shinned,1
shins,1
shinwells,1
shiny,61
shinyish,1
ship,313
shipbuilder,1
shipbuilding,3
shiplake,2
shipley,2
shipment,9
shipments,1
shipped,21
shipper,1
shippers,1
shipping,33
ships,135
shipston,4
shipstons,1
shipton,4
shipton-on-cherwell,2
shipton-under-wychwood,1
shipway,1
shipyard,7
shipyards,9
shire,12
shires,1
shirk,3
shirked,1
shirl,14
shirley,150
shirt,218
shirts,76
shirty,1
shish,1
shit,706
shit-arse,1
shit-hot,1
shitcart,1
shite,15
shithouse,1
shitler,2
shits,10
shitted,4
shitter,2
shittiest,1
shittily,1
shitting,21
shitty,22
shiver,16
shivered,4
shivering,11
shivers,1
sho,57
shock,225
shocked,68
shocker,6
shockers,2
shocking,58
shocks,7
shod,3
shodden,2
shodding,1
shoddy,5
shoe,158
shoeing,6
shoemaker,6
shoemakers,2
shoes,552
shoestring,1
shogun,2
shola,3
shona,4
shone,11
shoo,12
shook,30
shooooo,1
shoosh,2
shoot,150
shooted,5
shooter,5
shooters,3
shooting,111
shootings,12
shootout,1
shoots,41
shop,2034
shop-lifting,1
shop-soiled,1
shopfitting,1
shopfloor,8
shopfloors,1
shopkeeper,7
shopkeepers,10
shopkeeping,1
shoplifters,1
shoplifting,6
shopped,5
shopper,7
shoppers,22
shopping,619
shoppings,1
shops,677
shopsoiled,1
shor,3
shore,49
shorebury,1
shored,2
shoreham,3
shoreline,1
shores,6
shoresea,2
shorey,1
shorncliffe,2
shorned,1
shorrocks,1
short,1364
short-changed,1
short-cuts,1
short-fall,1
short-funding,1
short-listed,1
short-lived,3
short-sighted,2
short-sightedness,1
short-tempered,2
short-term,55
short-termism,5
short-time,1
shortage,86
shortages,21
shortbread,5
shortcake,2
shortcoming,1
shortcomings,4
shortcrust,1
shortcut,3
shortcuts,3
shorted,1
shorten,18
shortened,13
shortener,2
shorteners,2
shortening,5
shortens,3
shorter,122
shortest,26
shortfall,62
shorthand,28
shorthanded,2
shortheath,1
shorthorn,4
shortie,1
shorties,1
shorting,1
shortish,3
shortlist,1
shortly,187
shortness,2
shorts,76
shortsighted,4
shortstaffed,1
shortwood,5
shorty,2
shot,497
shotgun,28
shotguns,9
shotley,1
shots,66
shotted,1
shotten,5
shottle,1
shottley,4
shou,10
shoul,1
should,12168
shoulder,192
shoulder-less,1
shouldered,2
shoulders,119
shouldn,1
shout,272
shouted,91
shouters,1
shouting,206
shouts,19
shove,107
shoved,49
shovel,42
shovelling,4
shovels,9
shoves,1
shoving,18
show,2286
show-card,1
show-off,1
show-work,1
showaddywaddy,4
showbiz,1
showed,377
showens,1
shower,235
showered,3
showergel,1
showers,63
showery,3
showground,2
showing,548
showings,2
showjumping,2
showman,3
showmen,3
shown,415
showpiece,1
showroom,12
showrooms,14
shows,550
showy,1
shr,1
shra,1
shrank,1
shrapnel,4
shred,2
shredded,6
shredder,2
shreddie,1
shreddies,5
shredding,2
shreds,8
shrew,1
shrewd,4
shrewdest,1
shrewsbury,102
shri,1
shriek,6
shrieking,7
shrieks,1
shrift,1
shrill,1
shrilly,1
shrimp,11
shrimper,1
shrimps,7
shrimpton,1
shrimpy,39
shrine,3
shrines,1
shring,2
shrink,17
shrink-wrapping,1
shrinking,8
shrinks,4
shrivel,1
shrivelled,1
shrivels,3
shropshire,82
shroud,8
shrouded,7
shrouds,3
shrove,2
shrub,20
shrubbery,1
shrubby,2
shrubs,10
shrug,4
shrugged,5
shrugs,1
shrunk,9
shrunken,2
shu,6
shubber,2
shucks,2
shudder,5
shuddered,4
shuddering,2
shuf,1
shuff,2
shuffalot,1
shuffle,50
shuffled,6
shuffling,20
shuffly,2
shufty,1
shug,1
shukman,1
shum,1
shun,3
shung,1
shunt,10
shunted,4
shunter,7
shunters,11
shunting,5
shuntings,1
shur,11
shush,31
shuss,2
shut,1149
shut-down,3
shut-up,1
shut-upa-your-face,2
shutdown,1
shutes,4
shuts,26
shutted,1
shutter,6
shuttering,1
shutters,17
shutting,50
shuttle,27
shuttlecock,3
shuttled,1
shuttles,1
shuttleworth,1
shuttling,1
shuttlings,1
shwoo,1
shwooh,1
shwooo,1
shy,67
shyer,1
shyes,1
shying,3
shylock,1
shylockish,2
shyly,1
shyness,2
shyster,2
shysters,2
si,201
sia,1
siam,1
siamese,3
sian,6
sibble,3
siberia,2
sibford,1
sibilant,1
sibling,18
siblings,21
sibo,3
sibsey,2
sic,5
sici,1
sicilian,1
sicily,1
sick,665
sickened,2
sickening,10
sickens,2
sickle,5
sickles,2
sickly,15
sickness,95
sicknesses,6
sicky,2
sid,56
sidcup,5
side,3884
side-by-side,1
side-cars,4
side-effects,1
side-stepping,1
side-track,1
sideboard,24
sideboards,2
sideburns,2
sidecar,14
sidecars,1
sided,27
sidekick,2
sideline,2
sidelines,6
sides,462
sideshow,1
sidestep,2
sidestepping,1
sidetrack,1
sidetracked,5
sidetracking,1
sidewards,5
sideways,29
siding,9
sidings,17
sidled,2
sidmouth,1
sidney,22
sidvale,1
sie,5
siege,23
siemens,1
sien,2
sierra,65
sierras,1
siesta,10
sieve,12
sift,2
sifted,1
sifting,2
sig,7
sigh,13
sighed,2
sighing,4
sighs,1
sight,230
sight-read,1
sighted,28
sighting,1
sightings,1
sights,13
sightseeing,8
sightseers,1
sigma,4
sigmund,6
sign,674
sign-writers,1
signa,1
signal,142
signalled,8
signalling,10
signalman,7
signalmen,7
signals,66
signatories,9
signatory,6
signature,65
signatures,63
signed,246
signee,2
signers,1
signet,6
signi,1
signifi,1
signific,1
significance,98
significances,1
significant,409
significantly,122
signification,1
signifidant,1
signified,2
signifies,2
signify,3
signifying,2
signing,102
signings,1
signor,1
signpost,13
signposted,3
signposting,2
signposts,2
signs,211
signwriter,1
sigourney,1
sikh,9
sikhism,4
sikhs,2
sil,2
silage,9
silas,6
silcott,3
sileby,3
silegions,2
silence,85
silences,3
silent,63
silently,2
silesians,1
silhouette,5
silhouettes,1
silica,3
silicate,5
silicon,13
silicon-based,1
silicone,10
silk,59
silkcounters,2
silko,1
silks,1
silky,8
sill,19
silliest,3
sillily,2
silliness,4
sillocks,5
sills,5
silly,685
silo,1
silos,2
silt,6
silted,2
silts,2
silty,1
silus,1
silver,188
silverdale,1
silverhill,1
silverlands,1
silverman,2
silvers,2
silverside,2
silversmithing,1
silverstein,1
silverstone,8
silverware,2
silvery,13
silvester,1
sim,11
sime,2
simeon,1
simes,5
simil,1
similar,721
similarities,23
similarity,25
similarly,71
simile,1
simm,1
simmental,1
simmer,3
simmered,1
simmering,1
simmonds,1
simmone,18
simmons,5
simms,5
simo,2
simon,375
simone,3
simons,2
simp,3
simple,837
simpler,55
simples,1
simplest,39
simpleton,1
simplex,1
simplicity,14
simplification,7
simplified,16
simplifies,2
simplify,12
simplifying,2
simplistic,17
simplistically,3
simply,1013
simpson,79
simpsons,4
sims,8
simulate,7
simulated,5
simulation,4
simulations,3
simulator,11
simult,1
simultaneous,17
simultaneously,26
sin,168
sinaed,2
sinai,1
sinatra,4
sinbad,1
since,2048
sincere,17
sincerely,42
sincerer,1
sincerest,1
sincerity,8
sinclair,12
sincure,1
sindal,1
sinderford,3
sindy,5
sine,130
sinead,19
sines,7
sinful,25
sinfulness,1
sing,509
sing-along,2
sing-song,2
sing-songs,1
singapore,27
singaporeans,1
singed,4
singer,109
singers,29
singing,326
single,997
single-handedly,1
single-hander,1
single-line,1
single-minded,2
single-mindedly,2
single-mindedness,1
single-transferable,1
single-wicket,1
singled,7
singlehanded,1
singles,20
singling,5
singly,2
sings,19
singsong,3
singsongs,1
singular,11
singularity,1
singularly,10
singulatum,1
sinh,1
sinister,8
sink,187
sink-bath,1
sink-into,1
sinked,2
sinker,2
sinkhole,1
sinking,20
sinkings,1
sinks,18
sinless,2
sinlessness,1
sinned,14
sinner,25
sinners,58
sinning,7
sinot,1
sins,78
sinuous,1
sinus,10
sinuses,6
sinusitis,1
sinusoidally,4
siobahn,1
siobhan,7
sip,8
siphon,2
siphoned,1
sipping,2
sips,5
sir,1484
sire,1
siren,16
sirens,20
siriasis,1
sirloin,7
sirocco,3
sirree,1
sirs,1
sis,16
sissinghurst,2
sissons,2
sissy,1
sister,636
sister-in-law,17
sister-in-laws,2
sisters,171
sisth,1
sisthy,1
sistine,2
sit,2192
sit-com,3
sit-in,1
sitcoms,2
site,825
sited,10
sites,589
siting,11
sits,167
sitt,1
sitter,12
sitters,2
sitting,1314
sitting-down,1
sittings,3
situ,4
situa,4
situated,35
situating,2
situation,1824
situational,2
situations,226
six,8973
six-day,1
six-foot,1
six-mile,2
six-month,1
six-ninety,2
six-one,1
six-sided,1
six-thirty,2
sixes,58
sixish,2
sixpence,105
sixpences,4
sixpenny,2
sixsmith,1
sixt,5
sixtee,1
sixteen,1108
sixteen-plus,2
sixteen-to-eighteen-year-old,1
sixteen-year-olds,1
sixteener,1
sixteens,2
sixteenth,81
sixteenths,4
sixth,418
sixthly,2
sixths,42
sixties,151
sixtieth,5
sixtieths,2
sixty,3047
sixty-eight,4
sixty-fifth,1
sixty-five,15
sixty-four,6
sixty-nine,6
sixty-odd,2
sixty-one,9
sixty-seven,1
sixty-six,4
sixty-three,3
sixty-two,2
sizable,8
size,1085
sizeable,6
sized,26
sizes,105
sizewell,6
sizing,2
sizzle,5
sizzling,7
sj,1
sk,8
ska,1
skanky,2
skate,7
skateboard,14
skateboarders,2
skateboarding,4
skateboards,7
skated,2
skater,2
skates,21
skating,37
ske,1
skeel,1
skeggie,3
skeggy,3
skegness,29
skegs,1
skeilth,3
skeldergate,1
skelet,1
skeletal,11
skeleton,34
skeletons,11
skeletor,1
skellington,1
skelm,3
skelmersdale,3
skelmey,1
skelter,1
skelton,124
skerries,1
skerrymor,20
sketch,54
sketched,2
sketches,14
sketching,9
sketchley,1
sketchy,6
skew,2
skew-whiff,2
skew-wiff,1
skewed,5
skewer,3
skewing,2
ski,62
skid,4
skidded,6
skidding,2
skids,2
skied,7
skier,1
skiers,2
skies,15
skiff,1
skiffle,2
skiing,100
skil,1
skilastic,3
skilasticity,7
skilful,14
skill,172
skill-free,1
skillbase,2
skilled,61
skillerlized,1
skillery,6
skilling,1
skills,408
skim,12
skimmed,11
skimmers,1
skimming,3
skimp,4
skimped,1
skimping,2
skimpy,4
skims,2
skin,345
skin-tight,1
skinflint,1
skinful,3
skingy,1
skinhead,3
skinlid,3
skinned,8
skinner,10
skinnier,3
skinning,3
skinny,62
skins,34
skint,24
skip,75
skipped,7
skipper,13
skippering,1
skippers,2
skipping,25
skippy,2
skips,15
skiptia,1
skipton,8
skiptov,1
skirmish,4
skirmishes,1
skirmishing,1
skirt,140
skirting,14
skirtings,1
skirts,27
skis,14
skiside,1
skittish,1
skittle,4
skittled,1
skittles,9
skive,8
skived,3
skiver,1
skivers,1
skiving,9
skivvies,2
skivvy,5
skivvying,3
sko,1
skoda,14
skodas,2
skrandert,1
skulduggery,1
skull,25
skullcap,2
skulls,1
skunk,2
sky,246
sky-high,1
sky-rocket,1
sky-writing,1
skye,3
skylight,4
skyline,3
skyrocket,1
skyscape,1
skyscraper,2
skytrain,1
skywalker,1
sl,18
sla,1
slab,12
slabs,19
slack,23
slacked,1
slacken,5
slackened,1
slackening,1
slacking,1
slacks,2
slade,2
slag,45
slagged,4
slagging,18
slaggy,1
slags,2
slain,1
slalom,5
slam,21
slammed,17
slamming,6
slander,5
slandering,1
slanderous,2
slanders,1
slang,38
slanging,10
slant,15
slanted,2
slanting,3
slap,80
slap-up,2
slapdash,1
slaphead,3
slapped,21
slapper,9
slapping,9
slappity,1
slappy,1
slaps,1
slapstick,4
slapton,1
slash,38
slash-and-burn,2
slashed,15
slasher,1
slashing,5
slate,133
slateford,1
slater,3
slaters,3
slates,49
slats,5
slattery,2
slaughter,19
slaughtered,10
slaughterers,1
slaughterhouse,19
slaughterhouses,3
slaughtering,10
slaughterman,3
slave,21
slaved,1
slavery,11
slaves,16
slaving,4
slavish,1
slavonic,2
slay,3
slayney,1
slazenger,2
sle,4
sleaford,4
sleaze,2
sleazeball,2
sleazy,3
sled,1
sledding,1
sledge,2
sledgehammer,8
sledgehammers,1
sledges,2
sledging,1
sleds,1
slee,1
sleek,4
sleep,836
sleeper,11
sleepers,3
sleepily,1
sleeping,251
sleepless,9
sleeps,34
sleeptalk,1
sleeptalking,1
sleepwalk,1
sleepwalked,2
sleepwalking,2
sleepwalks,1
sleepwear,1
sleepy,39
sleet,10
sleety,2
sleev,1
sleeve,51
sleeved,3
sleeveless,3
sleeves,52
sleeving,1
sleigh,6
sleighs,1
slender,6
slept,120
sleuth,2
sli,14
slice,87
sliced,37
slicer,4
slices,42
slicing,8
slick,20
slicked,1
slickly,1
slicks,2
slid,20
slide,180
slided,1
slider,1
slides,74
slidey,1
sliding,54
slight,184
slighted,1
slightest,40
slightly,781
slights,1
slim,70
slimbridge,2
slime,4
slimer,2
slimfast,1
sliml,1
slimline,3
slimmed,2
slimmer,7
slimmers,3
slimming,23
slimmish,1
slimy,5
sline,1
slines,5
sling,56
slinging,8
slings,10
slingshot,1
slinked,1
slinky,2
slip,187
slip-ons,4
slip-road,1
slippage,3
slipped,79
slipper,16
slippers,68
slippery,44
slipping,39
slippy,7
slips,47
slipshod,2
slipstream,3
slipway,2
slipways,1
slit,11
slither,2
slithering,1
slits,3
slitshot,1
slitting,1
slitty,3
slivers,1
slo,1
sloane,2
slob,16
slobber,1
slobbering,1
slobbery,1
slobbing,1
sloberdan,1
slobo,2
sloboda,1
slobodan,5
slobodavian,1
slobs,1
slog,8
slogan,18
sloganned,1
slogans,11
slogged,2
slogger,1
sloggi,1
sloke,1
sloman,3
sloop,2
sloopy,2
sloosh,1
slop,7
slope,70
sloped,3
slopes,18
slopey,1
slopeys,1
sloping,13
slopped,2
sloppiness,1
slopping,1
sloppy,23
slops,1
slosh,5
sloshed,2
sloshing,1
slot,77
sloth,2
slothlike,1
slots,48
slotted,6
slotting,3
slouch,3
slouching,2
slough,15
slovakia,2
slovakian,1
slovaks,2
slovan,1
slovenia,1
slovenians,1
slovenly,3
slow,372
slow-moving,4
slowed,24
slower,69
slowest,3
slowing,37
slowly,220
slowness,3
slows,20
sludge,18
sludges,2
sludging,2
sludgy,2
slug,11
slugging,1
sluggish,6
slugs,4
sluice,4
sluices,1
slum,11
slumber,3
slumbering,1
slumbers,2
slump,17
slumped,2
slums,11
slung,9
slur,3
slurp,8
slurping,2
slurries,1
slurring,1
slurry,12
slush,3
slushers,2
slut,14
slutty,1
sly,12
sm,12
sma,6
smack,96
smacked,27
smacker,1
smackerooney,1
smacking,10
smacks,8
smales,1
small,2275
small-ish,1
small-scale,3
smaller,437
smallest,54
smallholder,3
smallholding,5
smallholdings,3
smallish,3
smallness,2
smallpox,8
smalls,2
smallwood,2
smar,2
smarm,1
smart,200
smartarses,1
smarten,1
smartened,1
smarter,8
smartie,4
smarties,25
smarting,1
smartish,1
smartly,9
smarts,1
smash,60
smashed,84
smasher,3
smashes,3
smashing,123
sme,1
smear,15
smeared,2
smearing,1
smears,2
smeary,1
smedley,4
smedleys,1
smeg,2
smeggy,1
smeichel,1
smell,429
smelled,7
smellies,8
smelling,23
smells,131
smelly,56
smelt,38
smethwick,3
smi,1
smidge,1
smidgen,1
smile,112
smiled,33
smiler,2
smiles,23
smiley,2
smiling,63
smir,4
smirf,1
smirk,1
smirked,1
smirking,3
smirring,1
smith,268
smithfield,4
smithmark,3
smiths,50
smithy,12
smitten,1
smo,8
smock,3
smocked,2
smocks,7
smog,17
smoggy,1
smok,1
smokalizer,1
smoke,456
smoke-busters,1
smoke-free,1
smoked,56
smokehouse,3
smokeless,7
smoker,39
smokers,22
smokes,43
smokescreen,1
smokey,3
smoking,315
smoky,11
smollett,1
smooth,64
smoothed,1
smoother,6
smoothest,1
smoothing,3
smoothly,22
smoothness,4
smooths,1
smoothy,1
smother,3
smothered,3
smothering,2
smothers,2
smoulder,2
smouldering,6
smu,1
smudge,2
smug,5
smuggle,2
smuggled,5
smugglers,1
smuggling,5
smugly,1
smugness,3
smurf,3
smut,1
smuts,2
smutty,1
smythe,1
sn,4
sna,3
snack,21
snacks,8
snade,1
snag,13
snagged,1
snags,3
snail,25
snail-like,1
snails,10
snainton,5
snake,36
snaked,1
snakes,28
snakesborough,2
snakeskin,2
snaking,1
snaky,1
snap,72
snap-shot,2
snapped,34
snapper,1
snapping,5
snappy,10
snaps,15
snapshot,8
snapshots,2
snare,12
snares,2
snaring,2
snarl-ups,1
snarled,2
snarling,2
snas,1
snatch,11
snatched,11
snatchers,1
snatches,1
snatching,5
snazzy,4
sneak,35
sneaked,7
sneakily,2
sneaking,6
sneaks,9
sneaky,16
sneck,5
sneer,1
sneered,2
sneering,4
sneeze,21
sneezed,1
sneezes,4
sneezing,15
sneezy,7
snenton,1
snetterton,1
snib,3
snicker-snack,1
snickers,2
snicket,3
snide,3
snidey,3
sniff,22
sniffed,6
sniffer,1
sniffing,20
sniffle,1
sniffles,2
sniffs,1
sniffy,1
snigger,3
sniggered,3
sniggering,8
snip,34
snipe,1
sniper,2
sniping,1
snippet,3
snippets,5
snipping,2
snips,1
snivelling,2
snivels,1
sno,3
snob,8
snobbery,1
snobbish,5
snobby,7
snobs,3
snog,26
snogged,5
snogger,2
snogging,10
snoods,2
snook,3
snooker,71
snooks,3
snoop,1
snooper,1
snoopers,3
snooping,1
snoopy,11
snooty,2
snooze,6
snorbits,1
snore,16
snores,11
snoring,25
snorkel,1
snorkelling,1
snort,1
snorting,1
snorts,2
snory,2
snot,7
snotface,1
snotty,10
snout,3
snow,271
snow-blower,1
snow-plough,1
snowball,21
snowballed,2
snowballs,3
snowden,1
snowdon,1
snowdonia,7
snowdrop,2
snowdrops,18
snowed,16
snowflakes,1
snowing,24
snowman,36
snowmen,1
snowpake,1
snowplough,1
snows,3
snowsuits,1
snowy,7
snub,18
snubbed,1
snubs,3
snuck,3
snuff,16
snuff-bottle,3
snuffle,1
snuffley,1
snuffs,1
snug,3
snuggle,4
snuggled,2
snuggles,2
snuggs,1
snugly,1
so,56273
so-and-so,13
so-called,69
so-so,1
soak,25
soaked,35
soaking,37
soaks,3
soaky,5
soap,141
soap-like,1
soaping,2
soaps,21
soapstone,6
soapy,7
soar,1
soared,2
soaring,8
soars,1
sob,5
sobbed,4
sobbing,2
sober,22
sobered,3
sobering,2
soberly,2
soc,8
soccer,33
soci,2
sociabilities,1
sociability,21
sociable,11
sociably,1
sociadad,2
social,1201
sociali,1
socialis,1
socialisation,3
socialise,3
socialised,1
socialising,3
socialism,81
socialisms,1
socialist,75
socialistic,1
socialists,15
socialites,1
sociality,1
socialization,16
socialize,5
socialized,2
socializes,1
socializing,5
socially,43
socials,3
socie,1
societal,4
societies,133
society,928
socio,4
socio-biology,1
socio-cultural,3
socio-economic,3
socio-linguistics,1
socioeconomic,4
sociological,9
sociologically,1
sociologist,3
sociologists,10
sociology,27
sock,32
socked,1
socket,51
socket-like,1
sockets,24
sockies,1
sockless,2
socks,211
socky,1
socrates,19
sod,188
soda,26
sodas,1
sodded,1
sodden,3
sodding,22
soddy,1
sodium,94
sodom,3
sodone,1
sods,24
sofa,35
sofabed,1
sofar,1
sofas,5
sofia,3
sofradex,4
soft,270
soft-headed,1
soft-top,1
softee,1
soften,12
softened,2
softener,4
softening,2
softens,2
softer,18
softest,2
softie,1
softly,14
softly-softly,1
softness,4
software,172
softwood,1
softy,4
soggy,23
soh,6
soham,6
soho,2
soil,102
soiled,2
soilless,1
soils,2
soiree,1
sojourners,2
soken,1
sol,6
solace,2
solar,34
solarium,4
solaro,2
sold,666
solder,12
soldered,4
solderer,1
soldering,7
soldern,5
soldier,67
soldiered,3
soldiers,119
sole,68
soled,5
solely,50
solemn,16
solemnly,2
solenoid,10
solent,1
soles,21
solhall,1
soli,2
solicit,1
soliciting,2
solicitor,267
solicitors,169
solicitous,1
solid,187
solidarity,31
solidifies,1
solidity,1
solidly,11
solids,7
solihull,10
soliloquy,3
solitaire,1
solitary,10
solitude,6
solly,2
solo,30
soloing,1
soloist,1
soloists,2
solomon,6
solomons,2
solos,3
solphadeine,1
solphadeines,1
solstice,2
solubilities,1
solubility,1
soluble,18
solubles,1
solution,248
solutions,75
solv,1
solve,143
solved,50
solvencies,1
solvency,11
solvent,16
solvents,6
solver,1
solves,8
solving,55
solvite,3
som,46
soma,1
somali,2
somalia,13
somalis,2
somaria,11
sombre,1
sombreal,1
some,20660
someb,1
somebo,1
somebod,2
somebodies,1
somebody,4240
somebodys,1
someday,4
somefink,4
somehow,326
someo,2
someone,1882
somersault,2
somersaulted,1
somersaults,4
somerset,22
somerville,2
somervilles,2
somes,1
somet,3
someth,3
somethi,2
somethin,1
something,13380
somethings,4
someti,2
sometim,1
sometime,127
sometimes,2061
somew,1
someway,3
somewhat,183
somewhere,1793
sommat,13
somme,6
sommerby,1
sommersby,1
son,743
son-in-law,23
son-in-laws,1
sonar,2
sonata,9
song,395
songbook,1
songed,1
songs,160
songwriter,3
sonia,8
sonic,8
soniere,1
sonnet,1
sonnets,2
sonny,17
sonore,1
sons,135
sonship,1
sony,50
sonyou,1
soo,13
sookey,2
soon,857
soon-to-be-opened,1
sooner,148
soonest,1
soonish,2
soons,1
soot,17
sooth,1
soothe,2
soothed,1
soother,1
soothes,8
soothing,6
sooty,15
sop,5
soph,1
sophia,5
sophie,38
sophisticated,97
sophistication,6
sople,3
sopping,1
soppy,3
soprano,6
sopranos,1
sor,29
sorarie,1
sorbet,6
sorcerer,3
sorceress,2
sordid,5
sore,195
sorely,1
soreness,3
sores,7
sorous,2
sorried,1
sorriest,1
sorrow,21
sorrowful,1
sorrows,2
sorry,4467
sort,7587
sorted,439
sortie,2
sorties,1
sorting,108
sortof,1
sorts,921
sos,4
sot,5
sotheby,2
sotherby,3
sotino,2
soto,1
sottle,7
sou,9
souchong,1
souf,1
souffle,4
sought,96
sought-after,1
souk,1
soul,127
soully,1
souls,12
soun,2
sound,856
sound-alike,1
sound-o,1
soundcheck,1
soundchecking,1
sounded,118
sounding,31
soundings,2
soundly,6
soundness,2
soundproofed,1
soundproofing,1
sounds,879
soundtrack,6
souness,1
sounness,3
soup,169
soupcon,1
soups,6
sour,23
sourc,1
source,197
sourced,2
sources,126
soured,1
souring,1
sourpuss,1
sours,1
sousse,1
sout,1
south,1291
south-east,7
south-west,2
south-westerly,4
southall,5
southam,3
southampton,64
southbend,2
southbound,20
southchurch,1
southeast,18
southeastern,1
southend,31
southend-on-sea,1
souther,1
southern,301
southerner,2
southerners,1
southfield,2
southfork,1
southgate,9
southlands,3
southmead,10
southmoor,1
southport,12
southsea,8
southshall,1
southward,1
southwards,3
southwell,60
southwest,13
southwestern,13
southwick,4
southwold,28
southwood,1
southyork,1
souvenir,5
souvenirs,4
souverks,1
souza,2
sovereign,28
sovereigns,3
sovereignty,13
soviet,200
soviet-american,1
soviets,20
sow,9
sowed,3
sowerby,1
soweto,3
sowfend,1
sowing,6
sown,11
sows,1
soy,1
soya,4
sp,44
spa,19
space,834
spacecraft,2
spaced,14
spaced-out,1
spaceman,9
spacemen,1
spacers,6
spaces,112
spacesaver,1
spaceship,4
spaceships,1
spacial,3
spacing,12
spacious,5
spackman,3
spade,37
spader,1
spades,5
spadge,2
spafford,1
spaghet,1
spaghetti,49
spain,149
spaky,1
spalding,7
spalling,1
spam,10
spambo,1
span,34
spandau,1
spangled,2
spania,1
spaniard,1
spaniards,1
spaniel,18
spaniels,5
spaniely,1
spanish,100
spank,2
spanking,6
spanks,1
spanned,3
spanner,24
spanners,6
spannier,5
spanning,3
spanos,1
spans,3
spar,9
sparbrook,1
spare,333
spared,11
spares,33
sparford,1
sparing,1
spark,33
sparked,6
sparkers,1
sparkie,5
sparking,2
sparkle,8
sparkled,2
sparkler,3
sparklers,6
sparkling,15
sparks,48
sparky,1
sparring,5
sparrow,9
sparrows,5
spars,2
sparse,8
sparsely,3
sparsest,1
sparsity,3
spart,1
spartan,7
spas,1
spasm,3
spasmodic,1
spasmodically,2
spasms,3
spastic,17
spasticated,1
spasticity,1
spastics,10
spat,14
spate,15
spatial,15
spatially,1
spats,1
spatula,6
spawn,3
spawned,1
spayed,3
spe,13
spea,4
speak,1327
speake,1
speaker,391
speakers,234
speaking,739
speaks,106
spear,11
spearhead,3
spearing,1
spearman,5
spearmint,2
spears,7
spec,27
speci,2
specia,1
special,1308
special-purpose,1
specialisation,4
specialise,6
specialised,13
specialises,6
specialising,2
specialism,5
specialisms,5
specialist,141
specialists,39
specialities,3
speciality,11
specialization,7
specialize,19
specialized,43
specializes,3
specializing,5
specially,127
specials,19
speciation,2
specie,1
specieism,1
species,132
speciesist,3
specifiably,2
specific,598
specifically,253
specification,74
specifications,24
specificity,3
specifics,7
specified,43
specifies,1
specify,47
specifying,8
specimen,15
specimens,1
speck,7
specked,1
speckled,15
speckles,2
specks,1
specs,10
spectac,1
spectacle,14
spectacles,6
spectacular,33
spectacularly,3
spectating,1
spectator,10
spectators,5
spective,1
spectre,6
spectrometry,1
spectroscopic,1
spectrum,44
speculate,18
speculated,3
speculating,3
speculation,34
speculations,2
speculative,23
speculatively,1
speculator,1
speculators,8
speculum,2
sped,4
spee,2
speech,320
speeches,49
speechless,2
speed,529
speed-type,1
speedboat,2
speeded,8
speeders,1
speedier,1
speedily,12
speeding,33
speedometer,2
speeds,32
speedway,22
speedy,83
speel,1
speery,1
spef,1
spel,1
spell,419
spellbound,3
spellcheck,1
spellchecker,2
spelled,3
speller,4
spelling,143
spelling-corrector,1
spellings,43
spells,35
spelt,108
spelted,1
spen,3
spence,8
spencefield,1
spencer,60
spencers,106
spend,1089
spendable,1
spended,1
spender,3
spenders,1
spending,536
spends,65
spendthrift,1
spennymore,1
spenser,1
spenson,1
spent,787
sperm,31
spew,6
spewed,8
sphere,20
spheres,2
spherical,1
spi,4
spice,29
spicer,4
spices,10
spick,2
spicy,15
spid,1
spider,106
spiderma,1
spiderman,7
spiders,18
spidery,1
spied,1
spiel,10
spieling,1
spies,9
spiff,1
spiffing,1
spike,23
spiked,4
spikes,16
spikey,1
spiky,4
spill,42
spillage,12
spillages,3
spilled,6
spiller,1
spillers,2
spilling,17
spills,9
spilsby,2
spilt,37
spin,60
spin-off,8
spin-offs,2
spina,2
spina-bifida,1
spinach,7
spinal,23
spinally,1
spinces,1
spindle,12
spindles,7
spindly,6
spine,15
spines,1
spinical,1
spink,2
spinks,2
spinner,12
spinners,4
spinney,2
spinning,48
spinning-top,1
spinny,3
spins,15
spinster,1
spinsters,2
spir,1
spiral,18
spirally,1
spire,9
spires,2
spirit,443
spirited,7
spiritedness,1
spirits,67
spiritual,102
spiritualism,2
spiritualist,1
spiritualistic,2
spirituality,7
spiritually,31
spirituals,1
spiro,2
spirograph,1
spise,2
spit,44
spite,13
spiteful,5
spitfire,7
spitfires,3
spits,2
spitting,29
spittle,12
spitzbergen,2
spiv,2
spivs,2
spivvy,1
spla,1
splash,31
splashed,8
splashes,7
splashing,11
splat,4
splatter,1
splattered,7
splattering,3
splatters,1
splay,2
splaying,1
splays,1
splch,1
spleen,4
splendid,65
splendidly,5
splendour,1
spli,1
spliced,1
spliff,5
spline,2
splines,1
splint,5
splinter,4
splinters,3
splints,5
splish,1
split,399
splits,33
splitter,2
splitting,47
splodge,4
splodger,1
splodges,3
splodgy,1
splurched,1
splurchy,1
splurge,3
spluttered,2
spluttering,2
splutters,2
spo,6
spock,7
spode,1
spoggies,2
spoi,1
spoil,57
spoiled,14
spoiler,1
spoilers,1
spoiling,17
spoils,13
spoilsport,1
spoilt,47
spoiltly,1
spok,1
spoke,463
spoken,316
spokes,7
spokesman,52
spokesmen,3
spokespeople,1
spokesperson,22
spokespersons,4
spokeswoman,2
spokus,1
spondoolies,1
sponds,1
spong,2
sponge,73
sponged,1
sponger,2
sponges,10
sponging,4
spongy,1
sponsor,47
sponsored,90
sponsoring,20
sponsors,16
sponsorship,52
spontaneity,2
spontaneous,30
spontaneously,8
spoof,1
spook,2
spooked,1
spookily,1
spooking,1
spooky,10
spool,6
spooler,4
spoolers,5
spooling,12
spools,1
spoon,123
spooned,1
spooner,3
spoonful,16
spoonfuls,3
spoons,30
sporadic,4
sporadically,1
spores,6
sporned,1
sport,287
sportier,3
sporting,47
sportingly,1
sports,303
sports-related,1
sportsman,8
sportsmen,3
sportsperson,1
sportswoman,1
sporty,5
spot,314
spot-light,1
spotlamps,1
spotless,6
spotlessly,2
spotlight,9
spotlights,10
spots,85
spotted,72
spotter,6
spotting,20
spotty,15
spouse,62
spousen,1
spouses,8
spout,19
spouted,1
spouting,2
spouts,2
spr,1
spra,1
sprags,1
sprain,2
sprained,3
sprains,1
sprang,3
sprat,1
spratt,2
sprawl,2
sprawled,6
sprawling,3
sprawton,1
spray,90
sprayed,23
sprayer,6
spraying,18
sprays,9
spread,312
spread-eagled,1
spread-shot,1
spreadeagled,2
spreaded,1
spreader,1
spreading,46
spreads,24
spreadsheet,110
spreadsheets,33
sprechan,1
sprechen,1
spree,2
spri,4
sprigs,3
sprin,1
spring,259
springbank,1
springboard,4
springer,1
springfield,1
springford,2
springiness,1
springing,7
springlike,1
springs,58
springtime,5
sprinkle,8
sprinkled,6
sprinkler,3
sprinklers,2
sprinkling,1
sprint,7
sprinted,1
sprinter,3
sprinters,4
spritzer,1
spritzy,1
sprocket,2
sprogs,1
sprongs,1
sprots,1
sprouche,1
sprouches,3
sprout,9
sprouted,2
sprouting,4
sprouts,61
spruce,6
spruced,2
sprung,15
spud,14
spuds,34
spumante,1
spun,10
spunk,3
spunko,1
spunky,1
spunyarn,4
spur,14
spurious,5
spurn,2
spurned,2
spurning,1
spurns,1
spurred,1
spurs,54
spurt,4
spurting,3
spurtle,1
sputknit,1
spy,23
spying,7
sq,2
sql,34
squ,1
squa,1
squab,2
squabble,5
squabbles,2
squabbling,2
squad,76
squaddies,1
squadgy,1
squadron,23
squadrons,5
squads,22
squalid,2
squall,2
squalor,1
squander,4
squanderbug,2
squandered,2
squandering,2
square,661
squared,499
squareds,3
squarely,3
squarer,3
squares,96
squaring,2
squarks,2
squash,81
squashed,42
squashing,10
squashy,2
squat,9
squatter,2
squatters,9
squatting,2
squaw,1
squawk,5
squawking,4
squawky,2
sque,1
squeak,24
squeaking,10
squeaks,4
squeaky,9
squeal,8
squealed,1
squealer,3
squealers,2
squealing,6
squeals,1
squeamish,5
squeeze,119
squeezed,31
squeezes,1
squeezey,1
squeezing,17
squeezy,1
squelched,1
squelching,3
squi,1
squid,6
squidge,1
squidgy,4
squiffy,4
squiggle,2
squiggles,11
squiggly,3
squin,1
squint,9
squinting,2
squinty,1
squircle,2
squircles,5
squire,17
squires,13
squirm,1
squirrel,11
squirrels,19
squirt,7
squirted,4
squirter,1
squirting,3
squirts,1
squished,1
squit,2
squitting,1
sri,30
ss,14
ssh,9
sshh,63
sshhh,1
ssp,2
ssshhhh,1
sssplllcchh,1
ssss,1
ssssa,1
st,457
sta,64
stab,36
stabbed,22
stabbing,9
stabbings,2
stabilise,2
stability,47
stabilization,2
stabilize,10
stabilized,4
stabilizer,6
stabilizers,3
stabilizes,1
stabilizing,1
stable,104
stabled,2
stables,38
stabling,5
stabs,2
stac,1
staccato,2
stace,1
stacey,61
stack,80
stacked,22
stacker,2
stacking,10
stacks,40
stacy,1
stadi,1
stadia,3
stadium,46
stadiums,3
staff,1441
staffed,19
staffel,1
staffhill,1
staffi,1
staffield,1
staffing,93
stafford,19
staffordshire,17
staffroom,2
staffrooms,1
staffs,14
stag,13
stage,1319
stagecoach,3
staged,8
stagen,1
stagers,1
stages,141
stagger,13
staggered,10
staggering,18
staggeringly,1
staggers,3
staging,18
stagnant,3
stagnate,2
stagnated,1
stags,14
staid,3
stain,31
stained,35
stainer,1
staines,5
stainford,1
stainforth,4
staining,10
stainless,13
stains,18
stainton,1
stair,30
staircase,30
staircases,5
stairgate,1
stairs,361
stairway,5
stairways,1
stairwell,5
stairwells,2
staithes,3
staiton,1
staits,3
stake,70
stake-ganging,1
staked,3
stakes,19
staking,7
stal,1
stalactites,1
stalagmites,1
stalch,1
stale,18
stalemate,6
staleybridge,2
stalin,15
stalingrad,4
stalinism,1
stalinist,4
stalk,8
stalker,2
stalkier,2
stalking-horse,1
stalks,11
stall,152
stalled,2
stallholder,2
stallholders,1
stalling,3
stallion,18
stallions,10
stallone,4
stalls,53
stalwarts,2
stamford,9
stamina,23
stammer,5
stammered,1
stammon,1
stamp,155
stamped,25
stampede,3
stampeded,1
stamping,16
stamps,141
stan,75
stanborough,2
stance,38
stances,4
stand,1394
stand-alone,2
stand-ball,1
stand-by,5
stand-in,1
stand-off,1
stand-offish,1
stand-points,1
standar,1
standard,669
standard-wise,1
standardisation,2
standardised,4
standardising,1
standardiz,1
standardization,4
standardize,4
standardized,3
standardly,2
standards,369
standby,22
standed,1
standest,2
standhill,2
standing,976
standlake,11
standpipe,4
standpipes,3
standpoint,13
standpoints,1
stands,270
standstill,8
stane,2
stanes,1
stanford,13
stanford-in-the-vale,1
staningford,1
stanislovas,3
stank,3
stanley,58
stanmer,1
stanmere,1
stansfield,5
stanstead,6
stansted,64
stansteds,1
stant,1
stanton,9
stantonbury,1
stanwell,7
stanza,16
stanzas,4
stap,1
staph,3
staphylococci,4
staphylococcus,2
staphylococcusorius,3
staple,29
stapled,7
stapleford,12
stapler,4
staplers,1
staples,8
stapleton,2
stapling,2
star,327
star-spangled,1
starboard,3
starch,7
starch-refined,1
starched,2
starching,1
stard,2
stardom,3
stare,22
stared,15
stares,6
starike,1
staring,39
stark,16
starkers,2
starkey,13
starkie,1
starkly,3
starkness,1
starky,1
starless,2
starlight,6
starling,2
starlings,3
starred,7
starret,2
starring,9
starry,1
stars,144
starsfield,2
starship,2
start,4545
start-up,1
started,2709
starter,67
starters,43
starting,705
startle,1
startled,4
startles,1
startling,8
startlingly,1
starts,630
starvation,14
starve,27
starved,22
starves,2
starving,87
stashed,5
stashes,1
stasis,3
stat,23
state,1200
stated,125
stately,7
statement,759
statemented,1
statementing,2
statements,203
states,609
statesman,6
statesmanlike,1
statesmen,10
static,38
statics,1
stating,29
station,915
stationary,29
stationed,33
stationer,1
stationers,1
stationery,42
stationmaster,14
stations,211
statis,3
statism,1
statist,1
statistic,44
statistical,45
statistically,17
statistician,2
statisticians,2
statistics,186
statomatic,1
staton,3
stator,1
statos,1
stats,13
stattel,1
statton,2
statuary,1
statue,25
statues,10
stature,7
status,235
statuses,1
statute,26
statutes,9
statutorily,6
statutory,186
statwell,1
staunch,8
staunchly,1
stava,1
stave,3
staveley,6
staves,2
stavin,1
stavropol,1
stay,1549
staybrite,1
stayed,392
stayer,1
staying,361
stays,135
staythorpe,5
ste,18
stead,14
steadfast,1
steadfastly,1
steadfastness,1
steadied,2
steadily,25
steadiness,1
steading,2
steady,132
steadying,1
steadyish,1
steak,92
steakhouse,1
steaks,15
steal,42
stealing,33
steals,5
stealth,12
stealthier,1
steam,135
steamboats,1
steamed,11
steamer,18
steamers,7
steaminess,1
steaming,17
steamrollering,1
steams,2
stedlock,1
steed,3
steeds,1
steel,227
steele,4
steeler,1
steelers,1
steeley,1
steelmaking,6
steels,1
steelwork,3
steelworks,10
steely,2
steen,3
steep,59
steeped,2
steeper,8
steeple,12
steeplechase,7
steeply,8
steepness,1
steer,38
steered,3
steereo,2
steering,60
steerio,1
steeros,1
steers,1
stef,1
stefan,20
steffy,1
stegosaurus,6
stein,12
steiner,1
steinie,1
stejskal,1
stelazine,4
stele,1
stella,39
stelladine,1
stellazine,2
stem,35
stemmed,7
stemming,3
stempel,1
stems,19
sten,1
stench,3
stenching,2
stencil,1
stencilling,1
stenhouse,4
stenness,25
stenton,1
step,512
step-brother,2
step-father,3
step-mother,1
step-parents,2
step-son,1
step-wise,1
stepbrother,3
stepchildren,1
stepdad,2
stepday,1
stepfather,2
steph,6
stephan,9
stephanie,31
stephen,184
stephens,2
stephenson,5
stepmother,3
stepney,4
stepped,55
stepping,33
steppy,1
steps,283
steptoe,2
stere,1
stereo,62
stereo-isomerism,1
stereo-typed,2
stereophonic,1
stereos,1
stereotype,10
stereotyped,7
stereotypes,8
stereotypical,7
stereotyping,1
sterile,10
steriliser,1
sterility,1
sterilization,2
sterilize,2
sterilized,8
sterilizer,2
sterilizing,7
sterk,1
sterling,61
sterlings,2
stern,20
sternata,2
sterner,1
sternly,1
sternness,1
steroid,5
steroids,13
stetchworth,3
stethoscope,5
stethoscopes,1
steve,517
stevedore,10
stevedores,10
stevedoring,4
steven,259
stevenage,2
stevens,10
stevenson,5
steveo,1
stevey-boy,2
stevie,19
stevis,1
stew,66
steward,65
stewardess,2
stewardesses,3
stewards,117
stewardship,1
stewart,87
stewarton,1
stewarts,10
stewed,11
stewer,3
stewie,2
stewing,12
stews,4
stewy,1
sti,14
stic,1
stick,932
stick-a-bum,2
stick-on,1
stickability,1
sticker,41
stickers,42
stickiness,3
sticking,184
stickle,1
sticklebricks,1
stickler,4
sticks,142
sticky,88
sties,1
stiff,68
stiffen,4
stiffened,1
stiffening,1
stiffens,1
stiffer,2
stiffness,1
stiffy,1
stifle,7
stifled,3
stifling,1
stigma,17
stigmas,1
stigmatize,1
stigmatized,1
stigmatizing,1
stil,3
stile,13
stiles,3
stiletto,2
stilettoes,3
stilettos,2
stilgoe,1
still,7980
stillbirth,1
stillborn,1
stilled,3
stiller,1
stilling,2
stills,4
stilt-walking,1
stilted,6
stilton,4
stilts,1
stim,1
stimerol,2
stimulant,2
stimulate,22
stimulated,9
stimulates,3
stimulating,25
stimulation,9
stimulations,1
stimulator,1
stimuli,4
stimulus,38
sting,27
stinge,1
stinging,6
stings,4
stingy,6
stink,40
stinker,12
stinking,30
stinks,44
stinky,6
stint,13
stinted,1
stints,1
stip,1
stipendiary,2
stippling,1
stipulate,6
stipulated,5
stipulates,2
stipulating,1
stipulation,9
stipulations,2
stir,61
stir-fry,1
stirling,21
stirlingshire,4
stirred,16
stirrer,8
stirring,28
stirrings,1
stirrup,1
stirrups,2
stirs,4
stitch,51
stitch-up,1
stitched,15
stitcher,2
stitchery,1
stitches,42
stitching,11
stitton,1
sto,28
stoakesly,3
stoat,3
stobb,1
stobo,1
stock,433
stock-in-trade,1
stock-room,1
stock-take,1
stock-taking,1
stockbroker,5
stockbroking,1
stocked,9
stocker,9
stockford,1
stockhausen,2
stockhill,1
stockholm,9
stocking,40
stockinged,1
stockinger,2
stockings,49
stockists,1
stocklake,1
stockmarket,8
stockpile,3
stockpiled,2
stockpiles,2
stockpiling,3
stockport,23
stockrooms,1
stocks,46
stocktaking,4
stockton,12
stockton-on-tees,2
stockwell,2
stockwood,1
stocky,8
stockyard,1
stodge,2
stodgy,1
stoffagers,1
stoichiometry,1
stoicism,1
stoke,79
stoked,1
stokenchurch,18
stokes,7
stokesley,2
stokewatchford,1
stokey,1
stoking,2
stokowski,2
stole,20
stolen,104
stolid,1
stollen,2
stoller,1
stomach,167
stomachs,10
stomped,2
stompie,4
stone,462
stone-picking,1
stone-throwing,1
stonebridge,1
stonecross,1
stoned,11
stonegate,2
stonehaven,1
stonehouse,3
stones,136
stonesfield,4
stoneware,3
stonework,6
stoney,2
stoning,1
stonor,1
stony,1
stony-faced,1
stonygate,2
stoo,1
stood,371
stook,5
stooking,2
stooks,13
stool,54
stools,13
stoom,1
stoop,8
stooped,2
stoops,4
stop,2652
stoppage,6
stoppages,6
stoppard,2
stopped,744
stopper,6
stopper-inner,1
stoppered,1
stoppers,2
stopping,256
stops,205
stopwatch,10
storage,106
store,235
store-based,2
stored,63
storekeeper,1
storeman,2
storeroom,5
storers,1
stores,157
storey,46
storeyed,2
storeys,10
stories,351
storing,26
stork,2
storks,5
storm,70
storma,2
stormant,3
stormed,11
storming,11
storms,20
stormy,9
stornoway,1
stort,11
stortford,43
story,986
storylines,1
stottie,17
stotties,1
stour,8
stourport,5
stout,7
stouter,1
stoutish,1
stoutly,1
stove,43
stoves,11
stow,42
stow-on-the-wold,2
stowed,8
stowell,8
stowing,2
stowmarket,36
str,14
stra,10
strada,1
stradbroke,10
straddle,6
straddled,2
straddles,1
straddling,5
strafing,3
stragg,4
stragglers,1
straggling,1
straggly,8
strai,5
straight,1694
straight-faced,2
straight-forward,1
straight-jacket,2
straight-jackets,1
straightaway,19
straighten,24
straightened,10
straightening,5
straightens,2
straighter,7
straightest,3
straightforward,147
straightforwardly,6
straights,4
strain,90
strained,17
strainer,1
straining,11
strains,24
straitjacket,4
straiton,8
straits,10
stramness,5
stran,1
strand,23
stranded,12
strands,15
strang,1
strange,453
strangely,26
strangeness,7
stranger,54
strangers,36
strangest,9
strangeways,12
strangford,1
strangle,7
strangled,10
stranglers,1
strangling,3
strangulating,1
strangulation,2
stranraer,5
strap,67
strapless,1
strapped,18
strapper,2
strapping,10
strappy,1
straps,28
strasbourg,38
strasse,4
strat,1
strata,4
strate,1
strategic,345
strategically,16
strategies,39
strategist,2
strategy,391
stratfield,3
stratford,34
stratford-on-avon,2
stratford-upon-avon,2
strathclyde,24
stratigraphic,2
stratten,1
stratton,3
stratzenburg,1
strauss,4
straven,3
stravinsky,1
straw,140
strawb,1
strawberries,27
strawberry,88
strawbs,2
straws,11
stray,41
strayed,12
straying,6
strays,4
stre,2
streak,24
streaked,2
streaking,1
streaks,8
streaky,6
stream,64
streamed,31
streamers,1
streaming,16
streamingly,1
streamlet,1
streamline,6
streamlined,7
streamlining,3
streams,21
streatham,7
streep,1
street,1431
streetfighter,3
streets,238
streetshome,2
streetwise,2
streisand,3
strenewe,2
strength,228
strengthen,34
strengthened,17
strengtheners,1
strengthening,11
strengthens,8
strengths,63
strensall,7
strenuous,12
strenuously,3
strepsils,1
streptococcus,1
stress,305
stress-induced,1
stressed,59
stresses,17
stressful,22
stressing,16
stretch,129
stretched,66
stretcher,5
stretchered,1
stretchers,6
stretches,21
stretchies,1
stretchiness,1
stretching,34
stretchy,2
stretford,3
stretton,5
streuth,1
strewed,1
strewing,1
strewn,3
strewth,21
stri,1
stricken,6
strict,108
stricter,11
strictest,7
strictly,73
stride,32
strident,2
strides,8
striding,6
strife,2
strife-torn,1
strike,409
strike-on,1
striker,27
strikers,26
strikes,80
striking,50
strikingly,3
strimmer,7
strimmers,3
strinberg,1
string,142
stringency,1
stringent,9
stringer,1
stringfellow,4
stringing,3
strings,28
strip,99
strip-wash,1
stripe,22
striped,13
stripes,20
stripesey,1
striping,2
stripped,44
stripper,14
strippers,7
stripping,26
strips,40
striptease,2
stripy,14
strive,19
strived,2
striven,2
strives,4
striving,15
stro,3
strode,1
stroke,166
stroked,3
strokes,27
stroking,4
stroll,13
strollathon,1
strollathons,1
strollers,1
strolling,5
stromn,1
stromness,27
strong,802
strong-minded,1
strong-willed,1
strong-wise,1
strongbow,5
stronger,149
strongest,32
strongholds,1
strongish,1
strongly,215
strongroom,1
strongrooms,1
stronsay,41
strop,7
stroppiness,1
stroppy,16
strops,2
stroud,14
strove,1
stroviol,2
stru,4
struc,1
struck,141
struction,1
structural,104
structuralism,1
structuralist,1
structurally,5
structure,838
structured,94
structures,97
structuring,10
strudel,2
strudes,1
struggle,179
struggled,28
strugglers,1
struggles,15
struggling,113
strumming,1
strung,12
strut,1
struth,1
struts,2
strutter,1
strutting,1
strychnine,2
stu,43
stuart,305
stuarts,1
stub,4
stubbed,5
stubbing,3
stubbings,2
stubble,7
stubbler,1
stubbly,1
stubborn,14
stubbornly,2
stubbornness,1
stubbs,1
stubby,15
stubs,9
stuck,712
stud,51
studding,1
student,261
students,497
studentship,1
studentships,1
studied,63
studier,1
studies,190
studio,114
studios,12
studious,4
studs,18
study,522
studying,124
stuey,9
stuf,1
stuff,2929
stuffed,69
stuffiness,1
stuffing,37
stuffs,6
stuffy,9
stuggies,1
stumble,14
stumbled,8
stumbles,1
stumbling,11
stummerslake,1
stump,32
stumped,6
stumping,5
stumps,4
stumpy,3
stung,5
stunk,7
stunned,9
stunner,2
stunning,14
stunningly,1
stuns,1
stunt,15
stunted,4
stunts,4
stupefied,1
stupendous,4
stupid,855
stupidest,1
stupidity,9
stupidly,8
stupor,2
sturdier,1
sturdy,9
sturgeon,1
sturridge,1
stutfield,1
stutter,4
stuttered,2
stuttering,1
stuttery,1
stuttgart,4
stuyvesant,1
sty,1
stye,1
style,363
styled,2
styles,53
styling,4
stylish,10
stylishly,1
stylistic,3
stylistically,1
stylists,1
stylus,3
styman,1
stymied,1
styx,1
su,147
suan,1
suave,1
sub,144
sub-arctic,1
sub-assemblies,1
sub-basement,1
sub-category,1
sub-circuits,1
sub-committee,119
sub-committees,10
sub-conscious,1
sub-constituents,1
sub-continent,2
sub-contract,2
sub-contracting,12
sub-contractor,4
sub-contractors,6
sub-conversions,1
sub-crop,1
sub-cultural,2
sub-culture,5
sub-cultures,1
sub-dialect,1
sub-directories,7
sub-directory,17
sub-district,1
sub-divide,1
sub-divided,1
sub-division,2
sub-divisional,1
sub-file,1
sub-four,1
sub-function,1
sub-group,3
sub-heading,16
sub-headings,7
sub-leased,1
sub-leasing,1
sub-let,6
sub-lets,6
sub-letted,1
sub-optimal,1
sub-option,1
sub-pattern,3
sub-patterns,7
sub-plot,1
sub-post,1
sub-postmaster,1
sub-regional,19
sub-saharan,1
sub-sample,3
sub-samples,3
sub-section,9
sub-sections,2
sub-standard,1
sub-stations,1
sub-strategic,1
sub-system,1
sub-text,1
sub-themes,1
sub-title,7
sub-titles,1
sub-total,2
sub-unit,2
sub-unital,1
sub-ward,1
subbie,1
subbies,4
subbing,5
subclasses,1
subcommittee,11
subconscious,7
subconsciously,13
subcontract,5
subcontracted,1
subcontracting,2
subcontractor,4
subcontractors,3
subcutaneous,3
subdivide,1
subdivided,2
subdividing,1
subdivision,3
subdivisional,1
subdivisions,1
subdominant,5
subdue,1
subdued,3
subdues,1
subfunction,1
subfusc,1
subgroup,1
subgroups,1
subj,1
subject,704
subjected,23
subjecting,1
subjective,33
subjectively,1
subjectiveness,1
subjectivist,1
subjectivity,1
subjects,201
subjugate,2
subjugated,2
subjugating,1
subletting,1
sublimating,1
sublime,2
subliminal,4
subliminally,1
subm,1
submar,1
submarine,8
submariners,1
submarines,9
submediant,4
submerge,1
submerged,4
submersible,2
submission,168
submissionary,1
submissions,52
submissive,13
submissiveness,1
submit,77
submits,2
submitted,102
submitting,11
subnormal,1
subordinate,18
subordinates,2
subpoenaed,1
subs,20
subscribe,15
subscribed,4
subscriber,7
subscribers,4
subscribing,5
subscrip,1
subscript,2
subscription,54
subscriptions,24
subscripts,3
subse,2
subsec,1
subsection,2
subsections,1
subsequent,54
subsequently,96
subservient,3
subset,2
subsets,1
subsid,8
subside,1
subsided,8
subsidence,2
subsides,1
subsidiaries,5
subsidiarity,5
subsidiary,22
subsidies,25
subsidise,11
subsidised,17
subsidises,1
subsidising,9
subsidization,2
subsidize,16
subsidized,32
subsidizes,3
subsidizing,10
subsids,3
subsidy,61
subsistence,51
subst,3
substa,1
substainable,2
substan,1
substance,74
substances,35
substandard,2
substantial,235
substantially,62
substantiate,7
substantiated,2
substantiation,1
substantive,37
substated,1
substation,2
substi,1
substituant,3
substituants,1
substituents,1
substitute,57
substituted,16
substitutes,9
substituting,7
substitution,18
substitutions,4
substrates,1
substructure,1
subsumed,6
subsystems,1
subterfuge,2
subterfuges,1
subtext,8
subthemes,3
subtitle,2
subtitles,4
subtle,59
subtler,3
subtlest,1
subtlety,2
subtly,5
subtract,26
subtracted,2
subtracting,8
subtraction,9
subtractions,2
subunits,2
suburb,3
suburban,23
suburbia,6
suburbs,10
subversion,1
subversive,3
subvert,2
subverted,5
subway,2
subways,1
suc,7
succ,5
succe,1
succeed,89
succeeded,40
succeeding,12
succeeds,8
success,462
successes,33
successful,457
successfully,95
succession,23
successions,1
successive,28
successively,4
successor,11
successors,6
succinct,7
succinctly,8
succour,1
succoureth,2
succours,5
succulent,4
succumb,4
succumbed,7
succumbing,1
succumbs,1
succus,2
such,2287
such-and-such,2
suchard,1
suchet,1
suck,73
sucked,16
sucker,5
suckers,3
sucking,35
suckle,3
suckling,2
sucks,18
sucrose,1
suction,1
suctions,1
sud,2
sudan,16
sudbury,5
suddam,1
sudden,79
suddenly,472
suddenness,2
suds,2
sue,427
sue-anna,2
sued,19
suede,13
suedes,1
suella,2
sues,2
suet,17
suez,2
suf,1
suferto,1
suff,1
suffer,222
sufferance,1
suffered,139
sufferer,7
sufferers,8
suffering,186
sufferings,2
suffers,29
suffice,22
sufficial,1
sufficience,1
sufficiency,16
sufficient,239
sufficiently,67
suffix,10
suffocated,4
suffocating,2
suffocation,1
suffolk,106
suffrage,4
suffragettes,1
sug,5
suga,2
sugar,407
sugar-free,1
sugarbeet,3
sugared,2
sugarless,1
sugars,15
sugary,1
sugg,3
sugge,2
suggest,802
suggested,471
suggesting,276
suggestion,318
suggestions,193
suggestive,7
suggests,121
suici,1
suicidal,11
suicide,62
suicides,2
suing,16
suis,2
suit,352
suitability,13
suitable,254
suitably,19
suitcase,22
suitcases,7
suite,155
suited,42
suites,13
suiting,1
suits,118
suivi,1
suj,1
sukey,6
sul,1
sulfasalazine,3
sulgrave,1
sulk,6
sulking,9
sulks,6
sulky,2
sullen,1
sullivan,8
sulphalidomide,1
sulphate,26
sulphates,4
sulphoxide,2
sulphur,40
sulphuric,17
sulphurous,2
sulta,1
sultan,3
sultana,3
sultanas,19
sultry,1
sum,378
sumalia,1
sumatra,2
sumburgh,2
sume,1
sumfunction,1
summaries,12
summarise,29
summarised,3
summarises,8
summarising,4
summarize,37
summarized,18
summarizes,7
summarizing,8
summary,149
summat,297
summate,5
summation,13
summations,1
summative,1
summed,16
summer,715
summerfield,1
summerhill,1
summerleigh,3
summers,15
summertime,20
summertown,1
summery,1
summing,28
summit,34
summize,1
summley,1
summmer,1
summon,7
summoned,8
summons,16
summonsed,3
summonses,8
sumner,2
sumners,2
sumo,5
sump,5
sums,145
sumter,3
sun,581
sunbathe,1
sunbathes,1
sunbathing,5
sunbeam,2
sunbed,6
sunbonnets,1
sunbright,2
sunburn,1
sunburnt,1
sundae,1
sunday,1489
sundays,82
sunderland,48
sundial,4
sundries,1
sundry,7
sunfish,2
sunflower,4
sunflowers,2
sunfrock,1
sung,38
sunglass,1
sunglasses,12
sunk,36
sunken,1
sunlamp,1
sunley,1
sunlight,18
sunlit,2
sunlust,6
sunniest,1
sunnin,1
sunningdale,1
sunninghill,1
sunny,91
sunnyside,7
sunrise,4
sunroof,4
suns,3
sunset,14
sunsets,2
sunshine,82
sunstroke,1
suntan,1
sunwise,1
sup,12
super,301
super-duper,4
super-ego,1
super-executives,1
super-league,1
super-professional,1
super-saints,1
super-saturated,4
super-saturation,1
super-stations,1
superann,1
superannuable,1
superannuation,33
superb,109
superbike,3
superbly,15
superbonus,1
superbowl,2
supercala,1
supercalafradgealisticexpealidocius,1
supercalafragalisticexpialidotious,2
supercalologilistic,1
supercharged,1
supercolour,1
superconducting,2
superconductivity,5
superconductor,2
superconductors,1
superdrug,6
superego,53
superegos,4
superfamily,1
superficial,18
superficialities,1
superficiality,1
superficially,7
superfluid,1
superfluidity,4
superfluous,10
superglue,13
supergun,4
superhero,1
superimposable,2
superimpose,10
superimposed,12
superimposes,1
superintendent,79
superintendents,5
superior,41
superiority,10
superiors,6
superkey,7
superkeys,1
superking,2
superloos,1
superma,1
superman,14
supermar,1
supermarket,103
supermarkets,48
supermodel,1
supermodels,1
supernatural,16
supernaturalism,1
superpoint,1
superpower,4
supersaturated,1
supersavers,1
superse,2
supersede,6
superseded,9
supersedes,5
supersnaps,1
supersonic,5
superst,1
superstaff,1
superstar,3
superstarish,1
superstars,3
superstate,1
superstition,6
superstitions,4
superstitious,3
superstitiously,1
superstore,8
superstores,4
superstress,1
superstructure,8
supertonic,2
supertramp,2
supertricks,1
supervenient,1
supervise,16
supervised,18
supervising,1
supervision,50
supervisor,63
supervisors,41
supervisory,9
supine,1
supmarine,5
supp,9
supper,111
suppers,10
supping,2
supplant,1
supplanted,1
supple,6
supplement,41
supplementaries,3
supplementary,87
supplemented,7
supplementing,4
supplements,15
suppleness,4
supplication,2
supplied,95
supplier,52
suppliers,42
supplies,77
supply,478
supplying,45
suppo,10
support,2055
supportable,1
supported,241
supporter,42
supporters,142
supporting,215
supportive,34
supporto,1
supports,82
suppose,2855
supposed,1433
supposedly,69
supposes,2
supposing,86
supposingly,1
supposition,5
suppositions,3
suppositories,1
suppress,6
suppressed,9
suppresses,2
suppressing,3
suppression,8
suppressive,1
supra-regions,1
supremacy,2
supreme,48
supremo,1
supsuned,1
sur,16
surbiton,3
surcharge,8
sure,5176
sured,1
surefire,1
surely,643
sureshot,1
sureties,2
surety,1
surf,5
surface,209
surfaced,5
surfaces,12
surfacing,1
surfeit,1
surfing,2
surge,17
surged,2
surgeon,64
surgeons,27
surgeries,21
surgery,174
surges,1
surgical,10
surging,3
surly,3
surmount,1
surname,57
surnames,9
surp,1
surplice,4
surplus,144
surpluses,16
surpri,2
surprise,239
surprised,538
surprises,26
surprising,163
surprisingly,48
surreal,2
surrend,1
surrender,45
surrendered,5
surrendering,4
surrenders,2
surreptitiously,2
surrey,46
surrogacy,16
surrogate,13
surround,27
surrounded,51
surrounding,89
surroundings,18
surrounds,12
surta,1
surtaxes,1
surv,1
surveillance,13
survey,347
surveyed,16
surveying,32
surveyor,59
surveyors,27
surveys,74
survi,1
survivability,2
survivable,2
survival,72
survivals,1
survive,208
survived,74
survives,19
surviving,54
survivor,30
survivors,18
survivorships,1
sus,11
susan,174
susanna,2
susannah,18
susceptibility,1
susceptible,21
suseption,1
susie,21
susp,5
suspe,2
suspect,304
suspected,24
suspecting,1
suspects,10
suspend,24
suspended,45
suspender,4
suspenders,1
suspending,3
suspends,2
suspense,2
suspension,41
suspensions,1
suspic,1
suspicion,44
suspicions,9
suspicious,65
suspiciously,4
suss,9
sussed,13
sussex,248
sussing,3
sust,1
sustain,47
sustainability,24
sustainable,34
sustainably,1
sustained,44
sustainer,1
sustaining,6
sustains,3
sustenance,3
susy,2
sutch,1
sutcliffe,3
sute,1
sutherfield,1
sutherland,5
sutra,2
suttee,1
sutton,34
sutton-in-ashfield,1
sutton-on-sea,1
sutwana,1
suu,1
suus,1
suzanna,1
suzannah,15
suzanne,44
suze,1
suzie,11
suzuki,3
suzy,7
sw,11
swa,3
swab,1
swabs,1
swaddling,1
swadlingcote,1
swaffham,4
swag,2
swahili,1
swalk,1
swallow,57
swallowed,25
swallowing,14
swallows,42
swam,12
swamp,10
swamped,9
swamps,2
swampy,1
swan,57
swanage,7
swanal,1
swanee,3
swanking,1
swanky,2
swann,1
swanned,1
swannee,3
swanney,1
swanning,1
swanny,1
swans,21
swansea,19
swap,139
swapped,37
swapping,18
swaps,8
swarmed,2
swarms,1
swarthy,3
swash,1
swash-buckling,1
swastika,1
swatch,8
swatches,1
swath,2
swathe,3
swathes,4
swatons,1
sway,12
swayed,4
swaying,4
swayles,2
sways,2
swayze,4
swaziland,2
swe,6
swear,210
sweared,1
swearing,79
swears,7
sweat,65
sweat-shops,1
sweated,2
sweater,19
sweaters,4
sweating,34
sweatings,1
sweats,11
sweatshirt,21
sweatshirts,4
sweatshop,6
sweatshops,4
sweaty,15
swede,19
sweden,37
swedes,8
swedges,1
swedish,23
sweeney,5
sweep,61
sweep-up,1
sweeper,16
sweeper-up,1
sweepers,5
sweeping,40
sweeping-up,1
sweeps,7
sweepstake,5
sweet,326
sweetcorn,4
sweeten,2
sweetener,6
sweeteners,4
sweeter,4
sweetest,1
sweetex,1
sweetheart,82
sweethearts,1
sweetie,29
sweetie-pie,1
sweetie-pops,2
sweeties,15
sweetly,2
sweetness,4
sweetpea,1
sweetpeas,4
sweets,219
sweety,7
swell,12
swelled,4
sweller,1
swelling,24
swellings,2
swells,2
swelly,3
sweltered,2
sweltering,9
swept,39
swerford,1
swerve,3
swerved,5
swerves,1
swet,2
swi,11
swidlan,1
swift,19
swiftitude,1
swiftly,15
swifty,1
swig,2
swigs,1
swim,135
swimmed,1
swimmer,4
swimmers,5
swimmies,2
swimming,362
swimming-wise,1
swimmingly,4
swims,11
swimsuit,10
swin,1
swina,1
swinbrook,2
swinburne,1
swinderby,1
swindle,3
swindled,4
swindler,1
swindles,1
swindon,126
swine,25
swinehund,1
swinehunt,1
swines,4
swinford,7
swing,104
swingdale,1
swingeing,1
swinger,2
swingers,1
swinging,40
swings,28
swingswang,4
swingtop,1
swinsford,1
swinton,1
swipe,6
swiped,2
swipes,1
swirl,7
swirled,1
swirling,8
swirly,2
swish,7
swiss,49
swissors,2
swit,1
switch,443
switch-a,1
switchboard,49
switchboards,2
switched,174
switches,39
switching,52
swithen,3
swithin,1
swithinly,2
swithra,1
switzerland,64
swivel,12
swivelling,4
swivelly,1
swizz,1
swoll,1
swolled,1
swollen,42
swona,1
swoop,5
swooped,1
swooping,4
swoops,1
swop,21
swopped,4
swopping,5
swops,1
swor,1
sword,31
swords,12
swordstone,1
swore,33
sworn,19
swot,8
swum,1
swung,16
sy,5
sybil,7
sycamore,9
sycophants,1
sydenham,6
sydney,25
syllabi,1
syllabic,5
syllable,6
syllables,9
syllabus,37
syllabuses,6
sylphlike,1
sylv,6
sylve,2
sylvester,3
sylvia,28
sylvie,7
sym,1
symbiosis,1
symbiote,1
symbol,51
symbolic,22
symbolically,5
symbolise,1
symbolism,20
symbolize,1
symbolized,1
symbolizes,3
symbolizing,1
symbols,42
symmetric,1
symmetrical,13
symmetry,9
symmons,1
symonds,1
sympathetic,46
sympathetically,1
sympathies,3
sympathise,10
sympathize,17
sympathized,2
sympathy,107
symphonies,1
symphony,8
symposium,9
symposiums,1
symptom,11
symptomatic,1
symptoms,79
synagogue,3
synapses,1
sync,3
synch,1
synchronise,1
synchronization,7
synchronize,1
synchronized,4
synchrony,1
syncrotron,4
syndicate,22
syndicates,2
syndrome,49
syndromes,1
synergies,1
synergy,7
synod,48
synods,1
synonymous,8
synopsis,2
syntactic,13
syntactics,2
syntax,15
synthesis,12
synthesised,1
synthesize,1
synthesizer,9
synthesizers,1
synthesizing,1
synthetic,4
synthetics,1
syphilis,3
syphoned,1
syrej,1
syrene,1
syria,12
syrian,3
syrians,2
syringe,9
syringed,2
syringes,1
syrinx,1
syrup,24
syrupy,2
sys,23
syst,1
systaflex,1
syste,1
system,1964
systema,1
systematic,27
systematically,16
systematised,1
systematized,1
systems,448
t,3446
t-ach,2
t-bone,1
t-cut,1
t-shi,1
t-shirt,64
t-shirts,32
ta,3915
ta-da,1
ta-ta,34
ta-tas,1
tab,59
tabard,1
tabasco,2
tabbed,1
tabbies,2
tabernacle,5
tabitha,1
table,1540
table-mats,1
tablecloth,6
tablecloths,6
tabled,7
tabler,2
tablers,9
tables,286
tablespoon,1
tablespoons,11
tablet,46
tablets,223
tabling,2
tabloid,27
tabloiding,2
tabloids,20
tabloidy,1
tabner,7
taboo,55
tabooed,1
taboos,6
tabs,17
tabula,1
tabular,1
tabulate,2
tabulation,9
tabun,1
tac,5
tache,3
tachistoscope,4
tachistoscopes,1
tachograph,3
tachometer,1
tacit,10
tacitly,5
tack,34
tacked,6
tackem,1
tacker,5
tacking,11
tackle,132
tackleby,1
tackled,43
tackles,13
tackley,4
tackling,30
tacks,8
tacky,10
taco,2
tacos,2
tacp,1
tact,8
tactful,4
tactic,12
tactical,24
tactically,2
tactician,2
tactics,35
tad,2
tadcaster,35
tadma,1
tadmuir,1
tadpole,1
tadpoles,12
tae,1
taff,5
tafford,1
taffy,14
taft,2
tag,49
tagamet,10
taggart,6
tagged,5
tagging,9
tags,22
tahiti,1
tai,2
taibon,1
tail,167
tail-enders,1
tailback,4
tailbacks,7
tailed,3
tailgate,1
tailgating,1
tailgunner,1
tailless,1
tailor,17
tailor-made,5
tailored,7
tailoress,3
tailoring,9
tailors,14
tailplane,1
tails,46
tailwind,1
taint,1
tainted,3
taiwan,7
taj,1
tak,6
take,11959
take-a,1
take-away,2
take-aways,2
take-home,3
take-off,4
take-up,14
takeable,1
takeaway,11
takeaways,5
taken,2404
takeover,13
takeovers,1
taker,5
takers,9
takes,1313
taketh,2
taki,2
taking,2337
takings,16
tal,20
talbot,17
talc,8
talcs,1
talcum,2
tale,68
talent,47
talented,23
talents,24
tales,31
talipes,4
talisman,1
talk,3187
talkative,5
talkback,3
talke,1
talked,702
talker,12
talkers,1
talki,1
talkie,9
talkies,4
talking,4547
talks,320
talkthrough,1
tall,233
taller,67
tallest,1
tallied,1
tallies,7
tallish,2
tallow,3
tallulah,2
tally,17
tallyman,1
talon,1
tam,3
tamacipan,1
tamar,3
tamazapam,6
tamazepan,1
tambourine,1
tame,7
tamed,3
tamgrams,2
tamla,3
tammy,13
tamp,1
tampax,8
tamper,5
tampered,5
tampering,5
tampon,9
tampons,13
tams,1
tamsin,8
tamsins,2
tamworth,7
tan,64
tandem,4
tandoori,9
tandy,3
tang,3
tangee,1
tangent,15
tangents,1
tangerine,6
tangerines,6
tangibility,2
tangible,14
tangle,12
tangled,18
tangles,3
tangling,2
tangly,4
tango,6
tangy,3
tania,4
tanika,1
tanja,2
tank,184
tankard,4
tanker,24
tankers,6
tankful,2
tanks,109
tanned,6
tanneds,1
tanner,11
tanneries,3
tanners,6
tannery,5
tannin,3
tanning,4
tannoy,6
tannoyed,1
tannoys,2
tantalising,1
tantalizing,1
tantamount,1
tanton,1
tantrum,9
tantrums,5
tants,1
tanya,9
tanys,4
tanzania,3
tap,200
tape,1634
tape-recorder,4
taped,125
taper,3
tapered,3
tapering,4
tapers,2
tapes,459
tapestries,3
tapestry,9
tapeworm,1
taping,186
tapioca,1
taplow,3
tappajoss,9
tapped,17
tapper,4
tappet,2
tapping,23
tappy,1
taps,27
tar,15
tara,26
tarantula,3
tarazets,3
tardiness,1
tardis,2
target,312
targeted,40
targeting,49
targetising,1
targets,173
targetting,2
tariff,14
tariffs,13
tariq,4
tarleton,2
tarmac,36
tarmacadam,3
tarmacadamed,2
tarmacked,5
tarmacking,1
tarnished,3
tarob,1
tarot,2
tarpaulin,4
tarquin,1
tarrah,56
tarrant,1
tarrazona,1
tarred,7
tarrers,1
tarring,1
tarry,1
tart,49
tartan,7
tartar,1
tartaric,3
tartars,1
tarted,2
tarts,10
tarty,4
tarzan,15
tas,6
tash,9
tasha,16
task,270
tasked,1
tasks,98
tasm,1
tasmania,1
tass,1
tassel,5
tassels,6
tasso,1
taste,302
tasted,37
tasteful,3
tasteless,3
taster,2
tasters,1
tastes,78
tastier,1
tastiest,1
tasting,7
tasty,43
tat,29
tata,2
tatchell,1
tate,5
tater,2
tater-picking,1
taters,19
tatie,2
taties,5
tats,6
tattered,4
tatters,2
tattersalls,2
tattie,1
tatties,7
tatting,1
tattle,2
tattoo,12
tattooed,3
tattoos,6
tatty,17
tatum,1
tau,4
taugh,1
taughmonagh,2
taught,301
taunt,4
taunted,1
taunting,2
taunton,10
taureans,1
taurus,8
tavari,1
tavern,6
taverner,3
tavistock,7
tawny,3
tawse,1
tax,1154
tax-back,1
tax-exempt,2
tax-free,9
tax-payer,1
tax-wise,1
taxable,18
taxation,104
taxed,52
taxes,108
taxi,153
taxi-ing,1
taxidermist,1
taxied,2
taxiing,1
taxing,39
taxis,21
taxiway,5
taxonomists,1
taxpayer,13
taxpayers,14
tay,7
tayboo,2
taylor,101
taylor-evans,1
taylors,3
tayman,1
tayside,1
taz,2
tazmania,3
tchaikovsky,8
te,118
tea,1792
tea-bag,5
tea-bags,7
tea-less,1
teabag,1
teabags,20
teacake,7
teacakes,1
teach,266
teach-ins,2
teache,2
teacher,698
teachers,692
teaches,32
teachi,1
teaching,520
teaching-training,1
teachings,4
teacing,1
teacup,1
teagasc,2
teague,5
teak,7
teal,3
team,978
teaming,3
teams,237
teamwork,9
teapot,42
teapots,1
tear,77
teararse,1
tearaway,1
tearaways,1
tearful,5
tearfully,1
teargas,1
tearing,26
tearjerker,1
tears,73
tearscross,2
teas,39
tease,15
teased,22
teasels,1
teaser,1
teases,1
teashop,1
teasing,23
teasmade,2
teaspoon,14
teaspoonful,13
teaspoons,10
teaspoonsful,1
teasy-weasy,1
teat,1
teatime,28
teatle,3
teatles,1
teats,1
tebbit,7
tebbitite,1
tec,46
tech,79
techmark,1
technic,6
technical,340
technicalities,8
technicality,14
technically,79
technician,18
technicians,9
technicity,1
technicolour,5
technics,5
technik,1
techniqu,1
technique,110
techniques,119
techno,3
technological,27
technologically,1
technologies,31
technologists,2
technologized,1
technology,390
techs,7
tecnol,1
tecs,3
ted,85
teddie,1
teddies,10
teddington,3
teddleton,1
teddy,170
teddybear,1
teddys,1
tedious,19
tediously,1
tee,52
tee-hee,1
tee-shirt,2
tee-shirts,1
teebridge,1
teed,1
teefal,1
teeger,2
teegers,1
teeing,2
teeline,3
teem,2
teeming,1
teen,19
teenage,47
teenager,33
teenagers,38
teenies,1
teens,35
teeny,21
tees,9
teesdale,5
teeside,1
teesside,2
teeter,2
teetered,1
teetering,3
teeth,340
teethache,1
teethies,2
teething,5
teething-smith,1
teetotal,3
teetotalism,1
teetotaller,1
tefal,1
teflon,4
teggy,2
tehran,2
tel,18
tele,10
tele-conference,1
tele-marketing,1
tele-rings,2
telecom,65
telecommunication,2
telecommunications,15
telecoms,3
telefon,1
telegram,8
telegrams,5
telegraph,77
telemarketing,3
telematics,1
telemeters,1
telepa,1
telepathic,4
telepathy,3
telephone,631
telephoned,16
telephones,48
telephoning,3
telephonist,7
telephonists,1
telephoto,1
teleprint,1
teleprinted,1
teleprinter,2
telesale,1
telesales,11
telesaling,2
telescope,33
telescopes,2
telescopic,1
telesec,1
teletext,45
telethon,4
televise,1
televised,1
television,811
televisions,22
telex,6
telford,34
tell,6939
tell-tale,2
telled,4
teller,14
tellers,4
tellies,11
telling,1140
tellingly,1
tellisperos,1
tells,432
telly,437
telly-tale,1
tellys,1
telscombe,1
telstar,2
tem,1
temby,1
temerity,3
temp,17
temper,45
temperament,4
temperamental,6
temperaments,1
temperance,5
temperate,2
temperature,257
temperatures,78
tempered,15
tempers,7
tempest,8
tempests,4
temping,7
templar,2
templars,1
template,14
temple,52
templebury,2
templefields,1
templepa,1
templepatrick,4
temples,12
templux,2
tempo,7
tempor,1
temporal,6
temporar,1
temporarily,25
temporary,211
tempos,1
temps,33
tempt,16
temptation,55
temptations,9
tempted,85
tempter,1
tempting,27
temptress,1
tempts,1
tems,1
ten,6396
ten-a-penny,1
ten-ish,1
ten-man,1
ten-minute,1
ten-past,1
ten-past-six,1
ten-pin,1
ten-thirty,1
ten-year,1
ten-year-old,2
tenable,5
tenacious,1
tenacity,3
tenancies,2
tenancy,16
tenant,70
tenants,236
tenby,7
tench,3
tend,781
tended,103
tendencies,11
tendency,108
tendending,1
tendentious,1
tender,108
tender-headed,1
tendered,6
tenderer,1
tenderers,1
tendering,38
tenderness,2
tenders,15
tending,26
tendon,6
tendons,2
tendrils,1
tends,221
tene,1
tenement,1
tenements,3
tenerife,19
tenets,1
tenfold,3
tenish,1
tennants,3
tenner,69
tenners,2
tennessee,5
tenneyex,1
tennis,157
tennish,3
tenon,4
tenoned,1
tenons,4
tenor,20
tenpence,6
tenpin,1
tens,117
tense,35
tensed,4
tenses,1
tensile,3
tension,73
tensions,15
tent,100
tentacles,2
tentacular,1
tentative,16
tentatively,5
tented,4
tenter,1
tenterhooked,1
tenterhooks,7
tentering,1
tenters,2
tenth,212
tenths,28
tents,32
tenuous,5
tenure,3
tepid,3
tequila,4
ter,7
ter-bin-a-fiene,1
terbinefeine,2
terenc,1
terence,23
teres,1
teresa,57
teriyaki,1
term,1097
termed,22
terminal,119
terminals,24
terminate,13
terminated,7
terminates,2
terminating,3
termination,5
terminations,3
terminator,20
terming,1
termini,4
terminial,2
terminology,29
terminus,2
termism,1
termly,1
terms,805
tern,6
ternary,1
terr,3
terrace,50
terraced,33
terraces,13
terracing,3
terracotta,2
terrain,3
terre,1
terrence,2
terrestrial,2
terrestrials,2
terri,20
terrible,876
terribly,240
terrier,19
terriers,6
terries,3
terrific,112
terrifically,3
terrifico,2
terrified,52
terrifies,3
terrify,2
terrifying,23
terrine,1
terrington,1
territorial,13
territorially,1
territorials,4
territories,16
territory,76
terror,29
terrorism,15
terrorist,25
terrorists,30
terrorize,5
terrorized,5
terrorizing,2
terrors,4
terry,409
terrys,1
terse,1
tertiary,34
tes,2
tesco,171
tescos,30
tess,3
tessa,41
tessas,3
tessie,4
tessies,1
test,827
test-tube,1
testament,49
testaments,2
testarossa,4
tested,120
tester,6
testes,9
testi,1
testically,1
testicle,5
testicles,13
testier,1
testified,2
testifies,4
testify,5
testimonial,6
testimonials,1
testimony,18
testing,242
testings,1
testosterone,6
tests,213
tet,2
tetanus,40
tetchy,1
teterous,2
tether,3
tethered,2
tethers,3
tetley,8
tetleys,16
tetnall,1
tetracycline,2
tetraethylammonium,1
tetraneedle,2
tetrapak,2
tetraplegia,1
tetris,3
tetrodotoxin,2
tetsworth,6
tettering,1
tettron,3
teutonic,1
tewkesbury,3
tewson,1
tex,3
texaco,10
texas,38
texline,1
text,216
textbook,12
textbooks,9
textface,1
textile,42
textiles,44
texts,12
textual,2
texture,24
textured,5
textures,6
tey,2
th,3803
tha,570
thackeray,3
thackley,1
thai,1
thai-kampuchia,1
thailand,9
thais,2
thalidomide,7
thame,45
thames,106
thamesdown,26
than,7162
thank,6175
thanked,19
thankful,22
thankfully,15
thanking,21
thankless,3
thanks,1684
thanksgiving,12
thankyou,25
thankyous,2
thans,2
that,223884
thatch,8
thatcham,2
thatched,4
thatcher,211
thatcherism,7
thatcherite,5
thatcherlike,1
thatcheromics,1
thatchers,2
thatching,2
thats,5
thatta,2
thaw,12
thawed,6
thawing,1
thaws,2
thaxted,1
thaxton,1
the,411528
theakston,1
theakstons,3
theale,3
theat,2
theatre,383
theatres,35
theatrical,11
theatrically,1
thee,64
theek,3
theekit,6
thees,1
theft,35
thefts,18
thei,1
their,13323
theirs,146
theirse,1
theirself,16
theirselves,37
theism,3
theist,2
thelma,18
thelwall,1
them,32429
thematic,2
theme,122
themes,66
thems,5
themse,1
themsel,1
themself,16
themselves,1290
then,36151
thence,4
thenceforward,1
thenotsy,2
theo,2
theocratic,2
theodolite,2
theodolites,1
theodora,1
theodore,6
theodorus,1
theologian,3
theologians,7
theological,27
theologically,3
theology,18
theomonoism,1
theonly,1
theorem,9
theoret,1
theoretic,1
theoretical,32
theoretically,22
theoried,1
theories,45
theorise,1
theorist,4
theorists,15
theory,367
theos,1
ther,19
thera,1
therapeutic,25
therapies,4
therapist,14
therapists,9
therapy,79
there,72252
thereabout,3
thereabouts,38
thereafter,33
thereafterwards,1
thereby,48
thereereere,1
therefor,1
therefore,1581
therefrom,1
therein,9
thereof,7
thereon,6
thereover,1
theresa,87
thereto,2
thereupon,2
thermal,20
thermals,1
thermite,1
thermo-dynamics,1
thermo-luminescence,1
thermodynamically,2
thermodynamics,1
thermographic,1
thermographical,1
thermolactal,1
thermometer,5
thermometers,1
thermos,2
thermostat,17
thermostatic,1
thermostatically,4
thermostats,2
therris,1
thes,9
these,13166
theses,2
thesis,13
thespian,2
thet,1
theta,8
thetas,1
thetford,8
thetted,2
thety,1
theusidies,3
thewh,1
they,96876
theydon,1
thi,141
thick,389
thicken,8
thickened,5
thickener,3
thickening,3
thickenings,1
thickens,2
thicker,52
thickest,3
thicket,1
thickies,1
thickish,3
thickly,3
thickness,17
thicko,1
thickos,1
thickset,1
thicky,1
thief,31
thierry,8
thieve,1
thieves,25
thieving,7
thigh,19
thighs,11
thin,243
thine,5
thines,1
thing,11791
thingamabob,2
thingamajig,5
thingamajigs,1
thingamijig,1
thingamy,4
thingey,4
thingeys,3
thingie,20
thingies,18
thingmajig,1
thingme,1
thingo,1
things,11431
thingumabob,1
thingumajig,1
thingumajiggy,2
thingummajiggeries,1
thingummies,2
thingummy,5
thingummybob,5
thingummybobs,2
thingums,1
thingy,115
thingybob,9
thingybobs,1
thingys,2
think,41333
think-tanks,1
thinkable,1
thinked,2
thinker,14
thinkers,6
thinki,1
thinking,2148
thinkings,2
thinks,642
thinly,8
thinned,8
thinner,38
thinners,4
thinness,2
thinning,10
thinnish,2
thins,6
thir,31
third,1373
thirdly,61
thirds,108
thirkettle,2
thirsk,15
thirst,11
thirsty,42
thirt,7
thirte,1
thirteen,1008
thirteenish,2
thirteens,1
thirteenth,86
thirth,1
thirties,149
thirtieth,83
thirty,5393
thirty-eight,11
thirty-eight-tonne,1
thirty-first,7
thirty-five,14
thirty-four,9
thirty-hundredweight,1
thirty-nine,6
thirty-odd,1
thirty-one,20
thirty-seven,7
thirty-six,18
thirty-something,1
thirty-three,6
thirty-two,18
thirtyish,2
this,58487
thistle,19
thistles,2
thisu,1
thither,1
tho,61
thomas,211
thomases,1
thomasescu,1
thomason,1
thomlinson,1
thomo,1
thompson,34
thompsons,13
thomson,65
thomsons,1
thong,1
thop,1
thops,1
thor,4
thorburn,1
thorden,2
thorley,3
thorn,24
thornbury,1
thorne,13
thorney,2
thornfield,6
thornhill,2
thornleys,1
thorns,7
thornton,21
thorntons,2
thorny,6
thorough,40
thoroughbred,1
thoroughfare,3
thoroughly,122
thoroughness,1
thorpe,9
thorpeness,3
thors,1
thos,3
those,11625
thou,112
though,4305
thought,9132
thoughtful,7
thoughtless,2
thoughts,205
thous,3
thousa,2
thousan,1
thousand,5354
thousandfold,1
thousands,382
thousandth,11
thousandths,7
thr,30
thralled,1
thran,1
thrased,1
thrash,8
thrashed,9
thrashian,1
thrashing,22
thre,16
thread,43
threadbare,2
threaded,7
threading,1
threads,10
threapingham,1
threat,174
threaten,34
threatened,121
threatening,73
threatens,16
threats,41
three,17862
three-and-a-half,1
three-and-a-half-thousand,1
three-bedroomed,2
three-day,1
three-dimensional,3
three-fifty,5
three-four,1
three-ish,1
three-legged,4
three-month,2
three-nen,1
three-nineties,1
three-ninetieth,23
three-one,1
three-piece,6
three-pound-fifty,2
three-quarters,6
three-some,1
three-thirty,1
three-tier,1
three-two,1
three-way,4
three-year,2
threefold,3
threeish,4
threepence,26
threepennies,2
threepenny,14
threequarters,1
threes,148
threesome,2
thresh,5
threshed,3
thresher,4
threshing,9
threshold,20
thresholds,4
thresian,1
threw,153
thrice,1
thrievers,1
thrift,8
thrifty,5
thrill,18
thrilled,33
thriller,11
thrilling,10
thrills,2
thrindon,1
thrive,13
thrived,3
thrives,1
thriving,21
thro,1
throat,183
throats,14
throbbed,1
throe,1
throes,5
thrombosis,1
throne,23
throneless,1
thronging,1
throttle,10
throttled,2
through,8009
throughout,510
throughput,4
throup,3
throw,619
throw-in,8
throwaway,2
throwback,3
throwbacks,1
throwed,2
throwen,3
thrower,3
throwers,3
throwing,163
thrown,223
throws,48
thrty-eight,1
thrupp,1
thruppence,27
thruppenny,6
thrush,15
thrushes,5
thrust,47
thrusting,2
thrusts,2
thse,1
thucydides,3
thud,2
thug,1
thuggery,1
thuggish,1
thugs,6
thumb,93
thumbed,2
thumbing,3
thumbnail,1
thumbnails,1
thumbs,10
thumby,2
thump,30
thumped,11
thumper,4
thumping,13
thumps,3
thun,2
thunder,37
thunderbird,5
thunderbirds,20
thunderbolt,3
thunderbolts,1
thundercats,1
thundered,1
thundering,8
thunderous,2
thunderstorm,3
thundery,1
thur,8
thurber,1
thurley,1
thurls,1
thurmaston,3
thurrock,10
thurry,1
thurs,2
thursday,918
thursdays,34
thurston,2
thus,84
thwarted,4
thy,35
thyme,4
thymus,1
thyroid,15
thyropentone,2
thyrotoxicosis,1
thyroxin,1
ti,96
tia,5
tiananmen,1
tiara,1
tiary,1
tibenham,1
tibet,1
tibetan,8
tic,15
tice,1
tick,137
tick-list,1
tick-tock,1
tickatape,2
ticked,37
ticker,5
ticker-tape,1
tickers,4
tickery,1
ticket,291
ticketing,1
tickets,346
tickety,1
ticking,34
tickle,42
tickled,11
tickler,4
ticklers,1
tickles,3
tickling,6
ticklish,1
tickly,5
ticks,17
ticky,4
tics,1
tidal,14
tiddington,1
tiddle,4
tiddle-diddle-liddle-liddle,1
tiddlers,3
tiddley,1
tiddly,4
tiddly-om-pom-pom,3
tiddy,3
tide,86
tides,11
tidied,33
tidier,4
tidies,1
tidiest,1
tidily,6
tidiness,1
tiding,1
tidings,1
tidley,1
tidworth,4
tidy,182
tidybig,2
tidying,37
tie,332
tie-back,1
tie-backs,5
tie-up,2
tiebreak,1
tiebreaker,10
tied,238
tiepin,2
tiepins,1
tier,42
tiered,2
tierrie,1
tiers,9
ties,62
tiffany,7
tiffin,1
tiger,32
tigers,6
tigger,4
tiggles,3
tiggwinkle,1
tiggwinkles,1
tiggywickle,1
tiggywinkle,2
tiggywinkles,2
tight,278
tight-lipped,3
tight-rope,1
tighten,28
tightened,19
tightening,12
tightens,2
tighter,30
tightest,2
tighthead,3
tightly,38
tightness,3
tightrope,1
tights,82
tigre,3
tike,1
tikka,6
til,17
tilbury,2
tile,39
tiled,18
tilehurst,1
tiler,5
tilers,2
tiles,138
tiling,14
till,2002
tilled,1
tiller,31
tilley,1
tilling,3
tills,14
tilly,11
tilney,1
tilt,8
tilted,5
tilting,4
tim,482
tima,1
timac,1
timber,147
timbering,2
timberland,2
timbers,23
timbersfield,1
timberwork,1
timbuctoo,1
timbuktu,1
time,18921
time-consuming,7
time-honoured,1
time-lock,2
time-scale,2
time-share,1
time-structured,1
time-tabled,1
time-to-time,2
time-wise,1
time-worker,1
timecard,2
timed,26
timeframe,1
timeish,1
timekeeper,5
timekeeping,2
timeless,7
timelessness,1
timely,6
timemachine,3
timer,33
timers,3
times,3290
times-ing,1
timescale,37
timescales,8
timesed,5
timeshare,10
timesharing,2
timesheet,7
timesheets,5
timesing,4
timespan,1
timeswitch,1
timetable,79
timetables,15
timeworks,1
timex,16
timid,17
timidity,1
timidness,1
timing,80
timings,3
timmy,23
timo,1
timorous,2
timorousness,1
timothy,65
timpson,1
timurid,1
tin,275
tin-lurky,3
tin-tin,2
tina,51
tine,2
tines,2
tinfoil,1
ting,1
tinge,6
tingewick,1
tingle,2
tingles,1
tingling,5
tingly,3
tingrace,1
tinier,4
tinies,1
tiniest,11
tiningham,1
tinker,16
tinkerbell,1
tinkered,2
tinkering,6
tinkers,28
tinkery,1
tinkies,1
tinkle,6
tinkling,2
tinky,2
tinned,35
tinpot,1
tins,114
tinsel,6
tinsmiths,2
tinsy,5
tint,5
tinted,7
tintin,1
tints,1
tinwooey,1
tiny,378
tion,2
tip,287
tip-off,3
tip-offs,1
tip-toes,1
tip-top,1
tipo,2
tipped,48
tipperary,1
tippers,1
tippet,1
tippex,11
tipping,32
tipple,6
tippy,1
tips,67
tipster,3
tipsy,1
tiptoe,3
tiptoed,1
tiptoeing,1
tiptoes,4
tipton,9
tiptop,2
tira,1
tiram,3
tire,5
tired,499
tireder,1
tiredness,7
tiree,2
tireless,2
tirelessly,3
tires,1
tireseus,1
tiresome,7
tiring,18
tis,1
tish,1
tissue,93
tissued,1
tissues,44
tistall,1
tiswas,1
tit,19
titan,3
titanic,6
titbit,1
titbits,5
titch,3
titchmarsh,1
titchy,5
titcomb,1
tithe,4
titi,1
titism,4
titivate,1
titivated,1
title,192
titled,4
titles,52
titlets,1
titling,4
titmarsh,3
tito,6
titrated,1
titration,2
tits,44
titted,2
titters,1
titties,1
tittle,2
titty,11
titus,2
tiverton,1
tivoli,4
tizer,5
tizzy,1
tmf,1
to,227935
to-air,1
to-do,1
to-door,1
to-face,1
to-ing,2
to-ings,1
toa,5
toad,4
toad-in-the-hole,1
toads,3
toadstool,2
toadstools,5
toalibi,2
toast,222
toasted,13
toaster,21
toasters,4
toasties,2
toasting,2
toasts,2
toasty,2
toba,1
tobacco,41
tobacconist,2
tobby,1
tobermory,2
toblerones,1
toboganning,1
toboggan,2
tobogganing,1
toboggans,2
tobozier,1
toby,52
toc,3
tocarno,3
tock,3
tockwith,3
tod,2
toda,2
todaro,7
today,5222
todaym,1
todays,3
todd,18
toddelling,2
toddington,1
toddle,1
toddled,3
toddler,27
toddlers,20
toddling,3
todmorden,1
todshill,1
toe,91
toe-rags,1
toed,4
toenail,4
toenails,6
toerag,2
toerags,1
toes,99
toesa,1
toesie,1
toesillitis,1
toffee,42
toffee-er,1
toffee-nosed,1
toffees,8
toffs,1
toft,1
tog,6
toga,1
toge,3
togeth,2
together,2568
togetherness,2
togethers,1
togged,1
toggle,2
toggles,3
togo,1
togrday,1
togs,4
toi,3
toil,4
toilet,433
toiletries,12
toiletry,5
toilets,101
toiling,1
toing,2
toings,1
token,79
tokened,1
tokenism,3
tokens,51
tokeny,4
toksvig,1
tokyo,19
tol,9
tolagee,1
tolagol,1
tolberstead,1
tolbertstead,4
tolbrook,1
told,3759
toledo,3
tolerable,9
tolerably,2
toleran,1
tolerance,12
tolerances,5
tolerant,23
tolerate,30
tolerated,7
tolerating,3
toleration,1
toll,26
tolled,1
tollersbury,1
tollerton,6
tolls,4
tology,1
tolstoy,5
toluene,5
tolwells,1
tom,445
toma,1
tomahawk,1
tomas,1
tomato,89
tomatoes,96
tomb,9
tomber,1
tombola,13
tomboy,3
tombs,2
tombstone,2
tome,5
tomes,2
tomkin,1
tomlin,5
tomlinson,12
tommahawk,1
tommahawks,1
tommo,1
tommorrow,1
tommy,105
tommys,1
tomo,3
tomor,2
tomorr,1
tomorrow,2423
toms,2
ton,89
tonal,1
tonbridge,2
tone,137
toned,8
toneless,1
toner,18
tones,14
tong,3
tongas,1
tongs,17
tongue,117
tongue-tied,1
tongued,4
tongues,28
toni,6
tonic,43
tonics,4
tonight,1843
tonights,1
toning,2
tonk,4
tonka,1
tonkses,1
tonnage,2
tonnages,1
tonne,24
tonner,1
tonnes,48
tonnite,1
tons,73
tonsil,2
tonsillectomies,2
tonsillectomy,2
tonsillitis,7
tonsils,12
tony,604
too,6532
toodaloo,1
took,2976
tooked,1
tooken,1
tool,80
toolbox,4
tooled,1
tooling,13
toolkit,1
toolmaker,1
tools,227
toon,1
toot,9
tooth,100
tooth-comb,1
toothache,11
toothbrush,17
toothbrushes,2
toothcomb,3
toothcombs,1
toothless,1
toothpaste,19
toothpastes,3
tooting,3
tootle,1
toots,1
tooty,1
top,2748
top-class,1
top-copy,1
top-heavy,1
top-to-tail,3
top-up,2
topaz,1
topcoat,2
tope,2
topers,1
topez,1
topham,1
topic,151
topical,13
topicality,1
topically,1
topics,90
topless,3
topmost,1
topography,5
topolski,2
topped,16
topper,18
toppers,1
topping,16
topple,3
toppled,2
topples,1
toppling,1
tops,75
topside,8
topsoil,1
topsy,12
topsy-turvy,2
topwith,1
tor,7
torbay,6
torch,46
torched,1
torches,8
tore,15
tories,193
torino,1
torment,11
tormented,9
tormenting,5
torments,1
tormore,10
torn,44
tornado,29
tornadoes,3
tornados,6
toronto,2
torpe,1
torpedo,5
torpedoed,2
torpedoes,1
torpor,1
torquay,20
torque,1
torrent,4
torrential,3
torrents,1
torres,1
torrizone,2
torso,3
torsvale,1
torsville,1
torte,4
tortellini,1
tortellio,1
tortilla,4
tortoise,11
tortoises,2
tortoiseshell,4
tortuous,2
torture,12
tortured,4
tortures,2
torturing,2
tory,327
tory-run,1
toryism,1
tos,1
tosh,8
toshiba,18
toshibas,8
toss,41
tossed,17
tosser,10
tossing,12
tosspots,1
tossy,1
tot,12
total,939
totalitarianism,2
totality,8
totalled,7
totalling,21
totally,811
totals,21
tote,4
toted,1
totem,32
totemism,1
toten,1
totexas,1
totnes,5
toto,1
tots,6
tottan,1
totted,4
totten,1
tottenham,59
totter,3
tottering,3
totting,2
totton,2
tou,1
touch,565
touch-tone,2
touch-type,1
touche,3
touched,159
toucher,1
touches,27
touching,70
touchline,3
touchstone,1
touchstones,1
touchwood,4
touchy,16
tough,198
toughen,3
toughened,3
toughening,4
toughens,1
tougher,19
toughest,3
toughie,2
toughly,1
toughness,2
toughy,1
toupee,3
toupees,1
tour,148
toured,2
touring,21
tourism,41
tourist,82
tourists,43
touristy,3
tournament,10
tournaments,8
tourniquet,3
tours,31
tout,12
touting,3
touts,10
tov,1
tovey,1
tow,44
towar,1
toward,19
towards,1279
towaway,1
towbar,1
towcester,1
towed,18
towel,83
towelling,3
towels,62
tower,142
towering,5
towers,68
towing,27
town,1649
town-type,1
townees,1
townfolk,1
townhall,1
townies,3
towning,1
towns,132
townsend,2
townshend,2
township,6
townships,4
townsleys,1
townspeople,1
townswomen,5
townwomen,1
towpath,1
toxic,41
toxicity,2
toxin,33
toxins,14
toxoid,5
toxophily,1
toxteth,3
toy,94
toy-boy,5
toya,1
toybox,1
toyboy,1
toyed,3
toying,6
toyland,2
toylands,1
toynbee,2
toyota,23
toyotas,1
toys,122
toytown,3
tr,84
tra,24
trabecca,1
trac,2
trace,74
traced,20
tracer,6
tracers,4
tracery,3
traces,10
tracey,177
tracheal,1
tracheostomy,1
tracheotomy,2
tracing,14
tracings,1
track,354
tracked,11
tracking,19
trackings,1
tracks,37
tracksuit,17
tracksuits,1
tract,5
tractable,1
traction,8
tractive,1
tractor,86
tractors,18
tracts,5
tracy,83
trad,12
tradable,1
trade,1311
trade-in,1
trade-mark,1
trade-off,3
trade-union,1
trade-unionism,1
traded,20
trademark,3
trader,27
traders,48
trades,99
tradesman,8
tradesmen,33
tradespeople,1
tradesperson,2
tradi,3
trading,234
tradition,136
traditional,234
traditionalist,2
traditionalists,5
traditionally,104
traditions,66
traf,3
trafalgar,16
traff,1
traffens,3
traffic,1181
traffickers,2
trafficking,4
traffico,1
traffics,3
trafford,9
tragedies,7
tragedy,58
traggoon,1
tragic,48
tragically,8
trai,2
traidcraft,50
trail,38
trailed,9
trailer,94
trailers,22
trailfinders,1
trailing,20
trails,1
train,742
trained,278
trainee,66
trainees,36
traineeship,1
trainer,87
trainers,120
training,1744
trainings,2
trainload,5
trains,171
traipse,4
traipsing,8
trait,6
traitor,5
traitors,1
traits,10
traj,2
trajectory,1
tram,24
tram-riding,1
tramcar,5
tramcars,10
tramlines,2
tramming,1
tramp,81
tramped,7
tramping,7
trample,5
trampled,5
trampling,6
trampoline,10
trampolines,1
trampor,1
tramps,28
trams,21
tramway,1
tran,5
trance,4
tranche,6
tranmere,10
tranny,1
tranq,1
tranquil,4
tranquilisers,1
tranquility,1
tranquilizers,1
tranquillisers,4
tranquillity,5
tranquillizer,3
tranquillizers,22
tranquilly,1
trans,14
trans-atlantic,2
trans-isomerism,1
trans-nationwide,1
trans-pennine,3
trans-scabon,1
transact,4
transacted,3
transaction,63
transactional,3
transactions,48
transatlantic,3
transboundary,2
transcend,11
transcendence,2
transcendental,1
transcending,4
transcribe,26
transcribed,17
transcribes,1
transcribing,20
transcript,12
transcription,58
transcriptions,6
transcripts,7
transducer,2
transduction,1
transfer,213
transferable,4
transference,20
transferences,1
transferred,122
transferring,31
transfers,29
transfiguration,2
transform,11
transformation,24
transformations,7
transformed,17
transformer,14
transformers,4
transforming,1
transforms,1
transfusion,11
transfusions,6
transgress,3
transgressing,1
transgression,2
transgressions,1
transgressors,3
transient,8
transistor,3
transistorized,1
transistors,3
transit,25
transition,39
transitional,16
transitions,1
transitive,3
transitory,3
transits,1
translantic,1
translate,37
translated,31
translates,2
translating,12
translation,40
translations,4
translator,4
translators,1
translink,3
translucent,4
transmigration,2
transmission,14
transmissions,1
transmit,13
transmits,1
transmittal,2
transmitted,25
transmitter,4
transmitting,2
transmuted,1
transmutes,1
transnational,1
transnationals,1
transparency,15
transparent,17
transparenty,1
transpire,1
transpired,6
transpires,3
transplant,26
transplanted,1
transplants,9
transpor,1
transport,657
transportable,1
transportation,52
transportations,1
transported,22
transporter,7
transporters,2
transporting,12
transports,4
transpose,6
transposed,1
transposer,1
transposition,3
transpositions,1
transpschycosis,1
transracial,1
transsexual,1
transubstantiation,1
transvaal,1
transve,1
transvestite,7
transvestites,2
trap,112
trap-door,2
trapped,63
trapper,2
trapping,4
trappings,2
trappiste,2
traps,21
trash,4
trashed,1
trauma,33
traumagenic,1
traumas,6
traumatic,34
traumatise,1
traumatised,3
traumatized,2
trav,1
travana,1
trave,1
travel,452
travelled,77
traveller,26
travellers,58
travelling,218
travelogue,1
travelogues,2
travels,37
travers,1
traverse,3
traversed,1
traversing,1
travesty,1
travis,6
travolta,1
trawl,3
trawler,6
trawlers,2
trawling,1
tray,101
traygo,2
trays,32
tre,10
treacherous,2
treacle,13
tread,37
treaded,5
treader,1
treading,10
treadle,1
treadmill,2
treadmills,1
treads,3
treadwell,1
treas,1
treason,1
treasons,1
treasure,42
treasure-troving,1
treasured,2
treasurer,153
treasurers,14
treasures,7
treasury,80
treat,293
treated,220
treaties,11
treating,74
treatise,2
treatment,322
treatments,19
treats,29
treaty,82
treble,28
trebled,13
trebling,1
trebly,2
trebor,6
tredworth,1
tree,513
tree-planting,1
treed,1
treeless,1
treena,1
trees,501
treetops,2
trefoil,1
trefoilers,1
trega,1
tregole,2
trek,41
trekking,3
trellis,7
trellising,2
trem,3
tremble,3
trembled,1
trembling,7
tremen,1
tremendous,366
tremendously,43
tremin,1
tremmy,1
tremor,2
tremors,1
tren,1
trench,13
trench-coat,1
trencher,1
trencherman,1
trenchers,1
trenches,4
trend,100
trends,70
trendsetter,3
trendsetters,1
trendy,19
trent,140
treorky,1
trepidation,4
tres,7
trespass,7
trespassers,1
trespasses,3
trespassing,2
tress,1
trestle,11
trestles,3
tret,1
trev,21
trevalle,4
trevellian,5
trevelyan,5
trevisa,2
trevithick,1
trevor,160
tri,12
tri-annual,4
tri-club,10
tri-glossic,2
tri-national,1
tri-nitrate,1
tri-scorer,1
trial,267
trialing,1
trialled,1
trials,31
trian,1
triangle,80
triangles,22
triangular,20
triangulation,1
triassic,1
triathlon,2
tribal,7
tribe,13
tribes,6
tribesmen,1
tribulation,1
tribulations,4
tribunal,49
tribunals,7
tribune,5
tributaries,1
tributary,2
tribute,63
tributes,10
trice,1
tricia,9
trick,117
tricked,9
trickery,2
trickier,1
tricking,4
trickle,11
trickled,1
trickles,6
trickling,2
tricks,60
trickster,1
tricky,93
tricyclic,1
tricyclics,1
trident,12
trie,1
tried,1130
tries,122
triest,1
trifle,22
trifles,1
trifling,1
trig,22
trigger,52
triggered,15
triggering,4
triggers,22
triggooms,1
trigonometry,3
trigs,1
trike,2
trilby,2
trilingual,1
trill,3
trilla,1
trillion,2
trilogy,1
trim,40
trimazepam,1
trimester,3
trimley,3
trimmed,20
trimmer,4
trimmers,1
trimming,16
trimmings,12
trims,1
trin,4
trina,6
trine,1
tring,12
trinian,2
trinidad,5
trinitarian,1
trinity,22
trinkets,1
trinkling,1
trinordiol,4
trio,6
triona,1
trioxide,2
trip,256
tripartisan,1
tripartite,13
tripe,6
triple,27
triplet,2
triplets,23
triplicate,2
tripod,8
tripos,1
tripped,14
tripper,1
tripping,12
trips,88
tripyer,1
trireme,1
triscale,1
trish,29
trisha,3
trisphosphate,3
tristar,1
tristram,2
trite,1
triton,1
trituris,1
triturus,1
triumph,40
triumphalistic,1
triumphant,5
triumphantly,2
triumphed,5
triumphs,1
trivers,21
trivet,1
trivia,6
trivial,40
trivialise,2
trivialises,1
trivialization,1
trivialize,1
trivializing,2
trivially,1
tro,3
trod,11
trodden,4
trog,3
trois,1
trojan,6
trojans,1
troleyadan,4
trolium,1
troll,6
trolley,117
trolleyed,1
trolleys,20
trolling,1
trollope,1
trolls,11
trombone,5
trombones,2
trone,3
troolls,2
troop,45
trooped,1
trooper,2
trooping,2
troops,116
tropez,2
trophies,15
trophy,54
tropical,60
tropicals,1
tropics,2
trosser,1
trot,50
trots,2
trotsky,1
trotted,7
trotter,9
trotters,2
trotting,16
trou,3
trouble,1446
trouble-free,2
trouble-shooting,1
trouble-torn,1
troubled,18
troublemakers,7
troubles,53
troubleshooter,1
troubleshooting,1
troubleshot,1
troublesome,6
troubling,3
trough,20
troughed,2
troughing,1
troughs,2
trounced,1
troupe,1
trous,2
trouser,18
trousers,333
trout,40
trowbridge,2
trowel,2
trowell,1
trowelling,1
troy,2
tru,11
truan,5
truancy,4
truant,6
truanting,1
truce,5
truces,1
truck,69
truckers,1
trucking,3
truckle,1
truckloads,1
trucks,63
trucky,1
trudge,6
trudged,2
trudgenell,3
trudges,1
trudging,3
trudy,22
true,1841
truer,3
truest,1
truffle,3
truffles,4
truism,2
truly,188
trum,1
truman,27
trump,2
trumped,1
trumpers,1
trumpet,22
trumpeted,1
trumpeter,3
trumpeting,1
trumpets,9
trumpington,1
trumps,6
trumpton,3
truna,7
truncated,1
truncation,1
truncheon,12
truncheons,2
trundle,4
trundles,1
trundling,7
trungeon,1
trunk,69
trunked,1
trunking,2
trunks,17
truno,2
truran,3
truro,7
trus,1
truss,10
trussed,1
trussel,1
trusses,4
trussing,12
trust,648
trusted,33
trustee,46
trustees,124
trusteeship,1
trusting,20
trustor,1
trusts,81
trustworthy,12
trusty,2
trutex,1
truth,504
truthful,25
truthfully,9
truths,11
try,4210
try-hard,1
tryi,1
trying,3232
tryptophan,3
ts,21
tsar,2
tsarist,2
tsars,3
tse-tung,3
tsrs,2
tt,512
tu,37
tub,48
tuba,3
tubas,1
tubby,5
tube,120
tubercle,2
tubercular,2
tuberculin,1
tuberculosis,19
tubers,1
tubes,45
tubing,5
tubs,31
tubular,5
tuc,1
tuck,57
tucked,36
tucker,4
tucking,6
tucks,2
tucsan,2
tudor,15
tudorish,1
tudors,2
tue,5
tues,6
tuesd,2
tuesday,866
tuesdays,35
tuf,1
tuffet,2
tuffnel,2
tufnell,44
tuft,1
tufted,2
tuftie,1
tuftnot,1
tufts,3
tufty,1
tug,20
tugboats,1
tugged,1
tugging,1
tugmasters,1
tugs,2
tuition,22
tuitioning,1
tukuse,3
tulip,15
tulips,6
tulworth,1
tum,8
tumble,23
tumble-drier,1
tumbled,5
tumbledried,1
tumbledryer,2
tumbler,15
tumbles,2
tumbletots,3
tumbling,19
tumim,5
tummy,93
tummyache,18
tummyaches,1
tumour,60
tumourler,2
tumourmacrosis,1
tumours,75
tumultuous,2
tun,1
tuna,32
tunbridge,14
tundra,4
tune,137
tuneable,1
tuned,19
tuneful,3
tuner,13
tunes,30
tung,1
tungsten,2
tungstens,2
tunic,1
tuning,11
tunisia,16
tunnel,115
tunnelled,1
tunnels,20
tunstall,2
tupe,2
tuple,30
tupled,1
tuples,9
tupling,1
tuppence,57
tuppeny,9
tupperware,4
tupples,1
tur,11
turan,1
turbaco,1
turbans,1
turbin,1
turbine,14
turbines,7
turbo,19
turbocharger,3
turbochargers,2
turbocharging,2
turbulence,7
turbulent,5
turd,11
turds,2
turf,21
turfed,3
turfing,2
turfs,3
turin,5
turk,2
turkey,133
turkeys,7
turkish,44
turkmen,1
turkmenistan,3
turks,3
turl,1
turley,2
turlings,1
turmoil,13
turn,2591
turn-off,3
turn-over,1
turn-taking,6
turn-ups,1
turnabout,1
turnaround,9
turnbelly,1
turnboy,1
turncoat,2
turncoats,1
turned,1039
turner,45
turnerie,3
turners,5
turning,404
turnings,2
turnip,11
turnips,19
turnkey,1
turnoff,4
turnout,7
turnov,1
turnover,72
turnround,4
turns,297
turnstiles,3
turntable,14
turpentine,2
turps,6
turquoise,1
turrell,1
turt,1
turtle,33
turtle-crazy,1
turtles,27
turvy,3
tus,1
tuscan,2
tuscany,5
tusk,1
tussaud,10
tussauds,7
tussling,1
tut,64
tut-tutting,1
tutamkhatan,2
tutankhamen,4
tutee,1
tuten,2
tutenkhamen,1
tutin,2
tuto,1
tutor,108
tutored,2
tutorial,52
tutorials,18
tutoring,4
tutors,53
tutti,3
tutti-frutti,2
tutting,5
tutty-bye,2
tutu,2
tuxedo,1
tuxedos,3
tv,14
tvs,1
tw,25
twaddle,3
twain,1
twang,5
twanging,3
twankey,3
twat,18
twats,4
twe,43
tweak,2
tweaked,1
tweaking,1
twee,1
tweed,8
tweedle,7
tweedledee,2
tweedledum,2
tweedley-dee,1
tweedley-dum,1
tweet,5
tweetie,2
tweezer,2
tweezers,10
twel,4
twelfth,199
twelfths,184
twells,1
twelv,1
twelve,2889
twelve-hundred,1
twelve-ish,1
twelve-strong,1
twelveish,1
twelves,15
twen,29
twent,6
twenties,129
twentieth,151
twentieths,2
twenty,9594
twenty-eight,18
twenty-eighth,1
twenty-fifth,2
twenty-first,4
twenty-five,67
twenty-five-minute,2
twenty-four,17
twenty-fourth,2
twenty-nine,16
twenty-ninth,3
twenty-o,1
twenty-one,41
twenty-one-year-olds,1
twenty-pound,1
twenty-second,4
twenty-seven,14
twenty-seventh,1
twenty-six,20
twenty-sixth,5
twenty-third,4
twenty-three,19
twenty-two,32
twentyfive,1
twentyish,1
twerps,2
twi,3
twic,1
twice,648
twick,1
twickenham,30
twickers,1
twiddle,8
twiddled,2
twiddles,3
twiddling,4
twiddly,2
twig,15
twigged,4
twiggery,1
twiggly,1
twiggy,5
twiggys,1
twiglets,9
twigs,11
twilight,4
twill,6
twilly,1
twin,62
twin-set,1
twine,4
twines,1
twinge,1
twinges,5
twinkle,40
twinkling,1
twinned,5
twinning,19
twins,66
twinwood,1
twirl,4
twirly,1
twist,89
twisted,44
twisters,1
twisting,24
twists,5
twistwood,3
twisty,6
twit,15
twitch,9
twitched,3
twitching,1
twitchy,2
twittering,1
twitty,2
twix,6
twizzle,7
two,28127
two-and-a-half,4
two-bedroomed,3
two-car,2
two-colour,3
two-day,3
two-dimensional,1
two-down,1
two-edged,1
two-eyed,1
two-faced,2
two-fifths,1
two-fifty,2
two-fold,3
two-goal,1
two-handled,1
two-hour,1
two-man,3
two-minute,1
two-one,5
two-page,1
two-part,2
two-piece,1
two-plus-one,2
two-ply,3
two-pronged,1
two-screen,2
two-screens,1
two-seater,1
two-second,2
two-stage,1
two-storey,1
two-thirds,12
two-timer,1
two-toned,1
two-way,5
two-weekly,1
two-wheeled,2
two-year,1
twoer,1
twofold,10
twoish,2
twopence,2
twopennorth,2
twos,143
twosome,1
twot,2
twoth,2
twout,2
ty,5
tybaot,14
tycoon,2
tydfil,2
tye,2
tying,50
tyke,2
tykes,1
tyle,2
tyler,4
tylers,14
tylex,1
tyne,17
tynecastle,9
tynedale,1
tynes,1
tynesid,1
tyneside,23
tyo,1
typ,1
type,1292
type-written,1
typecast,1
typecasted,1
typed,58
typeface,11
typefaces,17
types,397
typescript,2
typesetter,1
typewrite,1
typewriter,44
typewriters,13
typewriting,3
typewritten,5
typhoid,2
typhoo,2
typhoon,5
typhus,2
typi,1
typical,224
typically,56
typified,2
typify,2
typifying,1
typing,79
typist,16
typists,9
typo,8
typo-lecture,1
typo-visuel,1
typographer,2
typographic,1
typographical,10
typography,2
tyrannical,1
tyrannically,1
tyrannosaurus,9
tyranny,9
tyrant,7
tyrants,20
tyre,51
tyrell,1
tyres,109
tyrone,2
tyse,1
tysehurst,1
tyson,7
tzar,2
u,1609
u-boats,3
u-turn,14
u-turns,6
ub,1
uber,1
ubiquitous,1
ucca,14
uck,1
ucky,2
ucwetec,1
uefa,5
ufaf,8
ug,1
uganda,13
ugandan,1
ugh,113
uginon,1
uglier,1
ugliest,4
ugliness,1
ugly,113
ugly-looking,1
uh,62
uh-huh,1
uhm,4
uhmm,1
uhuh,6
uhum,45
uig,1
uim,1
uish,1
uist,2
uiting,1
ujam,4
uk,3
ukelele,1
ukkasta,1
ukky,1
ukraine,15
ukrainian,4
ukrainians,1
ul,2
ula,1
ulasey,1
ulay,3
ulcer,15
ulcers,8
uliusfor,1
ullswater,3
ulna,1
ulrika,1
ulster,24
ult,1
ulterior,1
ultimate,76
ultimately,140
ultimatum,2
ultra,22
ultra-left,1
ultramodern,2
ultrasound,1
ulvestris,1
ulvington,2
ulysses,15
um,282
umb,1
umberto,1
umbilical,3
umbrage,1
umbrella,56
umbrellas,7
umbudi,1
umist,1
umm,112
umm-ing,2
ummed,2
umming,1
ummmmm,1
umping,1
umpire,11
umpires,3
umpiring,1
umpteen,7
umpteenth,1
umpton,1
umpty,1
ums,3
un,137
un-derefield,1
un-divert,2
un-elected,1
un-made,2
un-met,1
un-noticed,1
un-organised,1
un-quantified,1
un-rem,1
un-run,1
un-self,1
un-slept,2
un-truths,1
un-zip,1
una,3
unable,152
unableness,1
unabused,1
unacceptable,71
unacceptably,2
unaccompanied,3
unaccountable,1
unaccountably,1
unaccounted,4
unachievable,2
unactioned,1
unadopted,4
unadulterated,2
unaffected,7
unaffordable,2
unaided,2
unallocated,2
unalterable,3
unalterably,1
unaltered,1
unambiguous,7
unambiguously,3
unamended,2
unan,2
unanimity,6
unanimous,27
unanimously,21
unannounced,1
unanswerable,3
unanswered,4
unappeased,1
unappetizing,1
unarmed,7
unashamed,3
unashamedly,2
unasked,2
unassailable,2
unassociated,1
unassuming,1
unassumingly,1
unattached,1
unattainable,1
unattempted,1
unattended,5
unattractive,9
unattri,1
unattributable,1
unauthorised,2
unauthorized,8
unavailability,1
unavailable,22
unavoidable,13
unavoidably,1
unaw,1
unaware,22
unawares,2
unbalance,3
unbalanced,4
unbanned,1
unbaptised,1
unbearable,4
unbeatable,2
unbeaten,18
unbeknownst,1
unbelief,7
unbeliev,1
unbelievable,96
unbelievably,2
unbeliever,1
unbelieving,3
unbiased,8
unbidden,1
unbind,2
unbleached,2
unblessed,1
unblock,7
unblocked,1
unborn,4
unbound,4
unbounded,2
unbowed,1
unbroken,2
unbuilt,2
unburied,1
unburned,1
unburnt,2
unbuttoned,1
unbuttons,1
uncalled,5
uncannily,1
uncanny,6
uncapped,2
uncare,1
uncaring,4
uncarved,1
uncastrated,1
uncatch,1
unceasingly,1
uncertain,32
uncertainly,1
uncertainties,9
uncertainty,63
unchallengeable,1
unchallenged,6
unchangeable,1
unchanged,34
uncharged,1
uncharitable,1
unchartered,2
unchecked,2
uncia,1
uncircumcised,1
uncivilized,1
unclaimed,1
uncle,236
unclean,5
unclear,51
uncles,17
unclip,3
unclipped,4
unclothed,1
uncluttered,1
unco-ordinated,1
uncomfortable,95
uncomfortableness,1
uncomfortably,4
uncomfy,1
uncommitted,4
uncommon,15
uncompetitive,1
uncompromising,1
unconcerned,2
unconditional,5
unconditionally,1
unconfident,1
unconnected,2
unconscious,107
unconsciously,10
unconsciousness,4
unconstitutional,3
unconstitutionally,1
unconstrained,6
uncontested,1
uncontrollable,5
uncontrollably,1
uncontrolled,9
uncontroversial,2
unconventional,3
unconverted,3
unconvinced,2
uncooked,1
uncool,1
uncorrected,1
uncorrelated,4
uncouple,1
uncourteous,1
uncouth,3
uncover,3
uncovered,11
uncreated,1
unction,4
uncultivated,1
uncurl,2
uncut,2
und,11
undamaged,2
undarwinian,2
undaunted,1
unde,4
undecided,4
undefeated,1
undefended,2
undefined,2
undelete,1
undeliberate,1
undelighted,1
undemocratic,8
undemonstrative,1
undeniable,1
undeniably,2
under,2843
under-achievement,1
under-active,1
under-bridge,1
under-consumption,1
under-developed,2
under-developing,1
under-diagnosed,1
under-eights,4
under-employed,1
under-employment,2
under-enumeration,1
under-fives,3
under-foreman,1
under-foremen,1
under-fund,1
under-funded,5
under-funding,12
under-headed,1
under-let,2
under-manager,3
under-ordered,1
under-planned,1
under-provision,1
under-read,2
under-regarded,1
under-reporting,1
under-representation,1
under-resourced,2
under-ripe,2
under-secretary,1
under-sevens,1
under-spendings,1
under-subscribed,1
under-thirteens,1
under-treated,1
under-use,1
under-used,4
under-utilized,1
under-worked,1
under-worldy,1
underachievement,1
underachieving,2
underactive,1
underage,1
underaged,1
underappreciated,1
underarm,5
underarms,2
underbound,1
underclass,2
undercliff,2
underclothes,1
undercoat,3
undercoated,1
undercoating,2
undercover,11
undercurrent,3
undercut,12
undercutting,2
underdeveloped,1
underdevelopment,1
underdone,2
undereducated,1
underestimate,10
underestimated,7
underestimating,2
underestimation,1
underfinanced,1
underfoot,2
underfunded,7
underfunding,4
underg,1
undergarments,1
undergo,11
undergoing,10
undergone,12
undergraduate,14
undergraduates,18
underground,69
undergrowth,9
underhand,1
underhanded,2
underlaid,1
underlay,5
underlease,4
underlie,3
underlies,2
underline,39
underlined,23
underlinen,1
underlines,13
underlining,8
underlying,65
undermanned,1
undermine,42
undermined,24
undermines,3
undermining,13
underne,1
underneath,536
underpaid,8
underpants,5
underpass,6
underpasses,3
underpaying,3
underpayments,2
underpin,7
underpinned,1
underpinning,6
underpinnings,1
underpins,5
underplayed,2
underpriced,1
underprivileged,6
underprovided,1
underrated,1
unders,5
undersa,1
underscore,1
underscored,1
underscores,2
undersea,1
undersecretary,1
underside,6
undersides,1
undersigned,1
underskirt,3
underskirts,1
underslip,1
undersold,1
underspend,4
underspending,4
underspendings,2
underspent,5
underspread,1
underst,4
understa,1
understaffed,3
understaffing,2
understairs,1
understand,2103
understandable,51
understandably,13
understanding,381
understands,35
understate,1
understated,1
understatement,3
understatements,1
understating,1
understood,241
understudy,2
undersupply,3
undertake,68
undertaken,67
undertaker,21
undertakers,6
undertakes,2
undertaking,57
undertakings,22
undertones,3
undertook,22
undertow,2
undervalue,2
undervalued,2
underviewers,1
underwater,14
underway,24
underwear,45
underweight,1
underwent,14
underwhelmed,1
underwhelming,1
underwood,6
underworld,1
underwr,1
underwrite,2
underwriter,1
underwriters,5
underwriting,13
underwritten,6
undeserved,3
undesignated,3
undesirable,7
undesirables,5
undesirous,1
undetected,2
undetermined,1
undeterred,1
undeveloped,4
undid,7
undiddled,1
undies,5
undignified,3
undiluted,2
undisciplined,3
undisclosed,2
undisputed,2
undisturbed,5
undivided,3
undo,58
undocumented,3
undogmatic,1
undoing,8
undone,33
undoubt,1
undoubtably,1
undoubted,4
undoubtedly,79
undre,1
undreamed,2
undress,5
undressed,13
undresses,4
undubitably,1
undue,18
unduly,27
undynamic,1
une,2
unearth,1
unearthed,2
unearthing,1
unease,5
uneasily,1
uneasiness,2
uneasy,15
uneconomic,2
uneconomical,3
uned,1
unedited,2
uneducated,11
unelected,4
unem,9
unemotional,1
unemploy,4
unemployable,2
unemployables,1
unemploye-ed,2
unemployed,286
unemploym,1
unemployment,352
unendurable,2
unenforceable,3
unenviable,1
unequal,7
unequality,1
unequally,1
unequivocal,4
unequivocally,5
unethical,1
uneven,6
unevenness,1
unevent,1
uneventful,1
unexamined,1
unexecuted,1
unexpecte,1
unexpected,33
unexpectedly,10
unexplained,4
unexploded,2
unexpurgated,1
unfailing,1
unfair,148
unfairest,1
unfairly,10
unfairness,2
unfaithful,2
unfaithfulness,2
unfamiliar,6
unfamous,1
unfashionable,8
unfavourable,2
unfeeling,1
unfeelingly,1
unfeminine,1
unfettable,1
unfettered,3
unfiltered,1
unfinished,8
unfish,2
unfit,10
unfixing,1
unflattering,1
unflushed,2
unfo,1
unfold,6
unfolding,1
unfolds,1
unfond,1
unfor,1
unforeseen,8
unforgettable,2
unforgivable,6
unforgiveness,1
unformulated,1
unfortu,1
unfortun,1
unfortunate,120
unfortunately,555
unfounded,3
unframed,1
unfriendly,15
unfrogettable,1
unfulfilled,2
unfunded,2
unfunny,1
unfurled,3
unfurnished,2
ungainly,1
ungallantly,1
ungenerous,1
ungodly,2
ungovernable,1
ungraciously,2
ungrammatic,1
ungrateful,10
ungrazed,1
unguarded,1
unhappily,2
unhappiness,14
unhappy,85
unharmed,5
unhealthily,1
unhealthy,6
unheard,14
unheard-of,1
unhelpful,13
unholy,2
unhook,4
unhurt,1
unhygienic,3
uni,16
uni-variant,2
unibond,4
unicare,1
unicef,5
uniciss,1
unicorn,7
unicycling,1
unicyst,1
unidentified,4
unification,12
unified,18
uniform,136
uniformed,7
uniformity,12
uniformly,5
uniforms,23
uniforum,2
unify,4
unifying,3
unigate,1
unilateral,5
unilaterally,5
unilever,1
unimaginably,1
unimaginative,1
unimpaired,1
unimpeachable,1
unimportance,1
unimportant,12
unimpressed,5
unimpressive,2
unin,1
unindeighted,1
uninformed,5
uninhabitable,1
uninhibited,1
uninsurable,1
uninsured,1
unintelligent,3
unintelligible,3
unintentional,6
unintentionally,5
uninteresting,11
uninterrupted,2
uninvited,1
uninviting,1
unio,1
union,1424
unionisation,1
unionism,24
unionist,21
unionists,47
unionization,1
unionized,2
unionizing,1
unions,377
unique,111
uniquely,12
uniqueness,4
unis,1
unison,40
unisys,2
unit,502
unitarian,1
unitarianism,1
unitary,36
unite,19
united,1045
unitedly,1
unites,5
uniting,4
unitory,1
units,375
unity,75
univ,1
univer,1
univers,6
universal,39
universalism,2
universalizing,1
universally,10
universals,8
universe,88
universelle,1
universit,1
universities,127
university,777
unix,20
unjust,17
unjustifiable,2
unjustifiably,2
unjustified,7
unjustly,7
unkept,1
unkin,1
unkind,15
unkindly,1
unknown,56
unknowns,5
unknownst,1
unl,1
unlabelled,1
unladylike,2
unlawful,23
unlawfully,3
unle,5
unlead,1
unleaded,10
unleash,1
unleashed,1
unleashing,3
unless,1269
unlicensed,1
unlighted,1
unlike,81
unlikeable,1
unlikely,181
unlimitable,1
unlimited,15
unlisted,1
unlit,1
unload,18
unloaded,9
unloading,16
unlock,10
unlocked,15
unlocks,2
unlog,1
unloosened,1
unloved,1
unluckiest,1
unlucky,44
unmade,1
unmake,1
unmaking,1
unmanageable,1
unmanaged,1
unmanning,1
unmapped,1
unmarked,6
unmarried,12
unmeasurable,1
unmentionables,2
unmercifully,2
unmet,1
unmistakable,3
unmodern,1
unnamed,2
unnationalized,1
unnatural,22
unnecessarily,28
unnecessary,50
unnerve,1
unnerved,1
unnerving,4
unnetworked,1
unnoted,1
unnoticeable,1
unnoticed,5
uno,9
unobservable,3
unobservables,1
unobserved,1
unobstructed,1
unobtainable,4
unobtru,1
unobtrusive,3
unoccupied,6
unofficial,8
unofficially,3
unopened,4
unopposed,5
unorganised,7
unorganized,3
unorthodox,1
unotta,1
unpack,8
unpacked,5
unpacking,6
unpacks,1
unpaid,22
unpalatable,4
unparalleled,2
unpensioned,1
unpick,8
unpicked,5
unpicking,1
unplaceable,1
unplaced,1
unplanned,1
unpleasant,51
unpleasantly,1
unpleasantness,1
unpleasing,1
unplug,5
unplugged,4
unplugging,1
unpolitical,1
unpopular,21
unpopularity,3
unpopulated,1
unpossessed,1
unpractical,1
unpractised,1
unprecedented,10
unpredictability,1
unpredictable,14
unpredictableness,1
unpredicted,1
unprejudiced,2
unprepared,6
unpreparedness,3
unprincipled,4
unproductive,4
unprofessional,1
unprofessionally,1
unprofitable,5
unprofor,1
unprompted,1
unpronounceable,2
unprotect,1
unprotected,13
unprotection,1
unproved,1
unproven,1
unprovoked,2
unpublishable,1
unpublished,3
unqualified,7
unquantified,2
unquestionable,3
unquestionably,2
unquestioned,1
unquote,40
unquoted,1
unquotes,1
unr,1
unrationed,1
unravel,7
unravelled,3
unravelling,2
unravels,1
unread,1
unreadable,1
unreal,11
unrealisable,1
unrealism,1
unrealistic,28
unrealistically,1
unreasonable,45
unreasonably,10
unrecognisable,1
unrecognised,1
unrecognized,1
unredeemable,1
unrelated,14
unreliable,12
unremitting,2
unremmed,1
unrepaired,2
unrepeatable,1
unrepentant,1
unrepresentative,2
unrepresented,3
unreprimand,1
unreservedly,3
unresolved,4
unresourcing,1
unresponsive,1
unrest,13
unrestrained,2
unrestricted,3
unrighteous,2
unrighteousness,3
unrivalled,3
unroll,2
unruly,4
uns,1
unsafe,25
unsalaried,1
unsalted,1
unsatisfactory,27
unsatisfiable,1
unsatisfied,1
unsaturates,2
unsavoury,2
unscathed,2
unscheduled,2
unscientific,2
unscrewable,1
unscrewed,1
unscriptural,1
unscrupulous,21
unsealed,2
unseating,1
unsecured,3
unseen,7
unselfish,1
unset,2
unsettle,2
unsettled,5
unsettling,2
unsewn,1
unshakable,1
unsharp,1
unshaved,1
unshockable,1
unsightliness,1
unsightly,2
unsigned,6
unsinkable,3
unskilled,8
unslept,1
unsliced,2
unsocial,4
unsold,1
unsolicited,1
unsolid,1
unsolved,4
unsorted,1
unsound,1
unspeakable,3
unspeakably,1
unspecific,2
unspecified,3
unspectacular,2
unspend,1
unspent,3
unspiritual,1
unspoiled,1
unspoilt,2
unspoken,2
unspotted,1
unstable,12
unstaffed,1
unstated,1
unsteady,2
unstinting,1
unstintingly,1
unstoppable,3
unstressed,4
unstructured,2
unstuck,10
unsubmersible,1
unsubstantiated,3
unsubtle,1
unsuccessful,22
unsuccessfully,6
unsuitability,2
unsuitable,13
unsuitably,1
unsung,1
unsupervised,3
unsupportable,1
unsupported,5
unsure,21
unsurpassed,1
unsurprising,1
unsurprisingly,3
unsuspected,1
unsuspecting,2
unsustainable,4
unswayed,1
unswerving,3
unsworth,1
unsympathetic,6
unsynchronized,1
untalented,1
untapped,1
untax,1
unthinkable,6
unthinking,2
unthought,1
unthread,1
unti,2
untidiness,2
untidy,24
untie,6
until,2254
unto,24
untouched,10
untoward,8
untrained,3
untrammelled,1
untranslatable,1
untreated,4
untried,2
untroubled,2
untrue,11
untrustworthy,2
untruth,2
untruths,1
unturned,1
untutored,1
untying,1
untypical,2
unus,1
unusable,1
unused,16
unusual,226
unusually,12
unvariables,1
unveil,2
unveiled,1
unveiling,5
unvetted,1
unviable,1
unwanted,18
unwarranted,5
unwashed,2
unweight,1
unwelcome,5
unwelcoming,1
unwell,10
unwept,1
unwhipped,1
unwilling,15
unwillingly,4
unwillingness,3
unwind,9
unwinding,4
unwinds,2
unwinnable,2
unwise,9
unwittingly,1
unwomanlike,1
unworkable,6
unworried,1
unworthily,1
unworthy,7
unwound,2
unwrap,3
unwrapped,4
unwraps,1
unyielding,1
unyoke,1
unzippable,1
unzipped,2
unzips,1
up,31574
up-coming,1
up-date,1
up-dated,2
up-front,1
up-gradable,2
up-market,5
up-to-date,17
up-trading,2
upanishads,1
upbeat,4
upbringing,14
upcoming,4
updatable,1
update,129
updated,90
updates,15
updating,39
updatings,1
updike,3
upend,1
upfield,2
upfront,4
upgrade,25
upgraded,7
upgrades,1
upgrading,11
uphall,1
upham,1
upheaval,11
upheavals,3
upheld,7
uphill,10
upho,1
uphold,7
upholding,2
upholster,1
upholstered,1
upholsterer,2
upholstery,16
upkeep,9
upland,2
uplands,1
uplift,11
uplifted,5
uplifting,4
upmarket,2
upminster,2
upmost,2
upon,835
upped,9
upper,149
upperbreck,1
uppermost,5
uppers,1
upping,6
uppingham,2
uppish,1
uppity,5
uprate,1
uprating,2
upright,30
uprights,4
uprising,10
uprisings,6
uproar,11
uproarious,1
uproot,4
uprooted,6
ups,50
upsa,1
upsel,1
upset,353
upsets,22
upsetting,31
upshire,3
upshot,8
upside,2
upside-down,2
upsides,1
upsta,4
upstaged,1
upstai,1
upstairs,713
upstanding,3
upstart,1
upstarts,2
upstream,2
upsurge,6
uptake,10
uptight,12
upton,8
uptowner,1
upturn,16
upturned,2
upturning,1
upward,24
upwardly,4
upwards,50
upware,3
upwind,5
ur,2
urania,1
uranium,24
uranus,5
uray,1
urb,2
urban,269
urbanisation,2
urbanization,2
urbanizing,2
urc,22
urchin,1
urdu,1
ureteric,1
ureters,1
urethra,2
urg,1
urge,90
urged,26
urgency,35
urgent,118
urgentest,1
urgently,26
urges,10
urgh,457
urging,38
uri,6
uric,1
urinal,1
urinals,4
urinary,1
urinate,5
urinated,1
urinating,1
urinators,1
urine,26
urmston,4
urn,2
urns,1
urodynamic,2
urodynamics,2
uroflow,3
urological,3
urologist,1
urologists,3
urology,3
urrgh,1
ursula,4
uruguay,3
us,11061
usa,4
usable,10
usage,48
usages,2
usdaw,8
usdor,2
use,5766
use-stress,1
useable,3
used,10555
usefu,1
useful,597
usefully,10
usefulness,7
useless,123
user,112
user-friendly,2
users,180
uses,306
usha,1
usher,7
ushered,1
usi,1
usin,1
using,1625
ussr,1
ustinov,1
usu,8
usua,1
usual,222
usually,1499
usurp,1
usurpation,1
usurping,1
ut,2
utah,2
utensils,3
uterine,2
uterus,2
uteruses,2
utilisation,3
utilise,9
utilised,6
utilitarian,8
utilitarianism,3
utilities,40
utility,58
utilizable,1
utilization,1
utilize,20
utilized,9
utilizing,4
utils,1
utland,1
utmost,14
utopia,4
utopian,4
utopias,3
utter,26
utterance,2
utterances,1
uttered,4
utteridge,1
utterly,41
uttermost,1
uttlesbury,1
uttlesford,5
uxbridge,2
uxoriousness,1
v,1152
v-shaped,1
va,10
vac,11
vacancies,74
vacancy,31
vacant,48
vacate,4
vacated,5
vacating,1
vacation,13
vacational,1
vacations,3
vaccin,1
vaccinate,1
vaccinated,7
vaccination,8
vaccinations,3
vaccine,35
vaccines,3
vache,1
vaches,5
vacillation,1
vacilus,1
vacuum,47
vacuuming,2
vacuums,2
vadeen,1
vader,3
vag,1
vagabonds,7
vagaries,2
vagina,7
vaginal,2
vagrants,3
vague,75
vaguely,45
vagueness,3
vaguer,1
vain,5
vainty,1
vaison,2
val,95
valance,3
valdez,3
vale,80
valediction,1
valencies,2
valency,3
valentine,14
valentiner,1
valentines,8
valera,1
valerie,17
vales,1
valet,1
valeta,3
valeted,1
valets,1
valiance,1
valiant,2
valiantly,2
valid,129
validate,3
validated,5
validating,1
validation,2
validity,28
validly,1
valium,40
valley,114
valleys,11
valmer,1
valour,2
valours,1
valponi,2
vals,1
valu,1
valua,1
valuable,147
valuables,4
valuably,1
valuation,32
valuations,8
value,744
valued,41
valuer,3
valuers,1
values,161
valuing,1
valus,5
valve,34
valves,23
vam,2
vamoosed,1
vamp,2
vampire,8
vampires,1
van,377
van-loads,1
vanable,1
vanbrugh,5
vance,1
vancouver,10
vandal,16
vandal-proof,4
vandalise,1
vandalised,2
vandalising,2
vandalism,26
vandalist,1
vandalize,4
vandalized,8
vandalizing,4
vandals,9
vandellas,1
vanden,1
vandervalk,2
vane,1
vanes,1
vanessa,11
vanguard,6
vanguards,1
vanilla,21
vanish,10
vanished,14
vanishes,2
vanishingly,1
vanity,9
vanload,1
vanroch,1
vans,42
vantage,2
vaporises,2
vaporize,1
vaporized,2
vapour,9
var,8
varens,1
vareys,2
vargo,2
vari,1
variability,7
variable,116
variables,40
variably,1
variance,27
variant,9
variants,13
variation,55
variations,78
varicose,4
varied,64
variegated,3
varies,58
variet,1
varieties,42
variety,252
various,1051
variously,6
varnish,55
varnished,14
varnishing,5
vary,92
varying,29
vasco,1
vascoendophilia,1
vascular,19
vascularity,2
vase,39
vasectomy,1
vaseline,9
vases,7
vasey,15
vast,185
vastly,27
vastness,3
vasudeva,1
vat,94
vat-like,1
vatable,1
vatican,11
vats,1
vatted,1
vaudeville,1
vaughan,7
vaughany,3
vaughn,3
vault,3
vaults,2
vaunted,1
vauxhal,1
vauxhall,49
vauxhalls,4
vax,18
vaxes,2
vcv,1
vd,6
ve,47
veal,5
vector,13
vectors,3
veena,2
veer,6
veered,1
veering,3
veers,6
veestol,1
veg,94
vega,1
vegan,6
vegas,5
vegemite,1
vegeta,1
vegetable,50
vegetables,165
vegetari,1
vegetarian,56
vegetarianism,3
vegetarians,6
vegetation,5
vegetative,2
vegged,1
veggie,4
veggies,10
vehemence,1
vehement,3
vehemently,2
vehi,1
vehicle,289
vehicles,158
vehicular,2
veil,4
veiling,1
veils,1
vein,32
veins,28
veiws,1
velcro,8
vell,2
velma,3
velocipedes,1
velocity,70
velom,1
velour,3
velvet,23
velveting,1
velvets,2
velvety,2
ven,3
venables,10
venal,1
venavae,2
vendetta,1
vending,11
vendome,1
vendor,23
vendors,32
vendu,1
veneer,6
veneered,4
venerate,1
venereal,5
veneta,1
venetian,10
venezuela,5
vengeance,4
vengloss,1
venial,4
venice,16
venison,8
venn,6
veno,4
venom,6
venomous,1
venos,2
vent,20
vent-hole,1
vent-line,1
ventalin,1
vented,1
ventilate,1
ventilated,3
ventilation,14
ventilations,1
ventilator,13
ventilin,1
ventnor,7
ventolin,8
ventriloquism,2
ventriloquist,4
vents,11
ventura,1
venture,38
ventured,8
venturers,2
ventures,5
venturialise,1
venturing,5
venturism,1
venue,32
venues,7
venus,16
ver,27
vera,52
veracity,1
veranda,2
verandah,8
verb,71
verbal,54
verbalising,1
verbally,22
verbals,1
verbatim,4
verbella,1
verbiage,1
verbose,3
verbs,11
verdant,1
verdi,2
verdict,28
verdicts,1
vere,11
verge,23
verges,15
verging,5
verification,2
verified,6
verifies,1
verify,14
verisimilitude,1
veritable,1
verities,1
verity,1
vermarkt,1
vermin,5
verminous,1
vermont,2
vern,2
verney,1
vernon,34
verofa,1
veron,1
verona,5
veroni,2
veronica,17
veronna,1
verruca,2
vers,5
versa,6
versace,1
versailles,9
versatile,24
versatility,2
verse,221
verseatue,1
versed,2
verses,62
versify,1
versing,1
version,259
versioned,8
versions,46
versus,56
vertebra,1
vertebrae,6
vertebrates,6
vertex,2
vertical,34
vertically,9
verticals,1
vertigo,1
verus,1
verve,1
verversity,4
very,25125
ves,2
vesicles,4
vessel,29
vessels,33
vest,32
vested,17
vestibules,5
vesting,1
vestry,5
vests,5
vesuvius,1
vet,65
veteran,15
veterans,13
veterinary,18
veto,11
vetoed,1
vetoers,1
vetoing,1
vets,21
vetted,3
vetting,4
vexatious,1
vexed,11
vexing,1
veyr,1
vi,21
via,81
viability,26
viable,68
viaduct,5
viaducts,2
vial,1
viapechio,1
vibes,17
vibrant,11
vibraphone,1
vibrate,2
vibrates,1
vibrating,8
vibration,2
vibrations,3
vibrator,4
viburnum,1
vic,34
vicar,52
vicarage,11
vicarious,1
vicars,5
vice,108
vice-captain,2
vice-chair,4
vice-chairman,3
vice-chairs,3
vice-chancellor,2
vice-chancellors,1
vice-president,2
vice-presidents,1
vice-principal,1
vice-versa,3
viceroy,1
vices,5
vich,3
vicin,1
vicinity,31
vicinty,3
vicious,46
vick,12
vicked,1
vicker,1
vickers,8
vicki,90
vicks,1
vicky,87
victim,105
victimised,3
victimization,7
victimizations,1
victimize,5
victimized,9
victimizes,1
victimizing,2
victimless,1
victims,100
victor,30
victoria,124
victorian,91
victorians,6
victories,9
victorine,1
victorious,3
victors,1
victory,124
victuallers,1
vid,3
vidable,2
vidalia,1
vide,1
video,777
video-taped,1
videoed,7
videofits,1
videoing,9
videos,144
videotape,5
videotaped,2
vienna,49
viennese,3
viennetta,2
viennettas,1
vier,1
viet,2
vietcong,6
vietnam,54
vietnamese,16
view,1826
view-graph,3
viewed,17
viewer,4
viewers,16
viewership,1
viewfinder,1
viewing,31
viewpoint,25
viewpoints,6
views,447
vif,1
vigil,5
vigilance,4
vigilant,11
vigilante,5
vigilantes,5
vigitalle,2
vigorous,15
vigorously,23
vigour,9
vigourous,1
viking,17
vikings,2
vil,3
vile,15
vilest,1
vilification,1
vill,1
villa,66
villag,1
village,634
villager,1
villagers,12
villages,173
villain,11
villains,4
villas,2
villette,1
villi,2
villiage,1
villit,1
vilma,2
vilnius,3
vim,1
vimto,4
vin,2
vince,29
vincent,15
vincenti,2
vinchenti,1
vinci,2
vindicated,3
vindication,1
vindictive,6
vindictiveness,1
vine,13
vinegar,50
vinegars,1
vineholts,2
vineyard,2
vineyards,3
vinnie,6
vinny,1
vino,4
vinta,1
vintage,6
vinteuil,1
vinton,2
vinyl,19
viola,6
violate,5
violated,4
violates,1
violating,1
violation,4
violations,1
violators,4
violence,255
violences,1
violent,112
violently,12
violet,25
violets,10
violetta,2
violin,40
violinist,1
violins,9
viper,1
vips,1
vir,4
vira,1
viral,3
vire,1
virgil,3
virgin,115
virginal,2
virginia,40
virginity,2
virgins,2
virgo,8
virgos,1
virile,4
virility,1
virilous,1
virtual,16
virtuality,2
virtually,300
virtue,49
virtues,27
virtuoso,1
virtuous,6
virtuously,1
virucide,1
virulence,4
virulent,2
virus,55
viruses,9
vis,3
vis-a-vis,3
visa,25
visas,6
viscious,1
viscose,1
viscount,11
viscounts,1
viscous,1
viscuss,1
visi,2
visib,1
visibility,18
visible,41
visibly,1
vision,112
visionary,1
visions,22
visit,429
visitation,2
visited,79
visiting,115
visitor,49
visitors,172
visits,112
visor,2
visors,3
vista,1
visual,104
visualise,6
visualize,16
visualized,3
visually,32
visuals,6
visuel,3
vital,172
vitalite,5
vitality,9
vitally,29
vitamin,28
vitaminized,1
vitamins,29
vitez,1
vito,1
vitrify,1
vitriol,1
viv,17
vivacious,1
vivaldi,1
vivian,4
vivid,31
vividly,15
vivien,3
vivienne,3
vivisection,4
vixen,10
viz,2
vladimir,1
vm,1
vmmt,3
vo,7
voc,1
vocabularies,2
vocabulary,61
vocal,19
vocalist,5
vocalists,2
vocally,1
vocals,3
vocation,18
vocational,20
vocationally,1
vocations,1
vociferous,6
vod,2
vodaphone,2
vodka,29
vodkas,4
vogue,9
voice,511
voiced,7
voicer,1
voices,78
voicing,1
void,48
voiding,7
voids,2
voight,2
voila,1
vol,7
vol-au-vent,2
vol-au-vents,1
volatile,14
volatility,8
volcanic,6
volcano,7
volcanoes,2
vole,4
voles,4
volition,2
volk,1
volks,9
volkspares,2
volkswagen,16
volkswagens,1
voll,1
volley,8
volleyball,7
volleyed,9
volleyer,2
volleying,1
volleys,4
volly,1
volt,31
volta,1
voltage,75
voltarol,5
volts,52
voluble,1
volume,192
volumes,40
volumetric,2
voluminous,1
volun,1
volunt,3
voluntaries,1
voluntaril,1
voluntarily,12
voluntary,351
volunteer,92
volunteered,48
volunteering,15
volunteers,110
voluptuous,3
voluptuousness,1
volviferous,1
volvo,26
volvos,2
vomit,13
vomited,3
vomiting,6
von,4
vonnegut,1
vont,3
voodism,1
voomf,1
voracity,1
vorderman,2
vorsprung,2
vote,857
voted,145
voter,6
voters,47
votes,118
voting,182
vou,3
vouch,8
voucher,105
vouchers,57
vouchsafe,1
vous,5
vover,1
vow,7
vowed,7
vowel,25
vowels,5
vowing,1
vows,11
voyage,5
voyager,1
voyages,1
voyeurism,2
vozene,1
vroom,10
vroomm,1
vrroom,1
vs,6
vu,4
vulcan,1
vulcans,1
vulgar,7
vulnerabilit,1
vulnerabilities,2
vulnerability,2
vulnerable,78
vulture,3
vultures,2
vying,2
vynal,4
vytautas,1
w,1884
wa,432
waaah,1
waargh,1
wac,1
wack,12
wacko,3
wacko-jacko,2
wacky,5
waco,16
wad,11
wadded,1
wadders,3
wadding,7
waddington,11
waddle,3
waddles,1
waddling,2
wade,12
waded,2
waders,3
wadge,4
wadhurst,1
wadi,1
wading,6
wads,2
waf,1
wafer,2
wafers,1
waffle,25
waffled,1
waffler,1
wafflers,1
waffles,12
waffling,7
waffly,3
waft,1
wafted,2
wafters,1
wafting,4
wag,11
wage,291
waged,4
wager,1
wagers,2
wages,458
wagg,1
wagging,18
waggle,3
waggling,2
waggon,20
waggons,13
waging,3
wagner,3
wago,1
wagon,51
wagon-load,1
wagonette,2
wagonettes,3
wagons,42
wags,2
wagstaff,2
wah,44
wahey,14
wahh,1
wahhh,2
wahhhh,1
waht,1
wai,8
waifs,1
waikiki,1
wail,2
wailed,1
wailers,1
wailing,2
wain,4
wains,1
wainwright,3
waist,47
waist-high,1
waistband,3
waistcoat,31
waistcoated,1
waistcoats,8
waistcoaty,1
waisted,1
waistline,1
waists,4
wait,1748
waite,8
waited,82
waiter,19
waiters,4
waites,1
waiting,886
waitings,1
waitress,14
waitresses,3
waitrose,16
waits,21
waive,9
waived,4
waiver,56
waivers,2
waives,1
waiving,4
waka,1
wake,222
wake-up,1
waked,1
wakefield,13
wakeham,2
waken,15
wakened,1
wakening,2
wakes,47
wakey,10
wakey-wakey,1
waking,40
wal,13
walberdeen,3
walberswick,2
waldegrade,2
waldegrave,2
walden,13
walder,1
waldergrave,3
waldia,1
waldo,1
waldon,11
waldren,4
waldron,3
wale,1
wales,387
walford,2
walgrave,1
waling,1
walk,1613
walk-in,4
walk-out,1
walkabout,2
walkabouts,1
walkden,2
walked,575
walken,2
walker,32
walker-shaw,1
walkerhouse,1
walkers,23
walki,1
walkie,12
walkie-talkie,2
walkie-talkies,1
walkies,16
walking,820
walking-out,2
walkingtons,1
walkman,110
walkmans,11
walkout,3
walkover,1
walkovers,1
walks,169
walkway,8
walkways,10
wall,849
walla,1
wallace,12
wallasey,8
wallbank,1
wallby,2
walled,4
waller,1
wallering,1
wallet,45
wallets,30
wallflowers,4
wallie,3
wallingford,13
wallington,4
wallis,11
wallop,18
walloped,7
wallow,1
wallowing,3
wallpaper,95
wallpapered,5
wallpapering,11
walls,197
wally,27
walmgate,2
walmsley,1
walnut,25
walnuts,11
walpole,1
walraven,1
walrus,2
wals,1
walsal,1
walsall,140
walscott,2
walsh,12
walston,1
walt,8
walter,42
waltered,1
walters,5
waltham,3
walthamstow,9
walthe,1
walton,30
waltz,11
waltzed,3
waltzes,3
waltzing,1
walworth,3
wan,2428
wanamaker,2
wand,14
wanda,6
wander,53
wandered,18
wanderer,2
wanderers,15
wandering,69
wanderings,2
wanderlust,5
wanders,8
wandle,5
wandsbeck,1
wandsbergh,4
wandsworth,4
wane,1
waned,1
wang,2
wanged,1
wangford,1
wangle,1
wangled,2
wangling,1
wank,20
wanked,1
wankel,2
wanker,55
wankers,8
wanking,5
wankish,1
wanks,1
wanky,1
wann,11
wanna,1
wannae,3
wannoo,1
wannu,1
wanstead,3
want,18468
wantage,24
wanted,3272
wanting,343
wanton,1
wants,2047
wap,1
wapping,1
war,1780
war-time,2
warblers,1
warburg,1
warby,2
ward,217
warden,37
wardening,2
wardens,21
warder,2
warders,2
wardington,10
wardro,1
wardrobe,144
wardrobes,53
wards,83
wardship,3
ware,19
wareham,1
warehouse,86
warehouseman,2
warehousemen,1
warehouses,7
warehousing,12
warer,1
wares,7
warfare,23
warfarin,2
warheads,1
warily,3
waring,3
warley,14
warlord,5
warlords,11
warm,652
warm-up,2
warmed,29
warmer,66
warmers,2
warmest,10
warming,35
warmish,2
warmly,8
warmness,1
warmonger,1
warms,13
warmth,50
warn,59
warned,74
warneford,3
warner,15
warning,172
warnings,21
warninks,1
warnock,10
warns,8
warp,3
warped,5
warping,2
warps,1
warrant,25
warranted,6
warrantee,2
warranties,5
warrants,10
warranty,36
warren,66
warriner,1
warring,1
warrington,4
warrior,14
warriors,9
wars,110
warsaw,3
warship,5
warships,7
warsop,2
wart,12
wartime,28
warts,8
warwick,14
warwickshire,26
wary,31
was,84008
wasabe,1
wascher,2
wasem,2
wash,556
wash-hand,3
wash-house,4
washable,12
washbasin,1
washbasins,1
washbrook,1
washday,1
washed,229
washed-over,15
washer,42
washers,7
washes,21
washing,580
washing-over,7
washing-up,3
washings,1
washington,68
washout,1
washrooms,1
washstand,1
wasn,1
wasnae,2
wasp,12
waspish,1
wasps,22
wassall,3
wassle,1
wastage,15
waste,548
waste-watch,1
wasted,102
wasteful,13
wasteland,7
wastepaper,4
waster,4
wasters,1
wastes,8
wastewatch,4
wasting,120
wat,4
watana,1
watch,1851
watch-word,1
watcha,2
watchable,1
watchdog,11
watchdogs,5
watched,321
watcher,5
watchers,4
watches,46
watchfield,3
watchful,3
watching,647
watchmaker,5
watchman,4
watchmen,2
watchton,1
watchtower,3
wate,1
water,2899
water-based,2
water-gathering,1
water-shed,1
watercraft,1
watercress,1
watered,25
waterfa,1
waterfall,9
waterfalls,2
waterhall,4
waterhouse,19
watering,31
waterlilies,1
waterlogged,3
waterloo,14
waterlooville,1
waterman,9
watermanship,2
watermills,1
waterprice,1
waterproof,23
waterproofers,1
waterproofing,1
waterproofs,1
waters,84
watershed,3
watership,3
watersi,1
waterstock,2
waterstones,1
watertight,7
waterway,3
waterways,13
waterwheel,1
waterwheels,1
waterwo,1
waterworks,9
watery,8
watford,37
watkins,4
watling,1
watlington,7
watson,18
watsons,8
watt,18
wattage,10
wattana,2
wattle,2
watts,31
waugh,1
wave,105
wave-length,1
waveband,1
waved,20
waveforms,1
wavelength,4
wavelengths,1
waveney,5
waver,4
wavered,2
waverers,1
wavering,8
waverley,2
waves,58
wavey,3
waving,43
wavy,5
wawen,3
wax,120
waxed,11
waxers,1
waxes,6
waxing,21
waxy,7
way,13047
waybill,6
waybills,2
wayfaring,5
waylaid,4
waylay,2
wayne,78
ways,1103
wayside,11
wayward,2
waywardness,1
waz,2
wazzock,2
wd,2
we,109156
we-ell,1
weak,147
weaked,1
weaken,16
weakened,13
weakening,8
weakens,5
weaker,24
weakest,10
weakish,1
weakling,4
weaklings,1
weakly,5
weakness,46
weaknesses,34
weal,2
weald,2
wealdstone,1
wealth,64
wealthier,8
wealthiest,5
wealthy,61
wean,5
weaned,2
weaners,1
weaning,15
weapon,93
weaponeering,1
weaponry,8
weapons,111
wear,853
wearing,392
wears,90
wearside,1
wearsider,1
weary,28
weasel,8
weather,602
weather-beaten,1
weather-prone,1
weathered,4
weatherfields,1
weathering,9
weathernly,1
weatherproof,1
weathers,8
weatherseal,1
weatherwise,2
weave,23
weaved,2
weaver,12
weavers,6
weaves,1
weaving,35
web,10
webb,27
webbed,1
webber,5
webbing,10
webbs,1
webby,7
weber,5
webs,3
webster,10
websters,1
wed,7
wedded,4
wedding,406
weddings,50
wedford,1
wedge,28
wedged,12
wedges,7
wedlock,2
wedn,2
wednes,1
wednesbury,4
wednesd,1
wednesday,982
wednesdays,37
wee,835
weeble,8
weed,39
weeded,2
weeder,1
weeding,6
weedkiller,4
weedkillers,1
weedon,1
weeds,43
weedy,5
weee,6
weeed,2
weeee,5
weeing,4
week,6547
week-long,2
weekday,8
weekdays,7
weeke,1
weeken,1
weekend,954
weekendish,1
weekends,126
weeklies,2
weekly,116
weeks,2055
weemington,1
weenies,1
weenor,3
weeny,20
weeow,4
weep,12
weeping,17
weeps,1
weepy,4
weer,3
wees,7
weesker,1
weetabix,18
weetaflakes,1
weeting,6
weevil,1
weh,1
wehmeiher,1
wei,1
weig,1
weigh,100
weigh-in,6
weighbridge,4
weighbridges,1
weighed,64
weighing,36
weighs,24
weight,655
weight-triggered,1
weighted,10
weightier,1
weightiest,1
weighting,20
weightless,2
weightlifting,2
weights,69
weightwatcher,1
weightwatchers,8
weighty,5
weimar,1
weinberg,1
weir,12
weir-r-rd,1
weird,281
weirder,1
weirdest,1
weirdies,1
weirdness,1
weirdo,8
weirdos,7
weirds,1
weirdy,1
weismann,9
weismuller,2
wel,12
welbeck,2
welch,1
welcome,586
welcomed,68
welcomes,19
welcoming,29
weld,21
welded,10
welder,10
welders,2
welding,29
weldon,2
welds,2
welfare,124
welham,1
welk,1
welker,3
welkom,7
welkoms,1
well,55937
well-balanced,2
well-being,6
well-built,1
well-carpeted,1
well-defined,6
well-deserved,2
well-differentiated,1
well-disciplined,1
well-dressed,1
well-educated,2
well-equipped,2
well-established,1
well-financed,1
well-formedness,2
well-founded,1
well-known,16
well-liked,1
well-meaning,1
well-motivated,2
well-organized,6
well-paid,1
well-qualified,1
well-remembered,1
well-respected,1
well-stocked,1
well-to-do,1
well-used,2
wella,5
wellbeing,12
wellcome,1
welled,1
wellent,2
weller,1
wellesey,1
wellford,1
wellie,3
wellies,31
welling,3
wellingborough,21
wellingdon,1
wellings,1
wellington,16
wellingtonians,1
wellingtons,6
wells,38
wells-next-the-sea,1
welly,19
welsh,200
welshies,1
welshman,7
welshmen,4
welshy,1
welt,3
welter,2
welts,1
welwyn,16
wembley,48
wen,23
wenceslas,1
wench,2
wenches,2
wend,1
wended,1
wendlebury,4
wendover,2
wendy,175
wenley,1
wens,2
wensbury,1
wensley,1
went,9514
wents,1
wentworth,8
weow,1
weppings,1
wept,5
wer,22
were,28530
weren,1
weres,1
werewolf,3
werewolves,2
wergh,1
werh,1
werhh,1
werner,2
werther,2
wes,9
wesley,73
wesleyan,4
wesleys,1
weslicks,2
wessex,4
west,1007
westbond,1
westbound,23
westbourne,4
westbury,4
westcliff,4
westcot,1
westcote,3
westend,2
westerhailes,5
westerley,3
westerly,6
westermark,1
western,270
westerners,4
westernised,1
westfield,1
westgate,11
westhorpe,1
westland,5
westlands,1
westmeads,2
westminster,117
westmorland,1
westness,2
weston,18
weston-super-mare,2
westow,1
westray,9
westward,2
westwards,3
westwood,1
wet,385
wet-nursing,1
wether,3
wetheral,1
wetherall,2
wetherby,12
wetness,1
wets,5
wetsuit,2
wetted,1
wetter,1
wettest,2
wetting,7
wettings,1
wexton,1
wey,5
weybridge,10
weybridgeley,3
weymouth,15
wh,693
wha,382
whaa,4
whaaa,3
whaaaaaaa,1
whaaaay,1
whack,27
whacked,17
whacker,1
whacking,10
whackney,2
whacks,4
whacky,1
whadcoat,1
whale,26
whales,6
whaley,1
whalsay,2
wham,8
whammy,1
wharf,10
wharfe,2
wharton,1
wharves,5
what,75899
what-do-you-call-it,1
what-have-you,1
what-if,1
what-nots,1
whatcha,1
whatchamacallit,1
whate,5
whatev,1
whateve,1
whatever,2996
whatevers,1
whathisname,2
whatnot,30
whatnots,4
whatnotted,1
whats,6
whatsaname,1
whatseeing,1
whatsername,46
whatsernames,5
whatsisname,2
whatsit,52
whatsits,2
whatsname,5
whatsoever,178
whe,184
wheat,61
wheatley,22
wheaton,1
wheatsheaf,3
wheaty,2
whee,27
wheee,1
wheeee,1
wheel,194
wheel-less,1
wheelbarrow,26
wheelbarrows,4
wheelbase,1
wheelchair,53
wheelchairs,16
wheeled,14
wheeler,13
wheelie,11
wheelies,3
wheeling,4
wheels,145
wheely,2
wheely-bin,1
wheely-bins,1
wheeuuu,1
wheey,6
wheeze,3
wheezier,1
wheezing,7
wheezy,5
whelan,2
whelk,1
whelks,6
when,28910
whence,4
whenever,285
wher,4
where,15985
whereabo,1
whereabou,1
whereabout,6
whereabouts,116
whereas,663
whereby,148
whereever,1
wherefore,6
wherefores,3
wherein,2
whereof,2
whereon,1
whereupon,2
wherever,332
wherewithal,2
whet,3
wheth,7
whether,4281
whetted,1
whetting,2
whew,3
whey,23
wheyey,2
wheys,1
whi,38
which,22914
whichever,122
whicker,2
whiff,8
whigs,1
whil,3
while,2495
whilst,347
whim,4
whimby,1
whimper,1
whims,3
whimsical,1
whimsy,1
whin,33
whine,4
whined,1
whines,1
whinge,8
whingeing,16
whinger,1
whinges,1
whingies,1
whinging,2
whining,10
whiny,1
whip,73
whipp,1
whipped,21
whipper,2
whippet,4
whippets,2
whipping,7
whippy,2
whips,16
whirl,7
whirled,1
whirling,4
whirlpool,1
whirlpools,1
whirls,3
whirlwind,5
whirly,5
whirring,8
whisht,1
whisk,6
whiskas,1
whisked,2
whisker,2
whiskers,16
whiskery,1
whiskey,4
whiskies,7
whisking,2
whisky,161
whiskys,1
whispas,1
whisper,21
whispered,6
whispering,16
whispers,3
whist,7
whistle,73
whistled,6
whistler,1
whistles,14
whistling,26
whiston,3
whisty,1
whit,20
whitaker,2
whitbread,15
whitbreads,2
whitbry,1
whitby,20
whitchurch,19
white,1580
white-house,1
white-run,1
whitebait,1
whitechapel,10
whitecliffe,8
whitecross,2
whitehall,30
whitehead,3
whiteheads,1
whitehouse,15
whiteland,1
whitelaw,13
whitemoor,4
whitemore,1
whitening,2
whiter,8
whites,32
whitest,1
whitewall,1
whitewash,17
whitewashed,5
whitewashing,1
whitewood,1
whitey,5
whitfield,5
whither,3
whiting,1
whitish,3
whitley,7
whitlow,48
whitney,12
whitstable,1
whitsun,6
whitsuntide,2
whittaker,13
whittakers,1
whittingham,1
whittington,11
whittle,1
whittled,4
whittles,1
whitton,1
whitworths,1
whiz,18
whizz,13
whizz-kid,1
whizzed,3
whizzes,2
whizzing,12
whizzo,1
whizzy,4
whizzy-wig,4
who,18486
who-har,1
whoa,56
whoah,1
whoe,1
whoever,294
whole,3412
whole-batch,1
whole-heartedly,1
whole-time,2
wholeheartedly,12
wholemeal,9
wholeness,1
wholes,4
wholesale,21
wholesaler,5
wholesalers,11
wholesome,3
wholly,54
whom,271
whomever,2
whoo,32
whoof,3
whoomph,1
whooo,2
whoooo,3
whooooooo,2
whooosh,1
whoop,30
whooped,3
whoopee,5
whooper,3
whoopi,1
whoopie,8
whooping,8
whoops,132
whoops-a-daisy,3
whoopsadaisy,1
whoopsy-daisy,1
whoopy,1
whoopy-whoopy,1
whoosh,19
whoosha,1
whooshing,2
whoow,1
whop,1
whopped,1
whopper,3
whoppers,4
whopping,4
whore,18
whorehouse,4
whores,3
whoring,1
whose,442
whosoever,3
whotsits,1
whow,1
whup,1
why,11549
whys,4
wi,269
wibble,2
wibbly,2
wick,19
wicked,182
wickedly,2
wickedness,7
wicken,9
wicker,11
wickerwork,1
wickes,2
wicket,31
wicketkeeper,2
wickets,16
wickham,11
wickland,1
wicks,5
wicky,3
wid,1
widdell,2
widdesdale,1
widdicombe,3
widdings,1
widdle,1
widdleing,1
widdlesdale,1
widdrington,1
wide,553
wide-mouthed,1
wide-ranging,10
wide-scale,1
widely,83
widen,21
widened,14
wideness,4
widening,31
widens,2
wider,211
widespread,70
widest,11
widgeon,1
widget,5
widgets,7
widgie,3
widnes,6
widow,72
widowed,6
widower,10
widowers,3
widows,16
width,60
widths,5
wiedersehn,1
wield,3
wielding,2
wife,1110
wifey,3
wig,48
wigan,22
wigg,4
wiggens,1
wiggenshaw,1
wiggie,3
wiggins,1
wigginton,1
wiggle,14
wiggler,4
wiggling,3
wiggly,5
wiggy,2
wight,45
wigs,12
wigston,6
wigstone,3
wigwam,1
wil,6
wilbur,3
wilby,5
wilcox,2
wild,167
wildcard,2
wildcards,1
wilde,4
wilder,7
wilderness,26
wildest,8
wildfowl,3
wildlife,34
wildly,8
wilds,2
wilf,8
wilfred,4
wilful,5
wilfully,4
wilfulness,1
wilger,2
wilhelm,1
wilhelmina,1
wililiam,2
wiling,1
wilkes,2
wilkie,2
wilkins,7
wilkinson,5
wilkinsons,1
wilko,1
wilkos,1
wilks,3
wilky,2
will,51780
will-power,1
willard,9
willed,3
willenhall,18
willesden,3
willeth,1
willhelm,3
willi,1
william,210
williams,76
williamsburg,2
williamson,63
williamthorpe,1
willie,55
willies,10
willing,286
willinghall,1
willingly,17
willingness,36
willington,1
willis,8
willmore,28
willow,6
willows,5
willpower,7
wills,29
willy,117
willy-nilly,7
wilma,5
wilmotold,1
wilmslow,1
wilsden,1
wilso,1
wilson,161
wilsons,7
wiltering,1
wilton,2
wilts,1
wiltshire,66
wily,1
wimbledon,32
wimborne,10
wimbourne,2
wimp,11
wimpey,2
wimps,4
wimpy,8
win,822
winalot,2
wince,1
winced,1
winch,12
winchcombe,1
winched,3
winchelsea,2
winches,5
winchester,12
winchesters,1
winching,4
wincing,1
wincup,14
wincy,1
wind,534
wind-up,3
windbag,1
windblowers,3
windbound,2
winded,6
winder,7
windermere,3
winders,4
windersham,1
windfall,24
windfalls,27
windfill,1
windiest,1
winding,57
windlass,1
windless,1
windmill,14
windmills,19
windo,1
windolene,1
window,949
windowboxes,1
windowlene,1
windowpane,1
windows,540
windowsill,30
windowsills,2
windpipe,8
windproof,2
winds,70
windsc,1
windscreen,22
windscreens,2
windsfield,3
windsor,41
windsors,1
windsurfers,1
windsurfing,10
windthorpe,2
windward,6
windy,90
windy-pop,1
wine,405
wined,1
wines,20
winfrey,1
wing,132
wing-halves,2
wingate,1
wingates,2
winged,2
wingeing,1
winger,7
wingfield,1
winging,4
wings,92
wingspan,1
winifred,1
wining,1
wink,2
winked,1
winker,2
winking,2
winkle,3
winkle-bag,1
winkle-picker,1
winkle-pickers,1
winkles,9
winks,1
winky,1
winneck,2
winned,3
winner,113
winners,68
winnick,1
winnie,24
winning,156
winnings,16
winnowed,1
winny,2
wins,94
winscale,2
winsdale,1
winslow,3
winsom,1
winson,1
winsone,1
winstanley,1
winston,23
winsy,29
wintams,3
winter,414
winterbourne,1
winterlarken,1
winters,8
wintertime,15
winterton,1
wintertons,1
winthorpe,1
wintry,3
wipe,166
wiped,70
wiper,4
wipers,3
wipes,10
wiping,20
wippy,1
wir,1
wire,195
wired,33
wireless,23
wirelessed,1
wirenetting,2
wires,79
wiring,35
wirra,1
wirral,8
wirst,1
wiry,2
wis,3
wisbeach,1
wisbech,19
wisbey,2
wisconsin,1
wisden,1
wisdens,1
wisdom,70
wisdoms,1
wise,170
wisecrack,1
wisecracks,1
wisely,10
wiser,20
wisest,3
wish,1287
wishbone,1
wishbones,1
wishe,1
wished,115
wishers,1
wishes,174
wishful,14
wishing,59
wisht,6
wishy-washy,4
wisp,3
wispy,2
wistfully,1
wit,26
witch,23
witch-hunt,2
witchcraft,5
witches,11
witching,4
with,46023
withall,1
witham,15
withams,1
withamshaw,5
withdraw,86
withdrawal,43
withdrawals,2
withdrawing,8
withdrawn,83
withdraws,7
withdrew,11
withe,1
wither,8
withered,2
withering,2
withheld,3
withhold,4
withholding,4
withi,1
within,2670
witho,1
withou,2
without,2373
withstand,19
withstandeth,1
withstanding,4
withstands,3
withstood,1
witless,1
witness,139
witnessed,34
witnesses,88
witnessing,8
witney,86
wits,15
witted,1
wittered,1
wittering,5
wittingdale,1
wittingham,4
witton,17
wittons,1
witty,3
wiv,2
wivenhoe,1
wives,100
wiz,1
wizard,12
wizardry,2
wll,1
wo,6071
woa,3
woad,5
wob,1
wobb,1
wobba,1
wobbl,1
wobble,14
wobbled,4
wobbler,4
wobbles,5
wobbling,12
wobbly,42
woburn,2
wocking,1
wodge,2
wodgers,2
wodges,1
wodgy,1
woe,5
woeful,1
woefully,1
woffle,2
woffling,3
wog,1
wogan,23
wogginton,1
woggle,1
woggy,1
wogs,2
woh,26
wohhh,1
wohin,1
wok,4
woke,123
woked,1
woken,28
wokham,1
woking,49
wokingham,14
wold,4
wolds,4
wolf,29
wolfe,3
wolfed,2
wolferton,1
wolfeson,2
wolfhound,1
wolflike,1
wolly,3
wolsey,1
wolsley,1
wolv,1
wolvercloth,1
wolverhampton,49
wolverston,1
wolverton,1
wolves,56
wom,6
woman,1435
womanhood,3
womaniser,1
womanizer,3
womankind,1
womans,1
womb,19
wombats,1
womble,5
women,2412
womenfolk,1
womenist,1
womens,13
won,704
wond,4
wonder,1466
wondered,327
wonderful,689
wonderfully,17
wonderfulness,1
wondering,316
wonderland,5
wonderman,1
wonderments,1
wonders,39
wonderwoman,1
wondrous,2
wondrously,2
wondyfu,1
wondyful,2
wonem,1
wong,6
wonga,1
wongy,9
wonka,6
wonkey,1
wonky,7
wonna,1
wonned,2
wont,8
woo,107
wood,565
woodbinder,3
woodbine,1
woodbines,5
woodblock,1
woodbone,1
woodborough,1
woodboy,3
woodbridge,12
woodcape,4
woodchester,1
woodcock,1
woodcraft,3
woodcutting,1
woodcuttings,2
wooddidden,1
wooded,1
wooden,183
woodens,1
woodentops,1
woodfarm,1
woodford,1
woodhorse,1
woodhouse,6
woodin,2
woodland,9
woodlands,20
woodley,3
woodmanston,1
woodmen,1
woodnotes,2
woodpecker,3
woodpeckers,1
woodroffe,1
woodrow,48
woodruff,1
woods,111
woodsmoke,1
woodstock,17
woodstow,1
woodward,4
woodwork,32
woodworker,1
woodworkers,1
woodworking,1
woodworm,7
woodworms,1
woody,8
wooed,1
woof,91
woofer,1
woofers,3
woofs,3
woofter,1
woofy,1
woogh,1
woogs,1
wooh,3
wookie,3
wool,150
woolard,1
wooled,1
woolf,13
woolfe,2
woolies,4
woollaton,6
woollen,21
woollens,2
woollies,7
woolliness,1
woolly,23
woolsden,1
woolstaton,1
woolwich,14
woolwork,1
woolworth,19
woolworths,45
wooo,1
woooh,2
woops,6
woosh,3
woosnam,1
wooster,4
wooton,1
wootton,14
wooty,1
wop,4
wor,50
worcester,33
worcestershire,15
word,2231
word-for-word,1
word-processing,3
worded,20
wordier,1
wording,129
wordings,3
wordper,1
wordperf,1
wordperfect,50
wordprocess,2
wordprocessing,1
wordprocessor,6
words,2129
wordsmith,3
wordstar,1
wordsworth,4
wordwriter,1
wordy,1
wore,131
worgan,1
worgh,1
work,10555
work-force,2
work-load,1
work-place,2
work-related,3
work-station,1
work-wise,4
workable,15
workaholic,4
workaholics,1
workbook,5
workbooks,5
worked,1578
worker,181
workers,657
workf,1
workfare,13
workforce,119
workforces,4
workhouse,15
workhouses,2
worki,1
working,3500
workings,18
workington,1
workitus,1
workload,42
workloads,4
workman,23
workman-like,1
workmanlike,1
workmanship,12
workmate,1
workmates,9
workmen,27
workplace,95
workplaces,25
workroom,1
workrooms,1
works,1171
worksheet,14
worksheets,1
workshop,87
workshops,63
worksop,15
workstation,10
workstations,4
workstyle,1
worksurfaces,1
worktop,10
worktops,5
worl,1
world,2575
world-power,1
world-shattering,1
world-wide,10
worlders,2
worldly,4
worlds,25
worldwide,52
worley,15
worlingworth,1
worm,51
wormed,4
worming,2
worms,31
wormwood,1
worn,133
worpington,1
worre,1
worri,1
worried,581
worrier,3
worries,127
worry,1069
worrying,169
worryingly,1
wors,1
worse,785
worsel,1
worsen,4
worsened,5
worsening,5
worsens,2
worser,11
worship,128
worshipped,4
worshipper,2
worshipping,5
worships,65
worsley,11
worst,322
worstead,1
worth,1419
worth-while,1
wortham,1
worthily,1
worthiness,1
worthing,7
worthington,1
worthless,6
worthwhile,119
worthy,59
woss,1
wot-nots,1
wotcha,1
woth,1
wothurst,1
wotsit,1
wou,47
woul,10
would,46342
would-be,3
wouldn,1
wouldnae,2
wouldould,1
wouldst,1
woun,1
wound,98
wounded,38
wounding,3
wounds,17
wous,1
wove,3
woven,12
wovvy,1
wow,242
wowee,7
wowsers,1
wp,1
wr,16
wra,1
wrack,1
wracking,3
wraf,1
wraith,4
wrangle,2
wrangler,3
wrangles,1
wrangling,3
wranglings,2
wranklin,3
wrap,83
wrapped,99
wrapper,16
wrappers,7
wrapping,37
wrappings,3
wraps,6
wrath,8
wray,1
wraysbury,3
wre,1
wreak,5
wreaked,1
wreakin,1
wreaking,1
wreath,16
wreaths,4
wreck,36
wreckage,10
wrecked,31
wrecker,6
wrecking,10
wrecks,6
wren,4
wrench,4
wrenched,2
wrenching,1
wrens,3
wrenton,2
wrest,1
wresting,1
wrestle,17
wrestled,2
wrestler,8
wrestlers,5
wrestling,47
wretched,13
wretches,2
wrexham,32
wri,9
wriggle,12
wriggled,4
wriggles,4
wriggling,4
wriggly,2
wright,32
wrights,1
wrightsons,1
wrigley,3
wrin,2
wring,3
wringer,1
wringers,1
wringing,1
wrinkle,4
wrinkled,1
wrinkles,14
wrinklies,3
wrinkling,2
wrinkly,5
wrinklydom,2
wrist,49
wrists,10
wristwatch,2
writ,22
write,2144
write-off,5
write-offs,1
write-ups,2
writed,2
writer,90
writers,71
writes,90
writhing,2
writing,988
writings,21
writs,13
writte,1
written,1112
wro,12
wrock,1
wrong,2805
wrong-doing,1
wrong-foots,1
wrongdoers,2
wronged,3
wronging,1
wrongly,43
wrongs,10
wrote,631
wrought,18
wroxham,4
wroxons,1
wrung,1
wry,3
ws,8
wsh,1
wuargh,1
wuff,2
wuk,1
wuls,1
wunderbar,1
wurgh,18
wurley,1
wurli,1
wurlitzer,1
wuthering,6
wych,5
wyckham,1
wycombe,18
wycome,1
wye,3
wyle,3
wylies,2
wymott,9
wyn,3
wyndham,1
wynn,6
wynn-jones,2
wynne,3
wyon,2
wyre,19
wytham,1
wyvell,1
wyvern,1
x,1450
x-networking,1
x-ray,46
x-rayed,12
x-rays,22
x-seater,1
x-terminal,2
x-windows,4
xavier,4
xec,1
xerox,6
xga,1
xmas,2
xs,28
xtree,4
xx,1
xylophone,8
xylophones,1
y,1581
y-bol,2
y-er,1
y-front,1
y-fronts,1
ya,1506
yaa-ma,4
yaaa,1
yaaaaaa,1
yaba,1
yabbing,1
yacht,33
yachting,10
yachts,4
yachtsman,2
yachtsmen,4
yack,3
yadvashim,1
yah,26
yahabeebee,1
yahhh,3
yahoo,2
yahoos,1
yak,7
yak-chucker,1
yakking,4
yakky,4
yale,10
yalob,3
yam,1
yam-ma,22
yamaha,2
yamming,1
yams,3
yan,10
yanamami,1
yang,3
yangtze,1
yank,7
yanked,2
yankee,19
yankees,1
yankie,6
yanking,1
yanks,7
yanoush,2
yap,6
yapper,1
yapping,4
yappy,1
yaps,1
yar,3
yarbury,1
yard,315
yardage,4
yardie,1
yardley,3
yardmaster,2
yardmasters,1
yardmen,1
yards,206
yardstick,5
yargh,1
yarislavl,5
yarmouth,22
yarn,12
yarning,1
yarns,12
yarnton,7
yarty,1
yarway,1
yasensgat,1
yashi,1
yashmak,1
yassa,1
yasser,1
yasunsgat,2
yate,11
yately,1
yates,1
yatt,1
yattering,1
yatts,1
yaw,1
yawing,1
yawn,11
yawning,18
yawns,1
yay,6
yaya,2
ye,212
ye-es,1
yea,42
yeah,81859
yeal,2
yeap,9
year,8332
year-long,1
year-old,1
year-olds,1
year-on-year,1
yearling,1
yearlings,4
yearly,41
yearn,2
yearning,4
years,7306
yeast,14
yeates,1
yee,7
yeeeow,4
yeeeuk,1
yeeh,1
yeehaa,1
yeeuk,1
yeh,2
yell,10
yella,1
yelled,2
yelling,9
yellow,544
yellowish,4
yellows,8
yellowy,5
yellowy-green,1
yells,1
yelping,1
yeltsin,36
yemen,3
yen,2
yensetter,1
yeo,2
yeovil,8
yeow,2
yep,1210
yer,10
yeravan,4
yerdzook,1
yes,39851
yeses,2
yest,3
yester,5
yesterd,1
yesterday,1840
yesterdays,4
yesteryear,2
yet,3189
yeti,2
yeuk,10
yeuking,2
yeurgh,1
yew,4
yeyyyy,1
yiddish,4
yiel,1
yield,46
yielded,2
yielding,5
yields,26
yigor,1
yin,1
ying,5
yings,1
yippee,12
yippee-ai-ay,1
yish,1
yitsak,3
yitzhak,2
ylang-ylang,4
yo,1099
yo-yo,12
yob,2
yobbie,1
yobbo,2
yobbo-y,1
yobbos,7
yobs,3
yoga,3
yoghurt,59
yoghurts,16
yogurt,17
yoh,5
yoke,7
yoko,3
yolk,8
yolks,2
yom,1
yon,3
yona,8
yonder,3
yong,1
yongs,1
yonkers,1
yonks,10
yoo,4
yor,3
york,1590
yorkers,1
yorkie,3
yorks,4
yorksh,1
yorkshi,1
yorkshire,778
yorkshire-ified,1
yorkshireman,5
yorkshiremen,1
yorkshires,1
yorkstone,1
yorkwood,1
yorky,1
yornutta,1
yorrible,1
yorvik,1
you,269388
young,1907
young-uns,1
younger,456
youngest,90
youngish,6
youngs,2
youngster,26
youngsters,195
your,29667
yourn,1
yours,1009
yoursel,1
yourself,1890
yourselves,186
yoursen,8
yous,86
youse,2
yousen,1
youth,254
youth-hostelled,1
youthful,11
youths,28
yow,3
yowing,2
yoyo,1
yp,1
ypres,5
ys,7
yts,2
ytterbium,4
yu,9
yuan,1
yub,5
yucatan,5
yucca,1
yuck,22
yucky,20
yucon,1
yugo,3
yugoslav,2
yugoslavia,43
yugoslavian,2
yugoslavs,1
yuk,40
yukkified,1
yukky,3
yul,4
yule,4
yuletide,1
yum,105
yummiest,2
yummy,26
yun,3
yunny,1
yup,19
yuppie,3
yuppies,2
yuppy,1
yurgh,1
yuri,2
yurze,1
yusef,1
yushiskin,1
yushiskins,1
yves,2
yvette,4
yvon,2
yvonne,44
z,173
z-z-zip,1
zac,1
zacchaeus,1
zaccheus,2
zachramondo,1
zag,1
zagel,1
zain,13
zaire,5
zakhia,1
zambia,14
zambian,2
zan,2
zana,1
zane,1
zang,9
zantac,7
zanussi,3
zany,1
zap,2
zapped,1
zapper,3
zapping,2
zappy,1
zar,1
zara,4
zari,2
ze,2
zeal,3
zealand,59
zealander,1
zealanders,1
zealot,2
zealous,3
zealously,1
zebedee,2
zebra,25
zebrugge,1
zed,16
zee,2
zeebrugge,1
zeena,2
zeffirelli,1
zeider,1
zelda,6
zena,4
zeneca,4
zener,3
zenesa,3
zenith,1
zep,1
zepher,2
zephyr,2
zephyrs,1
zeppelin,16
zeppelins,1
zepper,1
zere,2
zero,354
zeroed,3
zeros,18
zeroxac,2
zest,6
zester,1
zestful,1
zeta,2
zeus,2
zeuss,2
zhowwee,1
zi,1
zia,1
zian,1
zich,1
zig,1
zig-zag,1
zig-zags,1
ziggy,4
zigzag,2
zil,1
zilch,6
zilla,1
zilliachas,1
zimbabwe,12
zimmer,5
zina,2
zinc,54
zing,6
zion,2
zionism,3
zip,62
zipped,3
zipping,2
zippo,7
zippos,1
zippy,5
zips,5
zir-el-haaq,1
zit,2
zita,1
zither,9
zo,1
zodiac,4
zodiacs,1
zoe,73
zoey,12
zog,3
zola,1
zom,1
zombie,17
zombie-like,1
zombieness,1
zombies,6
zon-o-phone,1
zone,64
zoned,1
zones,9
zong,4
zoning,1
zonk,2
zonkered,1
zonkers,1
zonophone,2
zoo,35
zoologists,1
zoology,2
zoom,34
zoomed,5
zooming,8
zooms,1
zoopy,1
zoos,1
zorin,3
zouch,1
zovirax,1
zow,1
zsa,2
zube,1
zuckerman,1
zule,1
zulu,5
zulu-based,1
zup,13
zurich,13
zwei,1
zy,1
zydeco,1
zygote,1
zygotes,1
zzz,2
zzzzooooo,1
